dataset,user_id,item_id,rating,timestamp,split,context_json,source
ml-latest-small,1,1,4.0,964982703,,,ml-latest-small/ratings.csv
ml-latest-small,1,3,4.0,964981247,,,ml-latest-small/ratings.csv
ml-latest-small,1,6,4.0,964982224,,,ml-latest-small/ratings.csv
ml-latest-small,1,47,5.0,964983815,,,ml-latest-small/ratings.csv
ml-latest-small,1,50,5.0,964982931,,,ml-latest-small/ratings.csv
ml-latest-small,1,70,3.0,964982400,,,ml-latest-small/ratings.csv
ml-latest-small,1,101,5.0,964980868,,,ml-latest-small/ratings.csv
ml-latest-small,1,110,4.0,964982176,,,ml-latest-small/ratings.csv
ml-latest-small,1,151,5.0,964984041,,,ml-latest-small/ratings.csv
ml-latest-small,1,157,5.0,964984100,,,ml-latest-small/ratings.csv
ml-latest-small,1,163,5.0,964983650,,,ml-latest-small/ratings.csv
ml-latest-small,1,216,5.0,964981208,,,ml-latest-small/ratings.csv
ml-latest-small,1,223,3.0,964980985,,,ml-latest-small/ratings.csv
ml-latest-small,1,231,5.0,964981179,,,ml-latest-small/ratings.csv
ml-latest-small,1,235,4.0,964980908,,,ml-latest-small/ratings.csv
ml-latest-small,1,260,5.0,964981680,,,ml-latest-small/ratings.csv
ml-latest-small,1,296,3.0,964982967,,,ml-latest-small/ratings.csv
ml-latest-small,1,316,3.0,964982310,,,ml-latest-small/ratings.csv
ml-latest-small,1,333,5.0,964981179,,,ml-latest-small/ratings.csv
ml-latest-small,1,349,4.0,964982563,,,ml-latest-small/ratings.csv
ml-latest-small,1,356,4.0,964980962,,,ml-latest-small/ratings.csv
ml-latest-small,1,362,5.0,964982588,,,ml-latest-small/ratings.csv
ml-latest-small,1,367,4.0,964981710,,,ml-latest-small/ratings.csv
ml-latest-small,1,423,3.0,964982363,,,ml-latest-small/ratings.csv
ml-latest-small,1,441,4.0,964980868,,,ml-latest-small/ratings.csv
ml-latest-small,1,457,5.0,964981909,,,ml-latest-small/ratings.csv
ml-latest-small,1,480,4.0,964982346,,,ml-latest-small/ratings.csv
ml-latest-small,1,500,3.0,964981208,,,ml-latest-small/ratings.csv
ml-latest-small,1,527,5.0,964984002,,,ml-latest-small/ratings.csv
ml-latest-small,1,543,4.0,964981179,,,ml-latest-small/ratings.csv
ml-latest-small,1,552,4.0,964982653,,,ml-latest-small/ratings.csv
ml-latest-small,1,553,5.0,964984153,,,ml-latest-small/ratings.csv
ml-latest-small,1,590,4.0,964982546,,,ml-latest-small/ratings.csv
ml-latest-small,1,592,4.0,964982271,,,ml-latest-small/ratings.csv
ml-latest-small,1,593,4.0,964983793,,,ml-latest-small/ratings.csv
ml-latest-small,1,596,5.0,964982838,,,ml-latest-small/ratings.csv
ml-latest-small,1,608,5.0,964982931,,,ml-latest-small/ratings.csv
ml-latest-small,1,648,3.0,964982563,,,ml-latest-small/ratings.csv
ml-latest-small,1,661,5.0,964982838,,,ml-latest-small/ratings.csv
ml-latest-small,1,673,3.0,964981775,,,ml-latest-small/ratings.csv
ml-latest-small,1,733,4.0,964982400,,,ml-latest-small/ratings.csv
ml-latest-small,1,736,3.0,964982653,,,ml-latest-small/ratings.csv
ml-latest-small,1,780,3.0,964984086,,,ml-latest-small/ratings.csv
ml-latest-small,1,804,4.0,964980499,,,ml-latest-small/ratings.csv
ml-latest-small,1,919,5.0,964982475,,,ml-latest-small/ratings.csv
ml-latest-small,1,923,5.0,964981529,,,ml-latest-small/ratings.csv
ml-latest-small,1,940,5.0,964982176,,,ml-latest-small/ratings.csv
ml-latest-small,1,943,4.0,964983614,,,ml-latest-small/ratings.csv
ml-latest-small,1,954,5.0,964983219,,,ml-latest-small/ratings.csv
ml-latest-small,1,1009,3.0,964981775,,,ml-latest-small/ratings.csv
ml-latest-small,1,1023,5.0,964982681,,,ml-latest-small/ratings.csv
ml-latest-small,1,1024,5.0,964982876,,,ml-latest-small/ratings.csv
ml-latest-small,1,1025,5.0,964982791,,,ml-latest-small/ratings.csv
ml-latest-small,1,1029,5.0,964982855,,,ml-latest-small/ratings.csv
ml-latest-small,1,1030,3.0,964982903,,,ml-latest-small/ratings.csv
ml-latest-small,1,1031,5.0,964982653,,,ml-latest-small/ratings.csv
ml-latest-small,1,1032,5.0,964982791,,,ml-latest-small/ratings.csv
ml-latest-small,1,1042,4.0,964981179,,,ml-latest-small/ratings.csv
ml-latest-small,1,1049,5.0,964982400,,,ml-latest-small/ratings.csv
ml-latest-small,1,1060,4.0,964980924,,,ml-latest-small/ratings.csv
ml-latest-small,1,1073,5.0,964981680,,,ml-latest-small/ratings.csv
ml-latest-small,1,1080,5.0,964981327,,,ml-latest-small/ratings.csv
ml-latest-small,1,1089,5.0,964982951,,,ml-latest-small/ratings.csv
ml-latest-small,1,1090,4.0,964984018,,,ml-latest-small/ratings.csv
ml-latest-small,1,1092,5.0,964983484,,,ml-latest-small/ratings.csv
ml-latest-small,1,1097,5.0,964981680,,,ml-latest-small/ratings.csv
ml-latest-small,1,1127,4.0,964982513,,,ml-latest-small/ratings.csv
ml-latest-small,1,1136,5.0,964981327,,,ml-latest-small/ratings.csv
ml-latest-small,1,1196,5.0,964981827,,,ml-latest-small/ratings.csv
ml-latest-small,1,1197,5.0,964981872,,,ml-latest-small/ratings.csv
ml-latest-small,1,1198,5.0,964981827,,,ml-latest-small/ratings.csv
ml-latest-small,1,1206,5.0,964983737,,,ml-latest-small/ratings.csv
ml-latest-small,1,1208,4.0,964983250,,,ml-latest-small/ratings.csv
ml-latest-small,1,1210,5.0,964980499,,,ml-latest-small/ratings.csv
ml-latest-small,1,1213,5.0,964982951,,,ml-latest-small/ratings.csv
ml-latest-small,1,1214,4.0,964981855,,,ml-latest-small/ratings.csv
ml-latest-small,1,1219,2.0,964983393,,,ml-latest-small/ratings.csv
ml-latest-small,1,1220,5.0,964981909,,,ml-latest-small/ratings.csv
ml-latest-small,1,1222,5.0,964981909,,,ml-latest-small/ratings.csv
ml-latest-small,1,1224,5.0,964984018,,,ml-latest-small/ratings.csv
ml-latest-small,1,1226,5.0,964983618,,,ml-latest-small/ratings.csv
ml-latest-small,1,1240,5.0,964983723,,,ml-latest-small/ratings.csv
ml-latest-small,1,1256,5.0,964981442,,,ml-latest-small/ratings.csv
ml-latest-small,1,1258,3.0,964983414,,,ml-latest-small/ratings.csv
ml-latest-small,1,1265,4.0,964983599,,,ml-latest-small/ratings.csv
ml-latest-small,1,1270,5.0,964983705,,,ml-latest-small/ratings.csv
ml-latest-small,1,1275,5.0,964982290,,,ml-latest-small/ratings.csv
ml-latest-small,1,1278,5.0,964983414,,,ml-latest-small/ratings.csv
ml-latest-small,1,1282,5.0,964982703,,,ml-latest-small/ratings.csv
ml-latest-small,1,1291,5.0,964981909,,,ml-latest-small/ratings.csv
ml-latest-small,1,1298,5.0,964984086,,,ml-latest-small/ratings.csv
ml-latest-small,1,1348,4.0,964983393,,,ml-latest-small/ratings.csv
ml-latest-small,1,1377,3.0,964982653,,,ml-latest-small/ratings.csv
ml-latest-small,1,1396,3.0,964983017,,,ml-latest-small/ratings.csv
ml-latest-small,1,1408,3.0,964982310,,,ml-latest-small/ratings.csv
ml-latest-small,1,1445,3.0,964984112,,,ml-latest-small/ratings.csv
ml-latest-small,1,1473,4.0,964980875,,,ml-latest-small/ratings.csv
ml-latest-small,1,1500,4.0,964980985,,,ml-latest-small/ratings.csv
ml-latest-small,1,1517,5.0,964981107,,,ml-latest-small/ratings.csv
ml-latest-small,1,1552,4.0,964982620,,,ml-latest-small/ratings.csv
ml-latest-small,1,1573,5.0,964982290,,,ml-latest-small/ratings.csv
ml-latest-small,1,1580,3.0,964981125,,,ml-latest-small/ratings.csv
ml-latest-small,1,1587,5.0,964982346,,,ml-latest-small/ratings.csv
ml-latest-small,1,1617,5.0,964982951,,,ml-latest-small/ratings.csv
ml-latest-small,1,1620,4.0,964983056,,,ml-latest-small/ratings.csv
ml-latest-small,1,1625,5.0,964983504,,,ml-latest-small/ratings.csv
ml-latest-small,1,1644,3.0,964983536,,,ml-latest-small/ratings.csv
ml-latest-small,1,1676,3.0,964982620,,,ml-latest-small/ratings.csv
ml-latest-small,1,1732,5.0,964981125,,,ml-latest-small/ratings.csv
ml-latest-small,1,1777,4.0,964981230,,,ml-latest-small/ratings.csv
ml-latest-small,1,1793,4.0,964981404,,,ml-latest-small/ratings.csv
ml-latest-small,1,1804,5.0,964983034,,,ml-latest-small/ratings.csv
ml-latest-small,1,1805,4.0,964983056,,,ml-latest-small/ratings.csv
ml-latest-small,1,1920,4.0,964981780,,,ml-latest-small/ratings.csv
ml-latest-small,1,1927,5.0,964981497,,,ml-latest-small/ratings.csv
ml-latest-small,1,1954,5.0,964982176,,,ml-latest-small/ratings.csv
ml-latest-small,1,1967,4.0,964981710,,,ml-latest-small/ratings.csv
ml-latest-small,1,2000,4.0,964982211,,,ml-latest-small/ratings.csv
ml-latest-small,1,2005,5.0,964981710,,,ml-latest-small/ratings.csv
ml-latest-small,1,2012,4.0,964984176,,,ml-latest-small/ratings.csv
ml-latest-small,1,2018,5.0,964980523,,,ml-latest-small/ratings.csv
ml-latest-small,1,2028,4.0,964981888,,,ml-latest-small/ratings.csv
ml-latest-small,1,2033,5.0,964982903,,,ml-latest-small/ratings.csv
ml-latest-small,1,2046,4.0,964982563,,,ml-latest-small/ratings.csv
ml-latest-small,1,2048,5.0,964982791,,,ml-latest-small/ratings.csv
ml-latest-small,1,2054,4.0,964981747,,,ml-latest-small/ratings.csv
ml-latest-small,1,2058,5.0,964982400,,,ml-latest-small/ratings.csv
ml-latest-small,1,2078,5.0,964982838,,,ml-latest-small/ratings.csv
ml-latest-small,1,2090,5.0,964982838,,,ml-latest-small/ratings.csv
ml-latest-small,1,2093,3.0,964981710,,,ml-latest-small/ratings.csv
ml-latest-small,1,2094,5.0,964982653,,,ml-latest-small/ratings.csv
ml-latest-small,1,2096,4.0,964982838,,,ml-latest-small/ratings.csv
ml-latest-small,1,2099,4.0,964982588,,,ml-latest-small/ratings.csv
ml-latest-small,1,2105,4.0,964981725,,,ml-latest-small/ratings.csv
ml-latest-small,1,2115,5.0,964982529,,,ml-latest-small/ratings.csv
ml-latest-small,1,2116,5.0,964982876,,,ml-latest-small/ratings.csv
ml-latest-small,1,2137,5.0,964982791,,,ml-latest-small/ratings.csv
ml-latest-small,1,2139,5.0,964982791,,,ml-latest-small/ratings.csv
ml-latest-small,1,2141,5.0,964982838,,,ml-latest-small/ratings.csv
ml-latest-small,1,2143,4.0,964981725,,,ml-latest-small/ratings.csv
ml-latest-small,1,2161,5.0,964981710,,,ml-latest-small/ratings.csv
ml-latest-small,1,2174,4.0,964981680,,,ml-latest-small/ratings.csv
ml-latest-small,1,2193,4.0,964981710,,,ml-latest-small/ratings.csv
ml-latest-small,1,2253,2.0,964981775,,,ml-latest-small/ratings.csv
ml-latest-small,1,2268,4.0,964982989,,,ml-latest-small/ratings.csv
ml-latest-small,1,2273,4.0,964982310,,,ml-latest-small/ratings.csv
ml-latest-small,1,2291,5.0,964983664,,,ml-latest-small/ratings.csv
ml-latest-small,1,2329,5.0,964983263,,,ml-latest-small/ratings.csv
ml-latest-small,1,2338,2.0,964983546,,,ml-latest-small/ratings.csv
ml-latest-small,1,2353,5.0,964983861,,,ml-latest-small/ratings.csv
ml-latest-small,1,2366,4.0,964982462,,,ml-latest-small/ratings.csv
ml-latest-small,1,2387,5.0,964983123,,,ml-latest-small/ratings.csv
ml-latest-small,1,2389,2.0,964983094,,,ml-latest-small/ratings.csv
ml-latest-small,1,2395,5.0,964981093,,,ml-latest-small/ratings.csv
ml-latest-small,1,2406,4.0,964982310,,,ml-latest-small/ratings.csv
ml-latest-small,1,2414,3.0,964982513,,,ml-latest-small/ratings.csv
ml-latest-small,1,2427,5.0,964982242,,,ml-latest-small/ratings.csv
ml-latest-small,1,2450,4.0,964982620,,,ml-latest-small/ratings.csv
ml-latest-small,1,2459,5.0,964983414,,,ml-latest-small/ratings.csv
ml-latest-small,1,2470,5.0,964982588,,,ml-latest-small/ratings.csv
ml-latest-small,1,2478,4.0,964984169,,,ml-latest-small/ratings.csv
ml-latest-small,1,2492,4.0,965719662,,,ml-latest-small/ratings.csv
ml-latest-small,1,2502,5.0,964981278,,,ml-latest-small/ratings.csv
ml-latest-small,1,2528,3.0,964982328,,,ml-latest-small/ratings.csv
ml-latest-small,1,2529,5.0,964982242,,,ml-latest-small/ratings.csv
ml-latest-small,1,2542,5.0,964981265,,,ml-latest-small/ratings.csv
ml-latest-small,1,2571,5.0,964981888,,,ml-latest-small/ratings.csv
ml-latest-small,1,2580,5.0,964983000,,,ml-latest-small/ratings.csv
ml-latest-small,1,2596,5.0,964981144,,,ml-latest-small/ratings.csv
ml-latest-small,1,2616,4.0,964983080,,,ml-latest-small/ratings.csv
ml-latest-small,1,2617,2.0,964982588,,,ml-latest-small/ratings.csv
ml-latest-small,1,2628,4.0,964980523,,,ml-latest-small/ratings.csv
ml-latest-small,1,2640,4.0,964982377,,,ml-latest-small/ratings.csv
ml-latest-small,1,2641,5.0,964982620,,,ml-latest-small/ratings.csv
ml-latest-small,1,2644,4.0,964983393,,,ml-latest-small/ratings.csv
ml-latest-small,1,2648,4.0,964983414,,,ml-latest-small/ratings.csv
ml-latest-small,1,2654,5.0,964983393,,,ml-latest-small/ratings.csv
ml-latest-small,1,2657,3.0,964983426,,,ml-latest-small/ratings.csv
ml-latest-small,1,2692,5.0,964981855,,,ml-latest-small/ratings.csv
ml-latest-small,1,2700,5.0,964980985,,,ml-latest-small/ratings.csv
ml-latest-small,1,2716,5.0,964983414,,,ml-latest-small/ratings.csv
ml-latest-small,1,2761,5.0,964982703,,,ml-latest-small/ratings.csv
ml-latest-small,1,2797,4.0,964981710,,,ml-latest-small/ratings.csv
ml-latest-small,1,2826,4.0,964980523,,,ml-latest-small/ratings.csv
ml-latest-small,1,2858,5.0,964980868,,,ml-latest-small/ratings.csv
ml-latest-small,1,2872,5.0,964981680,,,ml-latest-small/ratings.csv
ml-latest-small,1,2899,5.0,964982703,,,ml-latest-small/ratings.csv
ml-latest-small,1,2916,4.0,964982290,,,ml-latest-small/ratings.csv
ml-latest-small,1,2944,5.0,964981872,,,ml-latest-small/ratings.csv
ml-latest-small,1,2947,5.0,964982176,,,ml-latest-small/ratings.csv
ml-latest-small,1,2948,5.0,964982191,,,ml-latest-small/ratings.csv
ml-latest-small,1,2949,5.0,964981888,,,ml-latest-small/ratings.csv
ml-latest-small,1,2959,5.0,964983282,,,ml-latest-small/ratings.csv
ml-latest-small,1,2985,4.0,964983034,,,ml-latest-small/ratings.csv
ml-latest-small,1,2987,5.0,964982495,,,ml-latest-small/ratings.csv
ml-latest-small,1,2991,5.0,964982271,,,ml-latest-small/ratings.csv
ml-latest-small,1,2993,5.0,964982242,,,ml-latest-small/ratings.csv
ml-latest-small,1,2997,4.0,964980896,,,ml-latest-small/ratings.csv
ml-latest-small,1,3033,5.0,964983762,,,ml-latest-small/ratings.csv
ml-latest-small,1,3034,5.0,964982791,,,ml-latest-small/ratings.csv
ml-latest-small,1,3052,5.0,964981208,,,ml-latest-small/ratings.csv
ml-latest-small,1,3053,5.0,964984086,,,ml-latest-small/ratings.csv
ml-latest-small,1,3062,4.0,964981872,,,ml-latest-small/ratings.csv
ml-latest-small,1,3147,5.0,964983873,,,ml-latest-small/ratings.csv
ml-latest-small,1,3168,4.0,964982495,,,ml-latest-small/ratings.csv
ml-latest-small,1,3176,1.0,964983504,,,ml-latest-small/ratings.csv
ml-latest-small,1,3243,3.0,964981093,,,ml-latest-small/ratings.csv
ml-latest-small,1,3247,3.0,964983108,,,ml-latest-small/ratings.csv
ml-latest-small,1,3253,5.0,964981107,,,ml-latest-small/ratings.csv
ml-latest-small,1,3273,5.0,964983536,,,ml-latest-small/ratings.csv
ml-latest-small,1,3386,5.0,964983484,,,ml-latest-small/ratings.csv
ml-latest-small,1,3439,4.0,964981799,,,ml-latest-small/ratings.csv
ml-latest-small,1,3440,4.0,964981799,,,ml-latest-small/ratings.csv
ml-latest-small,1,3441,5.0,964982328,,,ml-latest-small/ratings.csv
ml-latest-small,1,3448,5.0,964984054,,,ml-latest-small/ratings.csv
ml-latest-small,1,3450,5.0,964981144,,,ml-latest-small/ratings.csv
ml-latest-small,1,3479,4.0,964981725,,,ml-latest-small/ratings.csv
ml-latest-small,1,3489,4.0,964981775,,,ml-latest-small/ratings.csv
ml-latest-small,1,3527,4.0,964982271,,,ml-latest-small/ratings.csv
ml-latest-small,1,3578,5.0,964980668,,,ml-latest-small/ratings.csv
ml-latest-small,1,3617,4.0,964980683,,,ml-latest-small/ratings.csv
ml-latest-small,1,3639,4.0,964982271,,,ml-latest-small/ratings.csv
ml-latest-small,1,3671,5.0,964981589,,,ml-latest-small/ratings.csv
ml-latest-small,1,3702,5.0,964983737,,,ml-latest-small/ratings.csv
ml-latest-small,1,3703,5.0,964981909,,,ml-latest-small/ratings.csv
ml-latest-small,1,3729,5.0,964982363,,,ml-latest-small/ratings.csv
ml-latest-small,1,3740,4.0,964982417,,,ml-latest-small/ratings.csv
ml-latest-small,1,3744,4.0,964980694,,,ml-latest-small/ratings.csv
ml-latest-small,1,3793,5.0,964981855,,,ml-latest-small/ratings.csv
ml-latest-small,1,3809,4.0,964981220,,,ml-latest-small/ratings.csv
ml-latest-small,1,4006,4.0,964982903,,,ml-latest-small/ratings.csv
ml-latest-small,1,5060,5.0,964984002,,,ml-latest-small/ratings.csv
ml-latest-small,2,318,3.0,1445714835,,,ml-latest-small/ratings.csv
ml-latest-small,2,333,4.0,1445715029,,,ml-latest-small/ratings.csv
ml-latest-small,2,1704,4.5,1445715228,,,ml-latest-small/ratings.csv
ml-latest-small,2,3578,4.0,1445714885,,,ml-latest-small/ratings.csv
ml-latest-small,2,6874,4.0,1445714952,,,ml-latest-small/ratings.csv
ml-latest-small,2,8798,3.5,1445714960,,,ml-latest-small/ratings.csv
ml-latest-small,2,46970,4.0,1445715013,,,ml-latest-small/ratings.csv
ml-latest-small,2,48516,4.0,1445715064,,,ml-latest-small/ratings.csv
ml-latest-small,2,58559,4.5,1445715141,,,ml-latest-small/ratings.csv
ml-latest-small,2,60756,5.0,1445714980,,,ml-latest-small/ratings.csv
ml-latest-small,2,68157,4.5,1445715154,,,ml-latest-small/ratings.csv
ml-latest-small,2,71535,3.0,1445714974,,,ml-latest-small/ratings.csv
ml-latest-small,2,74458,4.0,1445714926,,,ml-latest-small/ratings.csv
ml-latest-small,2,77455,3.0,1445714941,,,ml-latest-small/ratings.csv
ml-latest-small,2,79132,4.0,1445714841,,,ml-latest-small/ratings.csv
ml-latest-small,2,80489,4.5,1445715340,,,ml-latest-small/ratings.csv
ml-latest-small,2,80906,5.0,1445715172,,,ml-latest-small/ratings.csv
ml-latest-small,2,86345,4.0,1445715166,,,ml-latest-small/ratings.csv
ml-latest-small,2,89774,5.0,1445715189,,,ml-latest-small/ratings.csv
ml-latest-small,2,91529,3.5,1445714891,,,ml-latest-small/ratings.csv
ml-latest-small,2,91658,2.5,1445714938,,,ml-latest-small/ratings.csv
ml-latest-small,2,99114,3.5,1445714874,,,ml-latest-small/ratings.csv
ml-latest-small,2,106782,5.0,1445714966,,,ml-latest-small/ratings.csv
ml-latest-small,2,109487,3.0,1445715145,,,ml-latest-small/ratings.csv
ml-latest-small,2,112552,4.0,1445714882,,,ml-latest-small/ratings.csv
ml-latest-small,2,114060,2.0,1445715276,,,ml-latest-small/ratings.csv
ml-latest-small,2,115713,3.5,1445714854,,,ml-latest-small/ratings.csv
ml-latest-small,2,122882,5.0,1445715272,,,ml-latest-small/ratings.csv
ml-latest-small,2,131724,5.0,1445714851,,,ml-latest-small/ratings.csv
ml-latest-small,3,31,0.5,1306463578,,,ml-latest-small/ratings.csv
ml-latest-small,3,527,0.5,1306464275,,,ml-latest-small/ratings.csv
ml-latest-small,3,647,0.5,1306463619,,,ml-latest-small/ratings.csv
ml-latest-small,3,688,0.5,1306464228,,,ml-latest-small/ratings.csv
ml-latest-small,3,720,0.5,1306463595,,,ml-latest-small/ratings.csv
ml-latest-small,3,849,5.0,1306463611,,,ml-latest-small/ratings.csv
ml-latest-small,3,914,0.5,1306463567,,,ml-latest-small/ratings.csv
ml-latest-small,3,1093,0.5,1306463627,,,ml-latest-small/ratings.csv
ml-latest-small,3,1124,0.5,1306464216,,,ml-latest-small/ratings.csv
ml-latest-small,3,1263,0.5,1306463569,,,ml-latest-small/ratings.csv
ml-latest-small,3,1272,0.5,1306463624,,,ml-latest-small/ratings.csv
ml-latest-small,3,1275,3.5,1306463323,,,ml-latest-small/ratings.csv
ml-latest-small,3,1302,0.5,1306464189,,,ml-latest-small/ratings.csv
ml-latest-small,3,1371,3.0,1306463561,,,ml-latest-small/ratings.csv
ml-latest-small,3,1587,4.5,1306464003,,,ml-latest-small/ratings.csv
ml-latest-small,3,2018,0.5,1306464175,,,ml-latest-small/ratings.csv
ml-latest-small,3,2080,0.5,1306463572,,,ml-latest-small/ratings.csv
ml-latest-small,3,2090,0.5,1306464261,,,ml-latest-small/ratings.csv
ml-latest-small,3,2105,2.0,1306463559,,,ml-latest-small/ratings.csv
ml-latest-small,3,2288,4.0,1306463631,,,ml-latest-small/ratings.csv
ml-latest-small,3,2424,0.5,1306464293,,,ml-latest-small/ratings.csv
ml-latest-small,3,2851,5.0,1306463925,,,ml-latest-small/ratings.csv
ml-latest-small,3,3024,4.5,1306464054,,,ml-latest-small/ratings.csv
ml-latest-small,3,3210,0.5,1306463638,,,ml-latest-small/ratings.csv
ml-latest-small,3,3703,5.0,1306463603,,,ml-latest-small/ratings.csv
ml-latest-small,3,3949,0.5,1306464245,,,ml-latest-small/ratings.csv
ml-latest-small,3,4518,5.0,1306463770,,,ml-latest-small/ratings.csv
ml-latest-small,3,5048,0.5,1306464284,,,ml-latest-small/ratings.csv
ml-latest-small,3,5181,5.0,1306463718,,,ml-latest-small/ratings.csv
ml-latest-small,3,5746,5.0,1306463708,,,ml-latest-small/ratings.csv
ml-latest-small,3,5764,4.5,1306464021,,,ml-latest-small/ratings.csv
ml-latest-small,3,5919,5.0,1306463825,,,ml-latest-small/ratings.csv
ml-latest-small,3,6238,0.5,1306464204,,,ml-latest-small/ratings.csv
ml-latest-small,3,6835,5.0,1306463670,,,ml-latest-small/ratings.csv
ml-latest-small,3,7899,4.5,1306464036,,,ml-latest-small/ratings.csv
ml-latest-small,3,7991,5.0,1306463684,,,ml-latest-small/ratings.csv
ml-latest-small,3,26409,4.5,1306463993,,,ml-latest-small/ratings.csv
ml-latest-small,3,70946,5.0,1306463815,,,ml-latest-small/ratings.csv
ml-latest-small,3,72378,0.5,1306464164,,,ml-latest-small/ratings.csv
ml-latest-small,4,21,3.0,986935199,,,ml-latest-small/ratings.csv
ml-latest-small,4,32,2.0,945173447,,,ml-latest-small/ratings.csv
ml-latest-small,4,45,3.0,986935047,,,ml-latest-small/ratings.csv
ml-latest-small,4,47,2.0,945173425,,,ml-latest-small/ratings.csv
ml-latest-small,4,52,3.0,964622786,,,ml-latest-small/ratings.csv
ml-latest-small,4,58,3.0,964538444,,,ml-latest-small/ratings.csv
ml-latest-small,4,106,4.0,986848784,,,ml-latest-small/ratings.csv
ml-latest-small,4,125,5.0,964622758,,,ml-latest-small/ratings.csv
ml-latest-small,4,126,1.0,986848920,,,ml-latest-small/ratings.csv
ml-latest-small,4,162,5.0,945078571,,,ml-latest-small/ratings.csv
ml-latest-small,4,171,3.0,945078428,,,ml-latest-small/ratings.csv
ml-latest-small,4,176,5.0,964622565,,,ml-latest-small/ratings.csv
ml-latest-small,4,190,2.0,945079259,,,ml-latest-small/ratings.csv
ml-latest-small,4,215,5.0,945079078,,,ml-latest-small/ratings.csv
ml-latest-small,4,222,1.0,945629040,,,ml-latest-small/ratings.csv
ml-latest-small,4,232,5.0,964622684,,,ml-latest-small/ratings.csv
ml-latest-small,4,235,2.0,945173513,,,ml-latest-small/ratings.csv
ml-latest-small,4,247,3.0,986848894,,,ml-latest-small/ratings.csv
ml-latest-small,4,260,5.0,945079259,,,ml-latest-small/ratings.csv
ml-latest-small,4,265,5.0,964538468,,,ml-latest-small/ratings.csv
ml-latest-small,4,296,1.0,945173350,,,ml-latest-small/ratings.csv
ml-latest-small,4,319,5.0,945079182,,,ml-latest-small/ratings.csv
ml-latest-small,4,342,5.0,964538500,,,ml-latest-small/ratings.csv
ml-latest-small,4,345,4.0,945629063,,,ml-latest-small/ratings.csv
ml-latest-small,4,348,4.0,964622786,,,ml-latest-small/ratings.csv
ml-latest-small,4,351,3.0,986934901,,,ml-latest-small/ratings.csv
ml-latest-small,4,357,3.0,964623306,,,ml-latest-small/ratings.csv
ml-latest-small,4,368,4.0,945078690,,,ml-latest-small/ratings.csv
ml-latest-small,4,417,2.0,945078467,,,ml-latest-small/ratings.csv
ml-latest-small,4,441,1.0,986934915,,,ml-latest-small/ratings.csv
ml-latest-small,4,450,2.0,986848828,,,ml-latest-small/ratings.csv
ml-latest-small,4,457,5.0,945079259,,,ml-latest-small/ratings.csv
ml-latest-small,4,475,5.0,945174290,,,ml-latest-small/ratings.csv
ml-latest-small,4,492,5.0,945079872,,,ml-latest-small/ratings.csv
ml-latest-small,4,509,1.0,945079106,,,ml-latest-small/ratings.csv
ml-latest-small,4,538,5.0,945078636,,,ml-latest-small/ratings.csv
ml-latest-small,4,539,1.0,964538832,,,ml-latest-small/ratings.csv
ml-latest-small,4,553,2.0,945079301,,,ml-latest-small/ratings.csv
ml-latest-small,4,588,4.0,945079670,,,ml-latest-small/ratings.csv
ml-latest-small,4,593,5.0,964539986,,,ml-latest-small/ratings.csv
ml-latest-small,4,595,3.0,986848609,,,ml-latest-small/ratings.csv
ml-latest-small,4,599,2.0,945078587,,,ml-latest-small/ratings.csv
ml-latest-small,4,608,5.0,964540008,,,ml-latest-small/ratings.csv
ml-latest-small,4,648,3.0,945079906,,,ml-latest-small/ratings.csv
ml-latest-small,4,708,4.0,986935230,,,ml-latest-small/ratings.csv
ml-latest-small,4,759,3.0,945078601,,,ml-latest-small/ratings.csv
ml-latest-small,4,800,4.0,945079106,,,ml-latest-small/ratings.csv
ml-latest-small,4,892,4.0,964622714,,,ml-latest-small/ratings.csv
ml-latest-small,4,898,5.0,964623347,,,ml-latest-small/ratings.csv
ml-latest-small,4,899,4.0,945079653,,,ml-latest-small/ratings.csv
ml-latest-small,4,902,4.0,945078446,,,ml-latest-small/ratings.csv
ml-latest-small,4,904,4.0,945079837,,,ml-latest-small/ratings.csv
ml-latest-small,4,908,5.0,945173902,,,ml-latest-small/ratings.csv
ml-latest-small,4,910,5.0,945173989,,,ml-latest-small/ratings.csv
ml-latest-small,4,912,5.0,945173902,,,ml-latest-small/ratings.csv
ml-latest-small,4,914,5.0,945079670,,,ml-latest-small/ratings.csv
ml-latest-small,4,919,5.0,945079521,,,ml-latest-small/ratings.csv
ml-latest-small,4,920,5.0,945173602,,,ml-latest-small/ratings.csv
ml-latest-small,4,930,5.0,964538571,,,ml-latest-small/ratings.csv
ml-latest-small,4,937,3.0,986849085,,,ml-latest-small/ratings.csv
ml-latest-small,4,1025,4.0,945079232,,,ml-latest-small/ratings.csv
ml-latest-small,4,1046,5.0,945173654,,,ml-latest-small/ratings.csv
ml-latest-small,4,1057,3.0,964540578,,,ml-latest-small/ratings.csv
ml-latest-small,4,1060,2.0,986934819,,,ml-latest-small/ratings.csv
ml-latest-small,4,1073,4.0,945079483,,,ml-latest-small/ratings.csv
ml-latest-small,4,1077,5.0,945173692,,,ml-latest-small/ratings.csv
ml-latest-small,4,1079,2.0,945078946,,,ml-latest-small/ratings.csv
ml-latest-small,4,1080,5.0,986934696,,,ml-latest-small/ratings.csv
ml-latest-small,4,1084,5.0,945079259,,,ml-latest-small/ratings.csv
ml-latest-small,4,1086,5.0,964539723,,,ml-latest-small/ratings.csv
ml-latest-small,4,1094,3.0,964538500,,,ml-latest-small/ratings.csv
ml-latest-small,4,1103,5.0,964539723,,,ml-latest-small/ratings.csv
ml-latest-small,4,1136,5.0,986934625,,,ml-latest-small/ratings.csv
ml-latest-small,4,1179,4.0,964539180,,,ml-latest-small/ratings.csv
ml-latest-small,4,1183,1.0,964778513,,,ml-latest-small/ratings.csv
ml-latest-small,4,1188,5.0,964538500,,,ml-latest-small/ratings.csv
ml-latest-small,4,1196,5.0,964538763,,,ml-latest-small/ratings.csv
ml-latest-small,4,1197,5.0,964538763,,,ml-latest-small/ratings.csv
ml-latest-small,4,1198,3.0,964538728,,,ml-latest-small/ratings.csv
ml-latest-small,4,1199,2.0,945078967,,,ml-latest-small/ratings.csv
ml-latest-small,4,1203,5.0,945174025,,,ml-latest-small/ratings.csv
ml-latest-small,4,1211,1.0,964539205,,,ml-latest-small/ratings.csv
ml-latest-small,4,1213,4.0,945079729,,,ml-latest-small/ratings.csv
ml-latest-small,4,1219,4.0,964539961,,,ml-latest-small/ratings.csv
ml-latest-small,4,1225,4.0,964539326,,,ml-latest-small/ratings.csv
ml-latest-small,4,1250,5.0,945174008,,,ml-latest-small/ratings.csv
ml-latest-small,4,1259,4.0,964538728,,,ml-latest-small/ratings.csv
ml-latest-small,4,1265,4.0,964622684,,,ml-latest-small/ratings.csv
ml-latest-small,4,1266,4.0,986849037,,,ml-latest-small/ratings.csv
ml-latest-small,4,1279,2.0,986934832,,,ml-latest-small/ratings.csv
ml-latest-small,4,1282,5.0,945079653,,,ml-latest-small/ratings.csv
ml-latest-small,4,1283,5.0,945078690,,,ml-latest-small/ratings.csv
ml-latest-small,4,1288,4.0,945079653,,,ml-latest-small/ratings.csv
ml-latest-small,4,1291,4.0,964538763,,,ml-latest-small/ratings.csv
ml-latest-small,4,1304,3.0,945078467,,,ml-latest-small/ratings.csv
ml-latest-small,4,1391,1.0,945173766,,,ml-latest-small/ratings.csv
ml-latest-small,4,1449,5.0,945079767,,,ml-latest-small/ratings.csv
ml-latest-small,4,1466,4.0,945173492,,,ml-latest-small/ratings.csv
ml-latest-small,4,1500,4.0,964622830,,,ml-latest-small/ratings.csv
ml-latest-small,4,1517,4.0,945079790,,,ml-latest-small/ratings.csv
ml-latest-small,4,1580,3.0,986935244,,,ml-latest-small/ratings.csv
ml-latest-small,4,1597,1.0,945079906,,,ml-latest-small/ratings.csv
ml-latest-small,4,1617,2.0,945079837,,,ml-latest-small/ratings.csv
ml-latest-small,4,1641,4.0,964622758,,,ml-latest-small/ratings.csv
ml-latest-small,4,1704,1.0,945629015,,,ml-latest-small/ratings.csv
ml-latest-small,4,1719,4.0,945079956,,,ml-latest-small/ratings.csv
ml-latest-small,4,1732,4.0,945079889,,,ml-latest-small/ratings.csv
ml-latest-small,4,1733,5.0,945079143,,,ml-latest-small/ratings.csv
ml-latest-small,4,1734,3.0,964539357,,,ml-latest-small/ratings.csv
ml-latest-small,4,1834,5.0,945174134,,,ml-latest-small/ratings.csv
ml-latest-small,4,1860,2.0,986849001,,,ml-latest-small/ratings.csv
ml-latest-small,4,1883,4.0,964622642,,,ml-latest-small/ratings.csv
ml-latest-small,4,1885,3.0,964622617,,,ml-latest-small/ratings.csv
ml-latest-small,4,1892,2.0,964539431,,,ml-latest-small/ratings.csv
ml-latest-small,4,1895,4.0,945629179,,,ml-latest-small/ratings.csv
ml-latest-small,4,1907,3.0,964540505,,,ml-latest-small/ratings.csv
ml-latest-small,4,1914,4.0,964622714,,,ml-latest-small/ratings.csv
ml-latest-small,4,1916,1.0,986934786,,,ml-latest-small/ratings.csv
ml-latest-small,4,1923,3.0,986934870,,,ml-latest-small/ratings.csv
ml-latest-small,4,1947,5.0,945079653,,,ml-latest-small/ratings.csv
ml-latest-small,4,1966,2.0,964622684,,,ml-latest-small/ratings.csv
ml-latest-small,4,1967,5.0,945078967,,,ml-latest-small/ratings.csv
ml-latest-small,4,1968,4.0,986934786,,,ml-latest-small/ratings.csv
ml-latest-small,4,2019,2.0,945078690,,,ml-latest-small/ratings.csv
ml-latest-small,4,2076,4.0,945079052,,,ml-latest-small/ratings.csv
ml-latest-small,4,2078,5.0,945079521,,,ml-latest-small/ratings.csv
ml-latest-small,4,2109,4.0,986935016,,,ml-latest-small/ratings.csv
ml-latest-small,4,2145,3.0,986935328,,,ml-latest-small/ratings.csv
ml-latest-small,4,2150,5.0,986934738,,,ml-latest-small/ratings.csv
ml-latest-small,4,2174,5.0,964539855,,,ml-latest-small/ratings.csv
ml-latest-small,4,2186,5.0,945174008,,,ml-latest-small/ratings.csv
ml-latest-small,4,2203,4.0,945079729,,,ml-latest-small/ratings.csv
ml-latest-small,4,2204,5.0,964540008,,,ml-latest-small/ratings.csv
ml-latest-small,4,2282,1.0,945629238,,,ml-latest-small/ratings.csv
ml-latest-small,4,2324,1.0,964622590,,,ml-latest-small/ratings.csv
ml-latest-small,4,2336,2.0,964538964,,,ml-latest-small/ratings.csv
ml-latest-small,4,2351,4.0,945078467,,,ml-latest-small/ratings.csv
ml-latest-small,4,2359,4.0,964622590,,,ml-latest-small/ratings.csv
ml-latest-small,4,2390,5.0,945079164,,,ml-latest-small/ratings.csv
ml-latest-small,4,2395,3.0,964623306,,,ml-latest-small/ratings.csv
ml-latest-small,4,2406,4.0,986935302,,,ml-latest-small/ratings.csv
ml-latest-small,4,2467,4.0,945079858,,,ml-latest-small/ratings.csv
ml-latest-small,4,2571,1.0,945173385,,,ml-latest-small/ratings.csv
ml-latest-small,4,2583,5.0,945078863,,,ml-latest-small/ratings.csv
ml-latest-small,4,2599,5.0,964622684,,,ml-latest-small/ratings.csv
ml-latest-small,4,2628,1.0,986848894,,,ml-latest-small/ratings.csv
ml-latest-small,4,2683,4.0,945079790,,,ml-latest-small/ratings.csv
ml-latest-small,4,2692,5.0,945079013,,,ml-latest-small/ratings.csv
ml-latest-small,4,2712,2.0,945078542,,,ml-latest-small/ratings.csv
ml-latest-small,4,2762,4.0,964539986,,,ml-latest-small/ratings.csv
ml-latest-small,4,2763,1.0,964778621,,,ml-latest-small/ratings.csv
ml-latest-small,4,2770,2.0,945173553,,,ml-latest-small/ratings.csv
ml-latest-small,4,2791,5.0,964539628,,,ml-latest-small/ratings.csv
ml-latest-small,4,2843,5.0,945078814,,,ml-latest-small/ratings.csv
ml-latest-small,4,2858,5.0,964539140,,,ml-latest-small/ratings.csv
ml-latest-small,4,2874,4.0,986935016,,,ml-latest-small/ratings.csv
ml-latest-small,4,2921,4.0,945078708,,,ml-latest-small/ratings.csv
ml-latest-small,4,2926,5.0,986934870,,,ml-latest-small/ratings.csv
ml-latest-small,4,2959,2.0,945078528,,,ml-latest-small/ratings.csv
ml-latest-small,4,2973,2.0,945078946,,,ml-latest-small/ratings.csv
ml-latest-small,4,2997,4.0,986848610,,,ml-latest-small/ratings.csv
ml-latest-small,4,3033,4.0,986936200,,,ml-latest-small/ratings.csv
ml-latest-small,4,3044,5.0,945079920,,,ml-latest-small/ratings.csv
ml-latest-small,4,3060,4.0,986934884,,,ml-latest-small/ratings.csv
ml-latest-small,4,3079,3.0,964778197,,,ml-latest-small/ratings.csv
ml-latest-small,4,3083,5.0,964622487,,,ml-latest-small/ratings.csv
ml-latest-small,4,3160,4.0,964539121,,,ml-latest-small/ratings.csv
ml-latest-small,4,3175,1.0,964538930,,,ml-latest-small/ratings.csv
ml-latest-small,4,3176,4.0,964539771,,,ml-latest-small/ratings.csv
ml-latest-small,4,3204,4.0,964539828,,,ml-latest-small/ratings.csv
ml-latest-small,4,3255,4.0,964623306,,,ml-latest-small/ratings.csv
ml-latest-small,4,3317,4.0,986934498,,,ml-latest-small/ratings.csv
ml-latest-small,4,3358,3.0,964622758,,,ml-latest-small/ratings.csv
ml-latest-small,4,3365,5.0,964538329,,,ml-latest-small/ratings.csv
ml-latest-small,4,3386,4.0,964539395,,,ml-latest-small/ratings.csv
ml-latest-small,4,3408,4.0,986849238,,,ml-latest-small/ratings.csv
ml-latest-small,4,3481,2.0,964538243,,,ml-latest-small/ratings.csv
ml-latest-small,4,3489,1.0,986848908,,,ml-latest-small/ratings.csv
ml-latest-small,4,3508,5.0,964538351,,,ml-latest-small/ratings.csv
ml-latest-small,4,3538,2.0,986849212,,,ml-latest-small/ratings.csv
ml-latest-small,4,3591,1.0,986935199,,,ml-latest-small/ratings.csv
ml-latest-small,4,3788,3.0,964539085,,,ml-latest-small/ratings.csv
ml-latest-small,4,3809,3.0,986936207,,,ml-latest-small/ratings.csv
ml-latest-small,4,3851,5.0,986849180,,,ml-latest-small/ratings.csv
ml-latest-small,4,3897,4.0,986934465,,,ml-latest-small/ratings.csv
ml-latest-small,4,3911,3.0,986849149,,,ml-latest-small/ratings.csv
ml-latest-small,4,3967,4.0,986849164,,,ml-latest-small/ratings.csv
ml-latest-small,4,3996,4.0,986849130,,,ml-latest-small/ratings.csv
ml-latest-small,4,4002,3.0,986934819,,,ml-latest-small/ratings.csv
ml-latest-small,4,4014,1.0,986849254,,,ml-latest-small/ratings.csv
ml-latest-small,4,4020,3.0,986848856,,,ml-latest-small/ratings.csv
ml-latest-small,4,4021,4.0,986849180,,,ml-latest-small/ratings.csv
ml-latest-small,4,4027,3.0,986849201,,,ml-latest-small/ratings.csv
ml-latest-small,4,4029,3.0,986849226,,,ml-latest-small/ratings.csv
ml-latest-small,4,4033,4.0,986849149,,,ml-latest-small/ratings.csv
ml-latest-small,4,4034,5.0,986848753,,,ml-latest-small/ratings.csv
ml-latest-small,4,4074,3.0,986848665,,,ml-latest-small/ratings.csv
ml-latest-small,4,4121,4.0,986934901,,,ml-latest-small/ratings.csv
ml-latest-small,4,4144,3.0,986848685,,,ml-latest-small/ratings.csv
ml-latest-small,4,4166,3.0,986848700,,,ml-latest-small/ratings.csv
ml-latest-small,4,4226,2.0,1007569424,,,ml-latest-small/ratings.csv
ml-latest-small,4,4239,5.0,986848685,,,ml-latest-small/ratings.csv
ml-latest-small,4,4246,4.0,1007574542,,,ml-latest-small/ratings.csv
ml-latest-small,4,4252,3.0,1007569465,,,ml-latest-small/ratings.csv
ml-latest-small,4,4260,2.0,1007569424,,,ml-latest-small/ratings.csv
ml-latest-small,4,4273,4.0,1007574470,,,ml-latest-small/ratings.csv
ml-latest-small,4,4308,1.0,1007569465,,,ml-latest-small/ratings.csv
ml-latest-small,4,4347,4.0,1007569586,,,ml-latest-small/ratings.csv
ml-latest-small,4,4381,3.0,1007574509,,,ml-latest-small/ratings.csv
ml-latest-small,4,4641,1.0,1007569586,,,ml-latest-small/ratings.csv
ml-latest-small,4,4741,3.0,1007574532,,,ml-latest-small/ratings.csv
ml-latest-small,4,4765,5.0,1007569445,,,ml-latest-small/ratings.csv
ml-latest-small,4,4881,3.0,1007569445,,,ml-latest-small/ratings.csv
ml-latest-small,4,4896,4.0,1007574532,,,ml-latest-small/ratings.csv
ml-latest-small,4,4902,4.0,1007569465,,,ml-latest-small/ratings.csv
ml-latest-small,4,4967,5.0,1007569424,,,ml-latest-small/ratings.csv
ml-latest-small,5,1,4.0,847434962,,,ml-latest-small/ratings.csv
ml-latest-small,5,21,4.0,847435238,,,ml-latest-small/ratings.csv
ml-latest-small,5,34,4.0,847434881,,,ml-latest-small/ratings.csv
ml-latest-small,5,36,4.0,847435292,,,ml-latest-small/ratings.csv
ml-latest-small,5,39,3.0,847434961,,,ml-latest-small/ratings.csv
ml-latest-small,5,50,4.0,847434881,,,ml-latest-small/ratings.csv
ml-latest-small,5,58,5.0,847435238,,,ml-latest-small/ratings.csv
ml-latest-small,5,110,4.0,847434880,,,ml-latest-small/ratings.csv
ml-latest-small,5,150,3.0,847434748,,,ml-latest-small/ratings.csv
ml-latest-small,5,153,3.0,847434802,,,ml-latest-small/ratings.csv
ml-latest-small,5,232,4.0,847435292,,,ml-latest-small/ratings.csv
ml-latest-small,5,247,5.0,847435337,,,ml-latest-small/ratings.csv
ml-latest-small,5,253,3.0,847435292,,,ml-latest-small/ratings.csv
ml-latest-small,5,261,4.0,847435238,,,ml-latest-small/ratings.csv
ml-latest-small,5,265,3.0,847435129,,,ml-latest-small/ratings.csv
ml-latest-small,5,266,1.0,847435311,,,ml-latest-small/ratings.csv
ml-latest-small,5,290,5.0,847435311,,,ml-latest-small/ratings.csv
ml-latest-small,5,296,5.0,847434748,,,ml-latest-small/ratings.csv
ml-latest-small,5,300,3.0,847435337,,,ml-latest-small/ratings.csv
ml-latest-small,5,316,2.0,847434832,,,ml-latest-small/ratings.csv
ml-latest-small,5,318,3.0,847434880,,,ml-latest-small/ratings.csv
ml-latest-small,5,344,3.0,847434802,,,ml-latest-small/ratings.csv
ml-latest-small,5,349,3.0,847434832,,,ml-latest-small/ratings.csv
ml-latest-small,5,357,2.0,847435238,,,ml-latest-small/ratings.csv
ml-latest-small,5,364,3.0,847434882,,,ml-latest-small/ratings.csv
ml-latest-small,5,367,4.0,847435129,,,ml-latest-small/ratings.csv
ml-latest-small,5,380,2.0,847434748,,,ml-latest-small/ratings.csv
ml-latest-small,5,410,3.0,847435292,,,ml-latest-small/ratings.csv
ml-latest-small,5,457,4.0,847434801,,,ml-latest-small/ratings.csv
ml-latest-small,5,474,4.0,847435337,,,ml-latest-small/ratings.csv
ml-latest-small,5,475,5.0,847435311,,,ml-latest-small/ratings.csv
ml-latest-small,5,515,3.0,847435129,,,ml-latest-small/ratings.csv
ml-latest-small,5,527,5.0,847434960,,,ml-latest-small/ratings.csv
ml-latest-small,5,531,4.0,847435258,,,ml-latest-small/ratings.csv
ml-latest-small,5,534,3.0,847435311,,,ml-latest-small/ratings.csv
ml-latest-small,5,588,4.0,847434801,,,ml-latest-small/ratings.csv
ml-latest-small,5,589,3.0,847435258,,,ml-latest-small/ratings.csv
ml-latest-small,5,590,5.0,847434747,,,ml-latest-small/ratings.csv
ml-latest-small,5,592,3.0,847434747,,,ml-latest-small/ratings.csv
ml-latest-small,5,594,5.0,847435238,,,ml-latest-small/ratings.csv
ml-latest-small,5,595,5.0,847434832,,,ml-latest-small/ratings.csv
ml-latest-small,5,596,5.0,847435292,,,ml-latest-small/ratings.csv
ml-latest-small,5,597,3.0,847434962,,,ml-latest-small/ratings.csv
ml-latest-small,5,608,3.0,847435258,,,ml-latest-small/ratings.csv
ml-latest-small,6,2,4.0,845553522,,,ml-latest-small/ratings.csv
ml-latest-small,6,3,5.0,845554296,,,ml-latest-small/ratings.csv
ml-latest-small,6,4,3.0,845554349,,,ml-latest-small/ratings.csv
ml-latest-small,6,5,5.0,845553938,,,ml-latest-small/ratings.csv
ml-latest-small,6,6,4.0,845553757,,,ml-latest-small/ratings.csv
ml-latest-small,6,7,4.0,845554264,,,ml-latest-small/ratings.csv
ml-latest-small,6,8,3.0,845555281,,,ml-latest-small/ratings.csv
ml-latest-small,6,10,3.0,845553253,,,ml-latest-small/ratings.csv
ml-latest-small,6,11,4.0,845553489,,,ml-latest-small/ratings.csv
ml-latest-small,6,13,3.0,845555588,,,ml-latest-small/ratings.csv
ml-latest-small,6,15,4.0,845554505,,,ml-latest-small/ratings.csv
ml-latest-small,6,16,4.0,845553819,,,ml-latest-small/ratings.csv
ml-latest-small,6,17,4.0,845553559,,,ml-latest-small/ratings.csv
ml-latest-small,6,19,2.0,845553382,,,ml-latest-small/ratings.csv
ml-latest-small,6,21,2.0,845553382,,,ml-latest-small/ratings.csv
ml-latest-small,6,22,5.0,845553875,,,ml-latest-small/ratings.csv
ml-latest-small,6,24,4.0,845554397,,,ml-latest-small/ratings.csv
ml-latest-small,6,25,3.0,845553695,,,ml-latest-small/ratings.csv
ml-latest-small,6,26,4.0,845555362,,,ml-latest-small/ratings.csv
ml-latest-small,6,27,3.0,845555402,,,ml-latest-small/ratings.csv
ml-latest-small,6,31,3.0,845553819,,,ml-latest-small/ratings.csv
ml-latest-small,6,32,4.0,845553426,,,ml-latest-small/ratings.csv
ml-latest-small,6,34,4.0,845553354,,,ml-latest-small/ratings.csv
ml-latest-small,6,36,5.0,845553726,,,ml-latest-small/ratings.csv
ml-latest-small,6,41,4.0,845554962,,,ml-latest-small/ratings.csv
ml-latest-small,6,43,4.0,845555607,,,ml-latest-small/ratings.csv
ml-latest-small,6,45,3.0,845553907,,,ml-latest-small/ratings.csv
ml-latest-small,6,46,4.0,845554551,,,ml-latest-small/ratings.csv
ml-latest-small,6,47,4.0,845553317,,,ml-latest-small/ratings.csv
ml-latest-small,6,50,1.0,845553381,,,ml-latest-small/ratings.csv
ml-latest-small,6,54,4.0,845555402,,,ml-latest-small/ratings.csv
ml-latest-small,6,60,4.0,845554263,,,ml-latest-small/ratings.csv
ml-latest-small,6,61,4.0,845555454,,,ml-latest-small/ratings.csv
ml-latest-small,6,62,4.0,845553660,,,ml-latest-small/ratings.csv
ml-latest-small,6,65,3.0,845555070,,,ml-latest-small/ratings.csv
ml-latest-small,6,66,3.0,845555151,,,ml-latest-small/ratings.csv
ml-latest-small,6,76,4.0,845555317,,,ml-latest-small/ratings.csv
ml-latest-small,6,79,3.0,845554907,,,ml-latest-small/ratings.csv
ml-latest-small,6,86,5.0,845556131,,,ml-latest-small/ratings.csv
ml-latest-small,6,87,3.0,845555300,,,ml-latest-small/ratings.csv
ml-latest-small,6,88,2.0,845555694,,,ml-latest-small/ratings.csv
ml-latest-small,6,89,4.0,845555124,,,ml-latest-small/ratings.csv
ml-latest-small,6,92,4.0,845555454,,,ml-latest-small/ratings.csv
ml-latest-small,6,93,4.0,845554584,,,ml-latest-small/ratings.csv
ml-latest-small,6,95,4.0,845553559,,,ml-latest-small/ratings.csv
ml-latest-small,6,100,3.0,845555151,,,ml-latest-small/ratings.csv
ml-latest-small,6,102,1.0,845555436,,,ml-latest-small/ratings.csv
ml-latest-small,6,104,4.0,845554349,,,ml-latest-small/ratings.csv
ml-latest-small,6,105,3.0,845553757,,,ml-latest-small/ratings.csv
ml-latest-small,6,110,5.0,845553283,,,ml-latest-small/ratings.csv
ml-latest-small,6,112,4.0,845553994,,,ml-latest-small/ratings.csv
ml-latest-small,6,113,3.0,845556257,,,ml-latest-small/ratings.csv
ml-latest-small,6,126,3.0,845555342,,,ml-latest-small/ratings.csv
ml-latest-small,6,135,3.0,845554987,,,ml-latest-small/ratings.csv
ml-latest-small,6,140,3.0,845555024,,,ml-latest-small/ratings.csv
ml-latest-small,6,141,4.0,845553586,,,ml-latest-small/ratings.csv
ml-latest-small,6,145,4.0,845553966,,,ml-latest-small/ratings.csv
ml-latest-small,6,146,4.0,845555607,,,ml-latest-small/ratings.csv
ml-latest-small,6,150,4.0,845553110,,,ml-latest-small/ratings.csv
ml-latest-small,6,151,4.0,845553586,,,ml-latest-small/ratings.csv
ml-latest-small,6,153,3.0,845553146,,,ml-latest-small/ratings.csv
ml-latest-small,6,158,4.0,845553660,,,ml-latest-small/ratings.csv
ml-latest-small,6,159,3.0,845555006,,,ml-latest-small/ratings.csv
ml-latest-small,6,160,5.0,845553457,,,ml-latest-small/ratings.csv
ml-latest-small,6,161,3.0,845553253,,,ml-latest-small/ratings.csv
ml-latest-small,6,163,3.0,845553907,,,ml-latest-small/ratings.csv
ml-latest-small,6,165,3.0,845553146,,,ml-latest-small/ratings.csv
ml-latest-small,6,168,5.0,845553695,,,ml-latest-small/ratings.csv
ml-latest-small,6,170,3.0,845554263,,,ml-latest-small/ratings.csv
ml-latest-small,6,171,3.0,845555402,,,ml-latest-small/ratings.csv
ml-latest-small,6,174,3.0,845554479,,,ml-latest-small/ratings.csv
ml-latest-small,6,177,3.0,845554931,,,ml-latest-small/ratings.csv
ml-latest-small,6,179,1.0,845555362,,,ml-latest-small/ratings.csv
ml-latest-small,6,180,2.0,845555006,,,ml-latest-small/ratings.csv
ml-latest-small,6,181,3.0,845553938,,,ml-latest-small/ratings.csv
ml-latest-small,6,185,3.0,845553283,,,ml-latest-small/ratings.csv
ml-latest-small,6,186,3.0,845553619,,,ml-latest-small/ratings.csv
ml-latest-small,6,189,3.0,845556241,,,ml-latest-small/ratings.csv
ml-latest-small,6,191,2.0,845554931,,,ml-latest-small/ratings.csv
ml-latest-small,6,195,4.0,845554455,,,ml-latest-small/ratings.csv
ml-latest-small,6,196,3.0,845553586,,,ml-latest-small/ratings.csv
ml-latest-small,6,201,3.0,845556290,,,ml-latest-small/ratings.csv
ml-latest-small,6,204,3.0,845553619,,,ml-latest-small/ratings.csv
ml-latest-small,6,205,3.0,845555477,,,ml-latest-small/ratings.csv
ml-latest-small,6,207,4.0,845554024,,,ml-latest-small/ratings.csv
ml-latest-small,6,208,3.0,845553253,,,ml-latest-small/ratings.csv
ml-latest-small,6,209,3.0,845556106,,,ml-latest-small/ratings.csv
ml-latest-small,6,210,4.0,845556310,,,ml-latest-small/ratings.csv
ml-latest-small,6,212,4.0,845556181,,,ml-latest-small/ratings.csv
ml-latest-small,6,216,4.0,845554099,,,ml-latest-small/ratings.csv
ml-latest-small,6,217,3.0,845555382,,,ml-latest-small/ratings.csv
ml-latest-small,6,218,2.0,845553994,,,ml-latest-small/ratings.csv
ml-latest-small,6,219,3.0,845556131,,,ml-latest-small/ratings.csv
ml-latest-small,6,222,4.0,845554024,,,ml-latest-small/ratings.csv
ml-latest-small,6,224,3.0,845553794,,,ml-latest-small/ratings.csv
ml-latest-small,6,225,4.0,845553381,,,ml-latest-small/ratings.csv
ml-latest-small,6,230,5.0,845553966,,,ml-latest-small/ratings.csv
ml-latest-small,6,231,3.0,845553174,,,ml-latest-small/ratings.csv
ml-latest-small,6,234,2.0,845554176,,,ml-latest-small/ratings.csv
ml-latest-small,6,236,4.0,845553559,,,ml-latest-small/ratings.csv
ml-latest-small,6,237,4.0,845553875,,,ml-latest-small/ratings.csv
ml-latest-small,6,239,3.0,845554987,,,ml-latest-small/ratings.csv
ml-latest-small,6,240,3.0,845555571,,,ml-latest-small/ratings.csv
ml-latest-small,6,243,3.0,845555588,,,ml-latest-small/ratings.csv
ml-latest-small,6,248,5.0,845554263,,,ml-latest-small/ratings.csv
ml-latest-small,6,250,4.0,845555588,,,ml-latest-small/ratings.csv
ml-latest-small,6,251,3.0,845556257,,,ml-latest-small/ratings.csv
ml-latest-small,6,252,4.0,845553619,,,ml-latest-small/ratings.csv
ml-latest-small,6,253,3.0,845553283,,,ml-latest-small/ratings.csv
ml-latest-small,6,254,3.0,845555655,,,ml-latest-small/ratings.csv
ml-latest-small,6,256,3.0,845553726,,,ml-latest-small/ratings.csv
ml-latest-small,6,257,5.0,845554176,,,ml-latest-small/ratings.csv
ml-latest-small,6,258,3.0,845555172,,,ml-latest-small/ratings.csv
ml-latest-small,6,261,4.0,845553695,,,ml-latest-small/ratings.csv
ml-latest-small,6,262,5.0,845554551,,,ml-latest-small/ratings.csv
ml-latest-small,6,265,3.0,845553726,,,ml-latest-small/ratings.csv
ml-latest-small,6,266,3.0,845553457,,,ml-latest-small/ratings.csv
ml-latest-small,6,267,3.0,845554376,,,ml-latest-small/ratings.csv
ml-latest-small,6,270,3.0,845555172,,,ml-latest-small/ratings.csv
ml-latest-small,6,271,4.0,845555249,,,ml-latest-small/ratings.csv
ml-latest-small,6,273,3.0,845553875,,,ml-latest-small/ratings.csv
ml-latest-small,6,274,4.0,845555151,,,ml-latest-small/ratings.csv
ml-latest-small,6,276,4.0,845553907,,,ml-latest-small/ratings.csv
ml-latest-small,6,277,5.0,845553844,,,ml-latest-small/ratings.csv
ml-latest-small,6,279,3.0,845555436,,,ml-latest-small/ratings.csv
ml-latest-small,6,281,4.0,845554320,,,ml-latest-small/ratings.csv
ml-latest-small,6,282,3.0,845553522,,,ml-latest-small/ratings.csv
ml-latest-small,6,288,2.0,845553283,,,ml-latest-small/ratings.csv
ml-latest-small,6,289,3.0,845554455,,,ml-latest-small/ratings.csv
ml-latest-small,6,291,3.0,845555571,,,ml-latest-small/ratings.csv
ml-latest-small,6,292,4.0,845553253,,,ml-latest-small/ratings.csv
ml-latest-small,6,293,3.0,845553660,,,ml-latest-small/ratings.csv
ml-latest-small,6,296,2.0,845553110,,,ml-latest-small/ratings.csv
ml-latest-small,6,302,3.0,845555436,,,ml-latest-small/ratings.csv
ml-latest-small,6,303,3.0,845554099,,,ml-latest-small/ratings.csv
ml-latest-small,6,304,4.0,845555546,,,ml-latest-small/ratings.csv
ml-latest-small,6,310,3.0,845556119,,,ml-latest-small/ratings.csv
ml-latest-small,6,312,1.0,845555151,,,ml-latest-small/ratings.csv
ml-latest-small,6,313,3.0,845555546,,,ml-latest-small/ratings.csv
ml-latest-small,6,314,5.0,845554603,,,ml-latest-small/ratings.csv
ml-latest-small,6,315,4.0,845553522,,,ml-latest-small/ratings.csv
ml-latest-small,6,316,5.0,845553174,,,ml-latest-small/ratings.csv
ml-latest-small,6,317,4.0,845553457,,,ml-latest-small/ratings.csv
ml-latest-small,6,318,5.0,845553200,,,ml-latest-small/ratings.csv
ml-latest-small,6,327,1.0,845554062,,,ml-latest-small/ratings.csv
ml-latest-small,6,329,4.0,845553200,,,ml-latest-small/ratings.csv
ml-latest-small,6,330,3.0,845555071,,,ml-latest-small/ratings.csv
ml-latest-small,6,332,3.0,845555046,,,ml-latest-small/ratings.csv
ml-latest-small,6,333,5.0,845553757,,,ml-latest-small/ratings.csv
ml-latest-small,6,336,3.0,845556223,,,ml-latest-small/ratings.csv
ml-latest-small,6,337,5.0,845553586,,,ml-latest-small/ratings.csv
ml-latest-small,6,339,4.0,845553253,,,ml-latest-small/ratings.csv
ml-latest-small,6,340,4.0,845555265,,,ml-latest-small/ratings.csv
ml-latest-small,6,342,3.0,845553938,,,ml-latest-small/ratings.csv
ml-latest-small,6,343,3.0,845555172,,,ml-latest-small/ratings.csv
ml-latest-small,6,344,3.0,845553146,,,ml-latest-small/ratings.csv
ml-latest-small,6,347,3.0,845555300,,,ml-latest-small/ratings.csv
ml-latest-small,6,348,3.0,845553938,,,ml-latest-small/ratings.csv
ml-latest-small,6,349,5.0,845553146,,,ml-latest-small/ratings.csv
ml-latest-small,6,350,5.0,845553489,,,ml-latest-small/ratings.csv
ml-latest-small,6,351,4.0,845554455,,,ml-latest-small/ratings.csv
ml-latest-small,6,352,3.0,845555382,,,ml-latest-small/ratings.csv
ml-latest-small,6,353,4.0,845553726,,,ml-latest-small/ratings.csv
ml-latest-small,6,354,4.0,845555402,,,ml-latest-small/ratings.csv
ml-latest-small,6,355,4.0,845553819,,,ml-latest-small/ratings.csv
ml-latest-small,6,356,5.0,845553200,,,ml-latest-small/ratings.csv
ml-latest-small,6,357,3.0,845553457,,,ml-latest-small/ratings.csv
ml-latest-small,6,358,3.0,845555265,,,ml-latest-small/ratings.csv
ml-latest-small,6,359,3.0,845556412,,,ml-latest-small/ratings.csv
ml-latest-small,6,360,3.0,845555094,,,ml-latest-small/ratings.csv
ml-latest-small,6,361,4.0,845554376,,,ml-latest-small/ratings.csv
ml-latest-small,6,362,3.0,845553994,,,ml-latest-small/ratings.csv
ml-latest-small,6,364,5.0,845553317,,,ml-latest-small/ratings.csv
ml-latest-small,6,366,3.0,845554962,,,ml-latest-small/ratings.csv
ml-latest-small,6,367,4.0,845553317,,,ml-latest-small/ratings.csv
ml-latest-small,6,368,5.0,845553726,,,ml-latest-small/ratings.csv
ml-latest-small,6,370,4.0,845553794,,,ml-latest-small/ratings.csv
ml-latest-small,6,371,3.0,845554141,,,ml-latest-small/ratings.csv
ml-latest-small,6,374,3.0,845554296,,,ml-latest-small/ratings.csv
ml-latest-small,6,377,5.0,845553317,,,ml-latest-small/ratings.csv
ml-latest-small,6,378,3.0,845554987,,,ml-latest-small/ratings.csv
ml-latest-small,6,380,4.0,845553110,,,ml-latest-small/ratings.csv
ml-latest-small,6,381,3.0,845553994,,,ml-latest-small/ratings.csv
ml-latest-small,6,382,3.0,845554397,,,ml-latest-small/ratings.csv
ml-latest-small,6,383,3.0,845554320,,,ml-latest-small/ratings.csv
ml-latest-small,6,405,3.0,845554603,,,ml-latest-small/ratings.csv
ml-latest-small,6,410,3.0,845553354,,,ml-latest-small/ratings.csv
ml-latest-small,6,412,3.0,845554505,,,ml-latest-small/ratings.csv
ml-latest-small,6,415,4.0,845554420,,,ml-latest-small/ratings.csv
ml-latest-small,6,416,3.0,845554962,,,ml-latest-small/ratings.csv
ml-latest-small,6,419,3.0,845554224,,,ml-latest-small/ratings.csv
ml-latest-small,6,426,3.0,845554551,,,ml-latest-small/ratings.csv
ml-latest-small,6,432,5.0,845553489,,,ml-latest-small/ratings.csv
ml-latest-small,6,434,4.0,845553200,,,ml-latest-small/ratings.csv
ml-latest-small,6,435,3.0,845553489,,,ml-latest-small/ratings.csv
ml-latest-small,6,437,3.0,845554505,,,ml-latest-small/ratings.csv
ml-latest-small,6,440,4.0,845553457,,,ml-latest-small/ratings.csv
ml-latest-small,6,445,3.0,845555124,,,ml-latest-small/ratings.csv
ml-latest-small,6,450,4.0,845555024,,,ml-latest-small/ratings.csv
ml-latest-small,6,454,4.0,845553283,,,ml-latest-small/ratings.csv
ml-latest-small,6,455,3.0,845554062,,,ml-latest-small/ratings.csv
ml-latest-small,6,457,5.0,845553174,,,ml-latest-small/ratings.csv
ml-latest-small,6,458,3.0,845555546,,,ml-latest-small/ratings.csv
ml-latest-small,6,460,3.0,845555281,,,ml-latest-small/ratings.csv
ml-latest-small,6,466,2.0,845553844,,,ml-latest-small/ratings.csv
ml-latest-small,6,468,4.0,845553907,,,ml-latest-small/ratings.csv
ml-latest-small,6,469,4.0,845555477,,,ml-latest-small/ratings.csv
ml-latest-small,6,472,3.0,845555632,,,ml-latest-small/ratings.csv
ml-latest-small,6,474,4.0,845553522,,,ml-latest-small/ratings.csv
ml-latest-small,6,475,4.0,845554099,,,ml-latest-small/ratings.csv
ml-latest-small,6,477,4.0,845554141,,,ml-latest-small/ratings.csv
ml-latest-small,6,480,5.0,845553200,,,ml-latest-small/ratings.csv
ml-latest-small,6,485,3.0,845553794,,,ml-latest-small/ratings.csv
ml-latest-small,6,489,3.0,845554505,,,ml-latest-small/ratings.csv
ml-latest-small,6,490,3.0,845554584,,,ml-latest-small/ratings.csv
ml-latest-small,6,491,4.0,845554141,,,ml-latest-small/ratings.csv
ml-latest-small,6,493,3.0,845555172,,,ml-latest-small/ratings.csv
ml-latest-small,6,494,3.0,845554176,,,ml-latest-small/ratings.csv
ml-latest-small,6,497,3.0,845553819,,,ml-latest-small/ratings.csv
ml-latest-small,6,500,5.0,845553354,,,ml-latest-small/ratings.csv
ml-latest-small,6,502,3.0,845554455,,,ml-latest-small/ratings.csv
ml-latest-small,6,505,3.0,845555317,,,ml-latest-small/ratings.csv
ml-latest-small,6,508,4.0,845553586,,,ml-latest-small/ratings.csv
ml-latest-small,6,509,3.0,845553522,,,ml-latest-small/ratings.csv
ml-latest-small,6,510,3.0,845555546,,,ml-latest-small/ratings.csv
ml-latest-small,6,515,4.0,845553794,,,ml-latest-small/ratings.csv
ml-latest-small,6,516,4.0,845554908,,,ml-latest-small/ratings.csv
ml-latest-small,6,520,3.0,845553844,,,ml-latest-small/ratings.csv
ml-latest-small,6,524,3.0,845554479,,,ml-latest-small/ratings.csv
ml-latest-small,6,527,3.0,845553426,,,ml-latest-small/ratings.csv
ml-latest-small,6,531,3.0,845554296,,,ml-latest-small/ratings.csv
ml-latest-small,6,532,3.0,845554224,,,ml-latest-small/ratings.csv
ml-latest-small,6,536,3.0,845556181,,,ml-latest-small/ratings.csv
ml-latest-small,6,537,3.0,845554551,,,ml-latest-small/ratings.csv
ml-latest-small,6,539,3.0,845553426,,,ml-latest-small/ratings.csv
ml-latest-small,6,540,3.0,845554099,,,ml-latest-small/ratings.csv
ml-latest-small,6,542,4.0,845554524,,,ml-latest-small/ratings.csv
ml-latest-small,6,543,3.0,845554099,,,ml-latest-small/ratings.csv
ml-latest-small,6,546,2.0,845554349,,,ml-latest-small/ratings.csv
ml-latest-small,6,548,3.0,845554908,,,ml-latest-small/ratings.csv
ml-latest-small,6,552,3.0,845553875,,,ml-latest-small/ratings.csv
ml-latest-small,6,553,5.0,845553559,,,ml-latest-small/ratings.csv
ml-latest-small,6,569,4.0,845555342,,,ml-latest-small/ratings.csv
ml-latest-small,6,575,3.0,845555070,,,ml-latest-small/ratings.csv
ml-latest-small,6,587,5.0,845553381,,,ml-latest-small/ratings.csv
ml-latest-small,6,588,5.0,845553146,,,ml-latest-small/ratings.csv
ml-latest-small,6,589,3.0,845553317,,,ml-latest-small/ratings.csv
ml-latest-small,6,590,5.0,845553109,,,ml-latest-small/ratings.csv
ml-latest-small,6,592,3.0,845553109,,,ml-latest-small/ratings.csv
ml-latest-small,6,593,4.0,845553174,,,ml-latest-small/ratings.csv
ml-latest-small,6,594,4.0,845553819,,,ml-latest-small/ratings.csv
ml-latest-small,6,595,5.0,845553174,,,ml-latest-small/ratings.csv
ml-latest-small,6,596,3.0,845554141,,,ml-latest-small/ratings.csv
ml-latest-small,6,597,4.0,845553354,,,ml-latest-small/ratings.csv
ml-latest-small,6,606,3.0,845555024,,,ml-latest-small/ratings.csv
ml-latest-small,6,608,3.0,845553844,,,ml-latest-small/ratings.csv
ml-latest-small,6,609,4.0,845555342,,,ml-latest-small/ratings.csv
ml-latest-small,6,616,5.0,845554062,,,ml-latest-small/ratings.csv
ml-latest-small,6,628,3.0,845555300,,,ml-latest-small/ratings.csv
ml-latest-small,6,631,4.0,845555265,,,ml-latest-small/ratings.csv
ml-latest-small,6,637,4.0,845555046,,,ml-latest-small/ratings.csv
ml-latest-small,6,640,1.0,845555362,,,ml-latest-small/ratings.csv
ml-latest-small,6,647,4.0,845555151,,,ml-latest-small/ratings.csv
ml-latest-small,6,662,3.0,845556147,,,ml-latest-small/ratings.csv
ml-latest-small,6,667,3.0,845555342,,,ml-latest-small/ratings.csv
ml-latest-small,6,694,3.0,845555694,,,ml-latest-small/ratings.csv
ml-latest-small,6,697,3.0,845556378,,,ml-latest-small/ratings.csv
ml-latest-small,6,700,4.0,845556147,,,ml-latest-small/ratings.csv
ml-latest-small,6,704,3.0,845555571,,,ml-latest-small/ratings.csv
ml-latest-small,6,708,4.0,845554376,,,ml-latest-small/ratings.csv
ml-latest-small,6,709,5.0,845555249,,,ml-latest-small/ratings.csv
ml-latest-small,6,710,3.0,845556223,,,ml-latest-small/ratings.csv
ml-latest-small,6,711,4.0,845555317,,,ml-latest-small/ratings.csv
ml-latest-small,6,719,2.0,845555694,,,ml-latest-small/ratings.csv
ml-latest-small,6,736,5.0,845553619,,,ml-latest-small/ratings.csv
ml-latest-small,6,747,3.0,845555046,,,ml-latest-small/ratings.csv
ml-latest-small,6,762,1.0,845555006,,,ml-latest-small/ratings.csv
ml-latest-small,6,765,3.0,845555632,,,ml-latest-small/ratings.csv
ml-latest-small,6,775,3.0,845556462,,,ml-latest-small/ratings.csv
ml-latest-small,6,780,5.0,845556915,,,ml-latest-small/ratings.csv
ml-latest-small,6,783,5.0,845554584,,,ml-latest-small/ratings.csv
ml-latest-small,6,795,3.0,845556506,,,ml-latest-small/ratings.csv
ml-latest-small,6,799,3.0,845555656,,,ml-latest-small/ratings.csv
ml-latest-small,6,801,3.0,845556194,,,ml-latest-small/ratings.csv
ml-latest-small,6,802,4.0,845554584,,,ml-latest-small/ratings.csv
ml-latest-small,6,818,3.0,845555514,,,ml-latest-small/ratings.csv
ml-latest-small,6,830,5.0,845556222,,,ml-latest-small/ratings.csv
ml-latest-small,6,835,4.0,845556194,,,ml-latest-small/ratings.csv
ml-latest-small,6,837,3.0,845556241,,,ml-latest-small/ratings.csv
ml-latest-small,6,838,4.0,845555514,,,ml-latest-small/ratings.csv
ml-latest-small,6,839,3.0,845556120,,,ml-latest-small/ratings.csv
ml-latest-small,6,842,3.0,845555675,,,ml-latest-small/ratings.csv
ml-latest-small,6,848,4.0,845556340,,,ml-latest-small/ratings.csv
ml-latest-small,6,852,4.0,845555694,,,ml-latest-small/ratings.csv
ml-latest-small,6,867,3.0,845556412,,,ml-latest-small/ratings.csv
ml-latest-small,6,880,3.0,845556181,,,ml-latest-small/ratings.csv
ml-latest-small,6,881,3.0,845556340,,,ml-latest-small/ratings.csv
ml-latest-small,6,888,3.0,845556448,,,ml-latest-small/ratings.csv
ml-latest-small,6,891,3.0,845556241,,,ml-latest-small/ratings.csv
ml-latest-small,6,979,3.0,845556808,,,ml-latest-small/ratings.csv
ml-latest-small,6,981,3.0,845556567,,,ml-latest-small/ratings.csv
ml-latest-small,6,986,4.0,845556475,,,ml-latest-small/ratings.csv
ml-latest-small,6,991,4.0,845556808,,,ml-latest-small/ratings.csv
ml-latest-small,6,996,4.0,845556323,,,ml-latest-small/ratings.csv
ml-latest-small,6,999,2.0,845556412,,,ml-latest-small/ratings.csv
ml-latest-small,6,1004,4.0,845556506,,,ml-latest-small/ratings.csv
ml-latest-small,6,1006,4.0,845556694,,,ml-latest-small/ratings.csv
ml-latest-small,6,1042,3.0,845556462,,,ml-latest-small/ratings.csv
ml-latest-small,6,1049,5.0,845556694,,,ml-latest-small/ratings.csv
ml-latest-small,6,1061,4.0,845556860,,,ml-latest-small/ratings.csv
ml-latest-small,6,1064,4.0,845556579,,,ml-latest-small/ratings.csv
ml-latest-small,6,1073,3.0,845555571,,,ml-latest-small/ratings.csv
ml-latest-small,6,1082,4.0,845556278,,,ml-latest-small/ratings.csv
ml-latest-small,6,1084,3.0,845555454,,,ml-latest-small/ratings.csv
ml-latest-small,7,1,4.5,1106635946,,,ml-latest-small/ratings.csv
ml-latest-small,7,50,4.5,1106635993,,,ml-latest-small/ratings.csv
ml-latest-small,7,58,3.0,1106635520,,,ml-latest-small/ratings.csv
ml-latest-small,7,150,4.5,1106635925,,,ml-latest-small/ratings.csv
ml-latest-small,7,165,4.0,1106635987,,,ml-latest-small/ratings.csv
ml-latest-small,7,260,5.0,1106635933,,,ml-latest-small/ratings.csv
ml-latest-small,7,356,5.0,1106635915,,,ml-latest-small/ratings.csv
ml-latest-small,7,380,3.0,1106635937,,,ml-latest-small/ratings.csv
ml-latest-small,7,466,5.0,1106635532,,,ml-latest-small/ratings.csv
ml-latest-small,7,480,5.0,1106635917,,,ml-latest-small/ratings.csv
ml-latest-small,7,587,2.0,1106635714,,,ml-latest-small/ratings.csv
ml-latest-small,7,588,3.0,1106635971,,,ml-latest-small/ratings.csv
ml-latest-small,7,589,2.5,1106635940,,,ml-latest-small/ratings.csv
ml-latest-small,7,592,3.0,1106635922,,,ml-latest-small/ratings.csv
ml-latest-small,7,593,5.0,1106635912,,,ml-latest-small/ratings.csv
ml-latest-small,7,595,3.5,1106712636,,,ml-latest-small/ratings.csv
ml-latest-small,7,648,4.0,1106635981,,,ml-latest-small/ratings.csv
ml-latest-small,7,750,4.0,1106636810,,,ml-latest-small/ratings.csv
ml-latest-small,7,780,4.5,1106635943,,,ml-latest-small/ratings.csv
ml-latest-small,7,920,3.0,1106635685,,,ml-latest-small/ratings.csv
ml-latest-small,7,924,4.0,1106712615,,,ml-latest-small/ratings.csv
ml-latest-small,7,1101,4.0,1106635502,,,ml-latest-small/ratings.csv
ml-latest-small,7,1183,1.5,1106712613,,,ml-latest-small/ratings.csv
ml-latest-small,7,1196,4.0,1106635996,,,ml-latest-small/ratings.csv
ml-latest-small,7,1208,4.0,1106635462,,,ml-latest-small/ratings.csv
ml-latest-small,7,1210,4.0,1106635965,,,ml-latest-small/ratings.csv
ml-latest-small,7,1219,5.0,1106635496,,,ml-latest-small/ratings.csv
ml-latest-small,7,1220,4.5,1106635464,,,ml-latest-small/ratings.csv
ml-latest-small,7,1240,5.0,1106712575,,,ml-latest-small/ratings.csv
ml-latest-small,7,1246,1.5,1106635678,,,ml-latest-small/ratings.csv
ml-latest-small,7,1270,5.0,1106635681,,,ml-latest-small/ratings.csv
ml-latest-small,7,1517,3.5,1106635489,,,ml-latest-small/ratings.csv
ml-latest-small,7,1584,5.0,1106635423,,,ml-latest-small/ratings.csv
ml-latest-small,7,1610,4.0,1106635429,,,ml-latest-small/ratings.csv
ml-latest-small,7,1617,3.0,1107127060,,,ml-latest-small/ratings.csv
ml-latest-small,7,1682,3.0,1106635653,,,ml-latest-small/ratings.csv
ml-latest-small,7,1784,0.5,1106635416,,,ml-latest-small/ratings.csv
ml-latest-small,7,1917,4.0,1106635484,,,ml-latest-small/ratings.csv
ml-latest-small,7,1923,1.5,1106635444,,,ml-latest-small/ratings.csv
ml-latest-small,7,1954,4.5,1106635657,,,ml-latest-small/ratings.csv
ml-latest-small,7,2019,5.0,1106713565,,,ml-latest-small/ratings.csv
ml-latest-small,7,2324,2.0,1106712559,,,ml-latest-small/ratings.csv
ml-latest-small,7,2353,3.5,1106635625,,,ml-latest-small/ratings.csv
ml-latest-small,7,2529,5.0,1106635640,,,ml-latest-small/ratings.csv
ml-latest-small,7,2628,1.5,1106712553,,,ml-latest-small/ratings.csv
ml-latest-small,7,2640,3.0,1106635540,,,ml-latest-small/ratings.csv
ml-latest-small,7,2671,4.5,1113542732,,,ml-latest-small/ratings.csv
ml-latest-small,7,2683,2.0,1106635420,,,ml-latest-small/ratings.csv
ml-latest-small,7,2688,2.5,1106713072,,,ml-latest-small/ratings.csv
ml-latest-small,7,2701,1.5,1106713076,,,ml-latest-small/ratings.csv
ml-latest-small,7,2717,3.5,1106713081,,,ml-latest-small/ratings.csv
ml-latest-small,7,2762,4.5,1106635648,,,ml-latest-small/ratings.csv
ml-latest-small,7,2858,4.0,1106712546,,,ml-latest-small/ratings.csv
ml-latest-small,7,3114,4.5,1106635500,,,ml-latest-small/ratings.csv
ml-latest-small,7,3354,1.5,1106713005,,,ml-latest-small/ratings.csv
ml-latest-small,7,3408,4.5,1106712549,,,ml-latest-small/ratings.csv
ml-latest-small,7,3578,1.5,1106636534,,,ml-latest-small/ratings.csv
ml-latest-small,7,3623,1.0,1106712541,,,ml-latest-small/ratings.csv
ml-latest-small,7,3793,3.5,1106635630,,,ml-latest-small/ratings.csv
ml-latest-small,7,3869,5.0,1106635733,,,ml-latest-small/ratings.csv
ml-latest-small,7,3916,4.0,1106636596,,,ml-latest-small/ratings.csv
ml-latest-small,7,3977,2.5,1106635635,,,ml-latest-small/ratings.csv
ml-latest-small,7,3994,3.0,1161738301,,,ml-latest-small/ratings.csv
ml-latest-small,7,4018,4.0,1106712913,,,ml-latest-small/ratings.csv
ml-latest-small,7,4223,2.0,1106635742,,,ml-latest-small/ratings.csv
ml-latest-small,7,4246,2.0,1110855253,,,ml-latest-small/ratings.csv
ml-latest-small,7,4306,4.0,1106635524,,,ml-latest-small/ratings.csv
ml-latest-small,7,4310,0.5,1107127033,,,ml-latest-small/ratings.csv
ml-latest-small,7,4370,4.5,1106712869,,,ml-latest-small/ratings.csv
ml-latest-small,7,4643,1.0,1106635749,,,ml-latest-small/ratings.csv
ml-latest-small,7,4700,1.5,1109746591,,,ml-latest-small/ratings.csv
ml-latest-small,7,4844,1.5,1161738352,,,ml-latest-small/ratings.csv
ml-latest-small,7,4874,3.0,1106635738,,,ml-latest-small/ratings.csv
ml-latest-small,7,4886,4.0,1106636531,,,ml-latest-small/ratings.csv
ml-latest-small,7,4896,4.0,1106636718,,,ml-latest-small/ratings.csv
ml-latest-small,7,4963,4.0,1106636702,,,ml-latest-small/ratings.csv
ml-latest-small,7,4993,4.5,1106636589,,,ml-latest-small/ratings.csv
ml-latest-small,7,4995,4.5,1106636610,,,ml-latest-small/ratings.csv
ml-latest-small,7,5218,3.5,1106712866,,,ml-latest-small/ratings.csv
ml-latest-small,7,5349,3.5,1106636606,,,ml-latest-small/ratings.csv
ml-latest-small,7,5378,0.5,1106635735,,,ml-latest-small/ratings.csv
ml-latest-small,7,5445,4.0,1106636707,,,ml-latest-small/ratings.csv
ml-latest-small,7,5459,3.0,1106712820,,,ml-latest-small/ratings.csv
ml-latest-small,7,5464,3.0,1106636612,,,ml-latest-small/ratings.csv
ml-latest-small,7,5502,1.5,1106635745,,,ml-latest-small/ratings.csv
ml-latest-small,7,5618,5.0,1106713586,,,ml-latest-small/ratings.csv
ml-latest-small,7,5816,4.5,1106635705,,,ml-latest-small/ratings.csv
ml-latest-small,7,5952,4.5,1106636527,,,ml-latest-small/ratings.csv
ml-latest-small,7,5989,4.0,1106636600,,,ml-latest-small/ratings.csv
ml-latest-small,7,5991,4.5,1106712818,,,ml-latest-small/ratings.csv
ml-latest-small,7,6333,4.0,1106636516,,,ml-latest-small/ratings.csv
ml-latest-small,7,6365,4.0,1106712831,,,ml-latest-small/ratings.csv
ml-latest-small,7,6534,0.5,1157949714,,,ml-latest-small/ratings.csv
ml-latest-small,7,6539,4.5,1106636584,,,ml-latest-small/ratings.csv
ml-latest-small,7,6863,4.5,1106712827,,,ml-latest-small/ratings.csv
ml-latest-small,7,6934,2.0,1106712812,,,ml-latest-small/ratings.csv
ml-latest-small,7,7143,4.5,1106636579,,,ml-latest-small/ratings.csv
ml-latest-small,7,7153,4.0,1106636520,,,ml-latest-small/ratings.csv
ml-latest-small,7,7155,3.0,1173051472,,,ml-latest-small/ratings.csv
ml-latest-small,7,7445,4.0,1107473963,,,ml-latest-small/ratings.csv
ml-latest-small,7,8207,4.5,1106713442,,,ml-latest-small/ratings.csv
ml-latest-small,7,8360,3.5,1106636782,,,ml-latest-small/ratings.csv
ml-latest-small,7,8368,2.5,1106636592,,,ml-latest-small/ratings.csv
ml-latest-small,7,8373,2.0,1108602792,,,ml-latest-small/ratings.csv
ml-latest-small,7,8528,4.5,1106636844,,,ml-latest-small/ratings.csv
ml-latest-small,7,8636,4.5,1106636511,,,ml-latest-small/ratings.csv
ml-latest-small,7,8665,3.5,1108602755,,,ml-latest-small/ratings.csv
ml-latest-small,7,8666,1.0,1106779625,,,ml-latest-small/ratings.csv
ml-latest-small,7,8783,1.0,1161738306,,,ml-latest-small/ratings.csv
ml-latest-small,7,8798,4.5,1106636602,,,ml-latest-small/ratings.csv
ml-latest-small,7,8808,1.5,1109746594,,,ml-latest-small/ratings.csv
ml-latest-small,7,8865,1.0,1106713549,,,ml-latest-small/ratings.csv
ml-latest-small,7,8870,3.5,1118025961,,,ml-latest-small/ratings.csv
ml-latest-small,7,8907,1.0,1110757877,,,ml-latest-small/ratings.csv
ml-latest-small,7,8908,4.5,1122333561,,,ml-latest-small/ratings.csv
ml-latest-small,7,8949,4.0,1110757890,,,ml-latest-small/ratings.csv
ml-latest-small,7,8957,4.0,1106636098,,,ml-latest-small/ratings.csv
ml-latest-small,7,8958,3.5,1110173697,,,ml-latest-small/ratings.csv
ml-latest-small,7,8961,4.0,1106636064,,,ml-latest-small/ratings.csv
ml-latest-small,7,8965,1.0,1106636095,,,ml-latest-small/ratings.csv
ml-latest-small,7,8970,2.5,1106636069,,,ml-latest-small/ratings.csv
ml-latest-small,7,8972,2.5,1111552650,,,ml-latest-small/ratings.csv
ml-latest-small,7,8984,4.0,1106636101,,,ml-latest-small/ratings.csv
ml-latest-small,7,27741,3.0,1107474020,,,ml-latest-small/ratings.csv
ml-latest-small,7,30812,3.5,1113353083,,,ml-latest-small/ratings.csv
ml-latest-small,7,30816,2.0,1107127004,,,ml-latest-small/ratings.csv
ml-latest-small,7,31878,3.5,1118025982,,,ml-latest-small/ratings.csv
ml-latest-small,7,32029,2.0,1118025946,,,ml-latest-small/ratings.csv
ml-latest-small,7,32031,1.5,1122940686,,,ml-latest-small/ratings.csv
ml-latest-small,7,32296,2.0,1118026013,,,ml-latest-small/ratings.csv
ml-latest-small,7,32587,3.5,1128486479,,,ml-latest-small/ratings.csv
ml-latest-small,7,33162,3.5,1116550784,,,ml-latest-small/ratings.csv
ml-latest-small,7,33493,1.0,1121041079,,,ml-latest-small/ratings.csv
ml-latest-small,7,33794,2.0,1121041002,,,ml-latest-small/ratings.csv
ml-latest-small,7,33836,1.0,1125442102,,,ml-latest-small/ratings.csv
ml-latest-small,7,34048,3.0,1121041015,,,ml-latest-small/ratings.csv
ml-latest-small,7,34319,4.5,1122333538,,,ml-latest-small/ratings.csv
ml-latest-small,7,37741,3.5,1162163504,,,ml-latest-small/ratings.csv
ml-latest-small,7,38388,3.5,1149548381,,,ml-latest-small/ratings.csv
ml-latest-small,7,42002,4.5,1144806100,,,ml-latest-small/ratings.csv
ml-latest-small,7,45499,4.0,1157949636,,,ml-latest-small/ratings.csv
ml-latest-small,7,45517,4.5,1157066190,,,ml-latest-small/ratings.csv
ml-latest-small,7,45668,1.0,1159225196,,,ml-latest-small/ratings.csv
ml-latest-small,7,45730,0.5,1161738279,,,ml-latest-small/ratings.csv
ml-latest-small,7,46530,1.0,1157949732,,,ml-latest-small/ratings.csv
ml-latest-small,7,48516,1.0,1169687318,,,ml-latest-small/ratings.csv
ml-latest-small,7,48783,4.5,1162163488,,,ml-latest-small/ratings.csv
ml-latest-small,7,48997,2.5,1174263740,,,ml-latest-small/ratings.csv
ml-latest-small,7,49272,4.5,1165876367,,,ml-latest-small/ratings.csv
ml-latest-small,7,49278,3.5,1174263775,,,ml-latest-small/ratings.csv
ml-latest-small,7,49286,0.5,1176181731,,,ml-latest-small/ratings.csv
ml-latest-small,7,49824,3.0,1173051469,,,ml-latest-small/ratings.csv
ml-latest-small,8,2,4.0,839463806,,,ml-latest-small/ratings.csv
ml-latest-small,8,10,2.0,839463509,,,ml-latest-small/ratings.csv
ml-latest-small,8,11,4.0,839463806,,,ml-latest-small/ratings.csv
ml-latest-small,8,21,4.0,839463564,,,ml-latest-small/ratings.csv
ml-latest-small,8,32,3.0,839463624,,,ml-latest-small/ratings.csv
ml-latest-small,8,34,5.0,839463546,,,ml-latest-small/ratings.csv
ml-latest-small,8,39,3.0,839463644,,,ml-latest-small/ratings.csv
ml-latest-small,8,47,4.0,839463546,,,ml-latest-small/ratings.csv
ml-latest-small,8,50,5.0,839463644,,,ml-latest-small/ratings.csv
ml-latest-small,8,110,3.0,839463527,,,ml-latest-small/ratings.csv
ml-latest-small,8,141,3.0,839464076,,,ml-latest-small/ratings.csv
ml-latest-small,8,150,4.0,839463422,,,ml-latest-small/ratings.csv
ml-latest-small,8,153,2.0,839463451,,,ml-latest-small/ratings.csv
ml-latest-small,8,185,5.0,839463509,,,ml-latest-small/ratings.csv
ml-latest-small,8,186,4.0,839463856,,,ml-latest-small/ratings.csv
ml-latest-small,8,208,3.0,839463509,,,ml-latest-small/ratings.csv
ml-latest-small,8,231,4.0,839463470,,,ml-latest-small/ratings.csv
ml-latest-small,8,235,3.0,839464076,,,ml-latest-small/ratings.csv
ml-latest-small,8,236,3.0,839463767,,,ml-latest-small/ratings.csv
ml-latest-small,8,252,3.0,839463856,,,ml-latest-small/ratings.csv
ml-latest-small,8,253,5.0,839463509,,,ml-latest-small/ratings.csv
ml-latest-small,8,282,3.0,839463767,,,ml-latest-small/ratings.csv
ml-latest-small,8,292,3.0,839463489,,,ml-latest-small/ratings.csv
ml-latest-small,8,296,4.0,839463422,,,ml-latest-small/ratings.csv
ml-latest-small,8,317,3.0,839463644,,,ml-latest-small/ratings.csv
ml-latest-small,8,318,5.0,839463489,,,ml-latest-small/ratings.csv
ml-latest-small,8,339,3.0,839463509,,,ml-latest-small/ratings.csv
ml-latest-small,8,356,3.0,839463527,,,ml-latest-small/ratings.csv
ml-latest-small,8,357,5.0,839463767,,,ml-latest-small/ratings.csv
ml-latest-small,8,364,5.0,839463546,,,ml-latest-small/ratings.csv
ml-latest-small,8,367,3.0,839463564,,,ml-latest-small/ratings.csv
ml-latest-small,8,377,4.0,839463644,,,ml-latest-small/ratings.csv
ml-latest-small,8,380,5.0,839463422,,,ml-latest-small/ratings.csv
ml-latest-small,8,432,1.0,839463702,,,ml-latest-small/ratings.csv
ml-latest-small,8,440,3.0,839463728,,,ml-latest-small/ratings.csv
ml-latest-small,8,454,4.0,839463546,,,ml-latest-small/ratings.csv
ml-latest-small,8,457,3.0,839463489,,,ml-latest-small/ratings.csv
ml-latest-small,8,480,4.0,839463527,,,ml-latest-small/ratings.csv
ml-latest-small,8,500,2.0,839463624,,,ml-latest-small/ratings.csv
ml-latest-small,8,527,5.0,839463728,,,ml-latest-small/ratings.csv
ml-latest-small,8,539,3.0,839463728,,,ml-latest-small/ratings.csv
ml-latest-small,8,586,3.0,839463702,,,ml-latest-small/ratings.csv
ml-latest-small,8,587,3.0,839463702,,,ml-latest-small/ratings.csv
ml-latest-small,8,590,5.0,839463422,,,ml-latest-small/ratings.csv
ml-latest-small,8,592,3.0,839463422,,,ml-latest-small/ratings.csv
ml-latest-small,8,593,4.0,839463470,,,ml-latest-small/ratings.csv
ml-latest-small,8,597,3.0,839463728,,,ml-latest-small/ratings.csv
ml-latest-small,9,41,3.0,1044656650,,,ml-latest-small/ratings.csv
ml-latest-small,9,187,3.0,1044657119,,,ml-latest-small/ratings.csv
ml-latest-small,9,223,4.0,1044656650,,,ml-latest-small/ratings.csv
ml-latest-small,9,371,3.0,1044656716,,,ml-latest-small/ratings.csv
ml-latest-small,9,627,3.0,1044657102,,,ml-latest-small/ratings.csv
ml-latest-small,9,922,4.0,1044657026,,,ml-latest-small/ratings.csv
ml-latest-small,9,923,5.0,1044657026,,,ml-latest-small/ratings.csv
ml-latest-small,9,1037,2.0,1044656650,,,ml-latest-small/ratings.csv
ml-latest-small,9,1095,4.0,1044657088,,,ml-latest-small/ratings.csv
ml-latest-small,9,1198,5.0,1044656716,,,ml-latest-small/ratings.csv
ml-latest-small,9,1270,5.0,1044657088,,,ml-latest-small/ratings.csv
ml-latest-small,9,1674,4.0,1044656650,,,ml-latest-small/ratings.csv
ml-latest-small,9,1987,2.0,1044656716,,,ml-latest-small/ratings.csv
ml-latest-small,9,2011,3.0,1044657200,,,ml-latest-small/ratings.csv
ml-latest-small,9,2012,4.0,1044657237,,,ml-latest-small/ratings.csv
ml-latest-small,9,2023,3.0,1044656650,,,ml-latest-small/ratings.csv
ml-latest-small,9,2300,5.0,1044657072,,,ml-latest-small/ratings.csv
ml-latest-small,9,2877,3.0,1044657221,,,ml-latest-small/ratings.csv
ml-latest-small,9,2901,2.0,1044656716,,,ml-latest-small/ratings.csv
ml-latest-small,9,3173,2.0,1044656650,,,ml-latest-small/ratings.csv
ml-latest-small,9,3328,3.0,1044656650,,,ml-latest-small/ratings.csv
ml-latest-small,9,3735,3.0,1044657051,,,ml-latest-small/ratings.csv
ml-latest-small,9,4131,1.0,1044657221,,,ml-latest-small/ratings.csv
ml-latest-small,9,4558,1.0,1044656650,,,ml-latest-small/ratings.csv
ml-latest-small,9,4993,5.0,1044657051,,,ml-latest-small/ratings.csv
ml-latest-small,9,5218,4.0,1044656811,,,ml-latest-small/ratings.csv
ml-latest-small,9,5378,3.0,1044656811,,,ml-latest-small/ratings.csv
ml-latest-small,9,5445,4.0,1044656792,,,ml-latest-small/ratings.csv
ml-latest-small,9,5447,4.0,1044656836,,,ml-latest-small/ratings.csv
ml-latest-small,9,5451,4.0,1044656836,,,ml-latest-small/ratings.csv
ml-latest-small,9,5481,5.0,1044656836,,,ml-latest-small/ratings.csv
ml-latest-small,9,5507,1.0,1044656836,,,ml-latest-small/ratings.csv
ml-latest-small,9,5841,1.0,1044657318,,,ml-latest-small/ratings.csv
ml-latest-small,9,5843,3.0,1044657269,,,ml-latest-small/ratings.csv
ml-latest-small,9,5872,3.0,1044656962,,,ml-latest-small/ratings.csv
ml-latest-small,9,5890,4.0,1044656792,,,ml-latest-small/ratings.csv
ml-latest-small,9,5891,1.0,1044657318,,,ml-latest-small/ratings.csv
ml-latest-small,9,5893,4.0,1044657144,,,ml-latest-small/ratings.csv
ml-latest-small,9,5902,5.0,1044656934,,,ml-latest-small/ratings.csv
ml-latest-small,9,5952,5.0,1044656908,,,ml-latest-small/ratings.csv
ml-latest-small,9,5956,4.0,1044656962,,,ml-latest-small/ratings.csv
ml-latest-small,9,5962,1.0,1044657338,,,ml-latest-small/ratings.csv
ml-latest-small,9,5965,4.0,1044657185,,,ml-latest-small/ratings.csv
ml-latest-small,9,5988,2.0,1044657269,,,ml-latest-small/ratings.csv
ml-latest-small,9,6001,4.0,1044657072,,,ml-latest-small/ratings.csv
ml-latest-small,9,6044,2.0,1044657285,,,ml-latest-small/ratings.csv
ml-latest-small,10,296,1.0,1455303387,,,ml-latest-small/ratings.csv
ml-latest-small,10,356,3.5,1455301685,,,ml-latest-small/ratings.csv
ml-latest-small,10,588,4.0,1455306173,,,ml-latest-small/ratings.csv
ml-latest-small,10,597,3.5,1455357645,,,ml-latest-small/ratings.csv
ml-latest-small,10,912,4.0,1455302254,,,ml-latest-small/ratings.csv
ml-latest-small,10,1028,0.5,1455306152,,,ml-latest-small/ratings.csv
ml-latest-small,10,1088,3.0,1455619275,,,ml-latest-small/ratings.csv
ml-latest-small,10,1247,3.0,1455303518,,,ml-latest-small/ratings.csv
ml-latest-small,10,1307,3.0,1455357613,,,ml-latest-small/ratings.csv
ml-latest-small,10,1784,3.5,1455301699,,,ml-latest-small/ratings.csv
ml-latest-small,10,1907,4.0,1455306183,,,ml-latest-small/ratings.csv
ml-latest-small,10,2571,0.5,1455356378,,,ml-latest-small/ratings.csv
ml-latest-small,10,2671,3.5,1455357517,,,ml-latest-small/ratings.csv
ml-latest-small,10,2762,0.5,1455356388,,,ml-latest-small/ratings.csv
ml-latest-small,10,2858,1.0,1455356578,,,ml-latest-small/ratings.csv
ml-latest-small,10,2959,0.5,1455356582,,,ml-latest-small/ratings.csv
ml-latest-small,10,3578,4.0,1455356591,,,ml-latest-small/ratings.csv
ml-latest-small,10,3882,3.0,1455398344,,,ml-latest-small/ratings.csv
ml-latest-small,10,4246,3.5,1455302676,,,ml-latest-small/ratings.csv
ml-latest-small,10,4306,4.5,1455356595,,,ml-latest-small/ratings.csv
ml-latest-small,10,4447,4.5,1455398321,,,ml-latest-small/ratings.csv
ml-latest-small,10,4993,4.0,1455356385,,,ml-latest-small/ratings.csv
ml-latest-small,10,4995,4.0,1455301798,,,ml-latest-small/ratings.csv
ml-latest-small,10,5066,3.0,1455399329,,,ml-latest-small/ratings.csv
ml-latest-small,10,5377,3.5,1455301898,,,ml-latest-small/ratings.csv
ml-latest-small,10,5620,3.0,1455357578,,,ml-latest-small/ratings.csv
ml-latest-small,10,5943,3.0,1455303078,,,ml-latest-small/ratings.csv
ml-latest-small,10,5952,4.0,1455356588,,,ml-latest-small/ratings.csv
ml-latest-small,10,5957,3.0,1455397999,,,ml-latest-small/ratings.csv
ml-latest-small,10,6155,3.0,1455357557,,,ml-latest-small/ratings.csv
ml-latest-small,10,6266,3.0,1455303070,,,ml-latest-small/ratings.csv
ml-latest-small,10,6377,3.5,1455306101,,,ml-latest-small/ratings.csv
ml-latest-small,10,6535,4.0,1455398379,,,ml-latest-small/ratings.csv
ml-latest-small,10,6942,4.0,1455301621,,,ml-latest-small/ratings.csv
ml-latest-small,10,7149,4.0,1455399533,,,ml-latest-small/ratings.csv
ml-latest-small,10,7151,3.0,1455302670,,,ml-latest-small/ratings.csv
ml-latest-small,10,7153,4.0,1455356347,,,ml-latest-small/ratings.csv
ml-latest-small,10,7154,4.0,1455399087,,,ml-latest-small/ratings.csv
ml-latest-small,10,7169,4.5,1455303046,,,ml-latest-small/ratings.csv
ml-latest-small,10,7293,3.5,1455402085,,,ml-latest-small/ratings.csv
ml-latest-small,10,7375,4.0,1455303057,,,ml-latest-small/ratings.csv
ml-latest-small,10,7451,3.5,1455399289,,,ml-latest-small/ratings.csv
ml-latest-small,10,7458,5.0,1455356656,,,ml-latest-small/ratings.csv
ml-latest-small,10,8529,3.5,1455398107,,,ml-latest-small/ratings.csv
ml-latest-small,10,8533,5.0,1455301847,,,ml-latest-small/ratings.csv
ml-latest-small,10,8636,3.5,1455356713,,,ml-latest-small/ratings.csv
ml-latest-small,10,8665,3.5,1455356327,,,ml-latest-small/ratings.csv
ml-latest-small,10,8808,3.0,1455397936,,,ml-latest-small/ratings.csv
ml-latest-small,10,8869,5.0,1455303064,,,ml-latest-small/ratings.csv
ml-latest-small,10,8961,2.5,1455302401,,,ml-latest-small/ratings.csv
ml-latest-small,10,8969,3.5,1455302697,,,ml-latest-small/ratings.csv
ml-latest-small,10,8970,1.0,1455398160,,,ml-latest-small/ratings.csv
ml-latest-small,10,30749,3.5,1455398096,,,ml-latest-small/ratings.csv
ml-latest-small,10,31433,2.5,1455357527,,,ml-latest-small/ratings.csv
ml-latest-small,10,31685,4.5,1455357602,,,ml-latest-small/ratings.csv
ml-latest-small,10,33145,3.0,1455398153,,,ml-latest-small/ratings.csv
ml-latest-small,10,33679,3.0,1455357626,,,ml-latest-small/ratings.csv
ml-latest-small,10,33794,5.0,1455302031,,,ml-latest-small/ratings.csv
ml-latest-small,10,40629,3.0,1455356796,,,ml-latest-small/ratings.csv
ml-latest-small,10,40819,4.0,1455301745,,,ml-latest-small/ratings.csv
ml-latest-small,10,41285,2.5,1455301854,,,ml-latest-small/ratings.csv
ml-latest-small,10,47099,3.0,1455401876,,,ml-latest-small/ratings.csv
ml-latest-small,10,49272,5.0,1455302162,,,ml-latest-small/ratings.csv
ml-latest-small,10,49286,5.0,1455357502,,,ml-latest-small/ratings.csv
ml-latest-small,10,51662,3.0,1455356357,,,ml-latest-small/ratings.csv
ml-latest-small,10,51705,4.5,1455359663,,,ml-latest-small/ratings.csv
ml-latest-small,10,51834,1.5,1455399396,,,ml-latest-small/ratings.csv
ml-latest-small,10,54286,3.5,1455356320,,,ml-latest-small/ratings.csv
ml-latest-small,10,56367,3.5,1455301825,,,ml-latest-small/ratings.csv
ml-latest-small,10,56949,3.0,1455357531,,,ml-latest-small/ratings.csv
ml-latest-small,10,58047,3.5,1455302791,,,ml-latest-small/ratings.csv
ml-latest-small,10,58559,4.5,1455302113,,,ml-latest-small/ratings.csv
ml-latest-small,10,59333,2.5,1455357564,,,ml-latest-small/ratings.csv
ml-latest-small,10,59421,2.0,1455398002,,,ml-latest-small/ratings.csv
ml-latest-small,10,60397,3.0,1455302689,,,ml-latest-small/ratings.csv
ml-latest-small,10,60950,2.0,1455301965,,,ml-latest-small/ratings.csv
ml-latest-small,10,61250,2.5,1455398339,,,ml-latest-small/ratings.csv
ml-latest-small,10,63113,3.5,1455302183,,,ml-latest-small/ratings.csv
ml-latest-small,10,63992,4.5,1455356863,,,ml-latest-small/ratings.csv
ml-latest-small,10,64969,0.5,1455357607,,,ml-latest-small/ratings.csv
ml-latest-small,10,66203,3.5,1455357596,,,ml-latest-small/ratings.csv
ml-latest-small,10,68954,4.0,1455304158,,,ml-latest-small/ratings.csv
ml-latest-small,10,69406,4.5,1455302747,,,ml-latest-small/ratings.csv
ml-latest-small,10,69844,3.0,1455399200,,,ml-latest-small/ratings.csv
ml-latest-small,10,70183,3.0,1455357636,,,ml-latest-small/ratings.csv
ml-latest-small,10,70293,0.5,1455398141,,,ml-latest-small/ratings.csv
ml-latest-small,10,71579,5.0,1455301869,,,ml-latest-small/ratings.csv
ml-latest-small,10,72011,2.5,1455301741,,,ml-latest-small/ratings.csv
ml-latest-small,10,72330,3.5,1455399573,,,ml-latest-small/ratings.csv
ml-latest-small,10,72407,3.0,1455356987,,,ml-latest-small/ratings.csv
ml-latest-small,10,72720,3.5,1455301822,,,ml-latest-small/ratings.csv
ml-latest-small,10,72737,3.5,1455398131,,,ml-latest-small/ratings.csv
ml-latest-small,10,72998,2.5,1455356351,,,ml-latest-small/ratings.csv
ml-latest-small,10,73017,3.0,1455356691,,,ml-latest-small/ratings.csv
ml-latest-small,10,74450,3.0,1455357541,,,ml-latest-small/ratings.csv
ml-latest-small,10,77841,2.0,1455302684,,,ml-latest-small/ratings.csv
ml-latest-small,10,78772,3.0,1455356988,,,ml-latest-small/ratings.csv
ml-latest-small,10,79091,5.0,1455306124,,,ml-latest-small/ratings.csv
ml-latest-small,10,80549,3.5,1455399347,,,ml-latest-small/ratings.csv
ml-latest-small,10,81784,2.5,1455357716,,,ml-latest-small/ratings.csv
ml-latest-small,10,81845,5.0,1455302591,,,ml-latest-small/ratings.csv
ml-latest-small,10,81847,3.5,1455399313,,,ml-latest-small/ratings.csv
ml-latest-small,10,82167,3.5,1455357720,,,ml-latest-small/ratings.csv
ml-latest-small,10,82499,2.0,1455398390,,,ml-latest-small/ratings.csv
ml-latest-small,10,84374,3.5,1455357730,,,ml-latest-small/ratings.csv
ml-latest-small,10,86548,3.0,1455398396,,,ml-latest-small/ratings.csv
ml-latest-small,10,87222,3.5,1455306257,,,ml-latest-small/ratings.csv
ml-latest-small,10,88163,4.0,1455357504,,,ml-latest-small/ratings.csv
ml-latest-small,10,88810,3.0,1455399281,,,ml-latest-small/ratings.csv
ml-latest-small,10,91104,3.0,1455356990,,,ml-latest-small/ratings.csv
ml-latest-small,10,91529,5.0,1455302120,,,ml-latest-small/ratings.csv
ml-latest-small,10,92259,5.0,1455301553,,,ml-latest-small/ratings.csv
ml-latest-small,10,94070,4.5,1455357387,,,ml-latest-small/ratings.csv
ml-latest-small,10,95167,4.0,1455398177,,,ml-latest-small/ratings.csv
ml-latest-small,10,95449,4.0,1455356885,,,ml-latest-small/ratings.csv
ml-latest-small,10,95510,3.0,1455398127,,,ml-latest-small/ratings.csv
ml-latest-small,10,95543,3.5,1455399376,,,ml-latest-small/ratings.csv
ml-latest-small,10,96079,5.0,1455302172,,,ml-latest-small/ratings.csv
ml-latest-small,10,97024,0.5,1455301892,,,ml-latest-small/ratings.csv
ml-latest-small,10,97938,1.0,1455398105,,,ml-latest-small/ratings.csv
ml-latest-small,10,98203,3.0,1455356994,,,ml-latest-small/ratings.csv
ml-latest-small,10,103335,4.0,1455398111,,,ml-latest-small/ratings.csv
ml-latest-small,10,103339,4.0,1455356177,,,ml-latest-small/ratings.csv
ml-latest-small,10,104374,4.0,1455357653,,,ml-latest-small/ratings.csv
ml-latest-small,10,105211,2.5,1455399232,,,ml-latest-small/ratings.csv
ml-latest-small,10,106489,3.5,1455357076,,,ml-latest-small/ratings.csv
ml-latest-small,10,106696,4.5,1455306204,,,ml-latest-small/ratings.csv
ml-latest-small,10,106782,1.0,1455398089,,,ml-latest-small/ratings.csv
ml-latest-small,10,107141,2.0,1455399188,,,ml-latest-small/ratings.csv
ml-latest-small,10,109374,0.5,1455302315,,,ml-latest-small/ratings.csv
ml-latest-small,10,109487,0.5,1455398092,,,ml-latest-small/ratings.csv
ml-latest-small,10,109853,4.0,1455357656,,,ml-latest-small/ratings.csv
ml-latest-small,10,112006,4.0,1455398144,,,ml-latest-small/ratings.csv
ml-latest-small,10,113275,4.5,1455357698,,,ml-latest-small/ratings.csv
ml-latest-small,10,113394,4.0,1455398275,,,ml-latest-small/ratings.csv
ml-latest-small,10,119145,1.0,1455302650,,,ml-latest-small/ratings.csv
ml-latest-small,10,129428,3.5,1455357384,,,ml-latest-small/ratings.csv
ml-latest-small,10,136020,5.0,1455302192,,,ml-latest-small/ratings.csv
ml-latest-small,10,137595,4.0,1455356898,,,ml-latest-small/ratings.csv
ml-latest-small,10,140110,5.0,1455356776,,,ml-latest-small/ratings.csv
ml-latest-small,11,6,5.0,902154266,,,ml-latest-small/ratings.csv
ml-latest-small,11,10,3.0,902154316,,,ml-latest-small/ratings.csv
ml-latest-small,11,36,4.0,902155135,,,ml-latest-small/ratings.csv
ml-latest-small,11,44,2.0,902154593,,,ml-latest-small/ratings.csv
ml-latest-small,11,95,3.0,902154458,,,ml-latest-small/ratings.csv
ml-latest-small,11,110,5.0,902154266,,,ml-latest-small/ratings.csv
ml-latest-small,11,150,5.0,902154266,,,ml-latest-small/ratings.csv
ml-latest-small,11,153,3.0,902154593,,,ml-latest-small/ratings.csv
ml-latest-small,11,165,3.0,902154567,,,ml-latest-small/ratings.csv
ml-latest-small,11,170,4.0,902154621,,,ml-latest-small/ratings.csv
ml-latest-small,11,208,3.0,902154706,,,ml-latest-small/ratings.csv
ml-latest-small,11,292,4.0,902154383,,,ml-latest-small/ratings.csv
ml-latest-small,11,318,4.0,902155070,,,ml-latest-small/ratings.csv
ml-latest-small,11,349,5.0,902154342,,,ml-latest-small/ratings.csv
ml-latest-small,11,356,5.0,901200263,,,ml-latest-small/ratings.csv
ml-latest-small,11,368,3.0,904510567,,,ml-latest-small/ratings.csv
ml-latest-small,11,376,2.0,902154684,,,ml-latest-small/ratings.csv
ml-latest-small,11,377,3.0,902154431,,,ml-latest-small/ratings.csv
ml-latest-small,11,380,4.0,902154431,,,ml-latest-small/ratings.csv
ml-latest-small,11,434,3.0,902154685,,,ml-latest-small/ratings.csv
ml-latest-small,11,457,5.0,902154316,,,ml-latest-small/ratings.csv
ml-latest-small,11,466,3.0,902154805,,,ml-latest-small/ratings.csv
ml-latest-small,11,474,4.0,902154431,,,ml-latest-small/ratings.csv
ml-latest-small,11,480,4.0,902154383,,,ml-latest-small/ratings.csv
ml-latest-small,11,493,3.0,902154805,,,ml-latest-small/ratings.csv
ml-latest-small,11,511,4.0,902154514,,,ml-latest-small/ratings.csv
ml-latest-small,11,529,5.0,902155043,,,ml-latest-small/ratings.csv
ml-latest-small,11,589,4.0,902154266,,,ml-latest-small/ratings.csv
ml-latest-small,11,593,5.0,902155102,,,ml-latest-small/ratings.csv
ml-latest-small,11,648,4.0,902154514,,,ml-latest-small/ratings.csv
ml-latest-small,11,733,4.0,902154431,,,ml-latest-small/ratings.csv
ml-latest-small,11,736,4.0,902154542,,,ml-latest-small/ratings.csv
ml-latest-small,11,780,4.0,902154487,,,ml-latest-small/ratings.csv
ml-latest-small,11,1100,3.0,902154621,,,ml-latest-small/ratings.csv
ml-latest-small,11,1101,5.0,901200233,,,ml-latest-small/ratings.csv
ml-latest-small,11,1210,4.0,902154266,,,ml-latest-small/ratings.csv
ml-latest-small,11,1358,4.0,902155136,,,ml-latest-small/ratings.csv
ml-latest-small,11,1370,3.0,902154383,,,ml-latest-small/ratings.csv
ml-latest-small,11,1385,3.0,902154542,,,ml-latest-small/ratings.csv
ml-latest-small,11,1391,1.0,902154685,,,ml-latest-small/ratings.csv
ml-latest-small,11,1408,5.0,902154383,,,ml-latest-small/ratings.csv
ml-latest-small,11,1438,3.0,902154647,,,ml-latest-small/ratings.csv
ml-latest-small,11,1518,4.0,902154431,,,ml-latest-small/ratings.csv
ml-latest-small,11,1552,4.0,902154458,,,ml-latest-small/ratings.csv
ml-latest-small,11,1573,3.0,902154542,,,ml-latest-small/ratings.csv
ml-latest-small,11,1584,5.0,902155136,,,ml-latest-small/ratings.csv
ml-latest-small,11,1586,4.0,902154487,,,ml-latest-small/ratings.csv
ml-latest-small,11,1597,4.0,902154487,,,ml-latest-small/ratings.csv
ml-latest-small,11,1604,4.0,902154647,,,ml-latest-small/ratings.csv
ml-latest-small,11,1608,4.0,902154316,,,ml-latest-small/ratings.csv
ml-latest-small,11,1616,3.0,902154542,,,ml-latest-small/ratings.csv
ml-latest-small,11,1687,3.0,902154647,,,ml-latest-small/ratings.csv
ml-latest-small,11,1693,5.0,902155102,,,ml-latest-small/ratings.csv
ml-latest-small,11,1704,4.0,902155102,,,ml-latest-small/ratings.csv
ml-latest-small,11,1721,5.0,902154989,,,ml-latest-small/ratings.csv
ml-latest-small,11,1784,5.0,902155043,,,ml-latest-small/ratings.csv
ml-latest-small,11,1840,4.0,901200111,,,ml-latest-small/ratings.csv
ml-latest-small,11,1882,2.0,901200143,,,ml-latest-small/ratings.csv
ml-latest-small,11,1917,4.0,901200037,,,ml-latest-small/ratings.csv
ml-latest-small,11,1918,4.0,901200070,,,ml-latest-small/ratings.csv
ml-latest-small,11,1923,4.0,904510428,,,ml-latest-small/ratings.csv
ml-latest-small,11,2002,2.0,902154383,,,ml-latest-small/ratings.csv
ml-latest-small,11,2027,3.0,904510428,,,ml-latest-small/ratings.csv
ml-latest-small,11,2028,5.0,902153951,,,ml-latest-small/ratings.csv
ml-latest-small,12,39,4.0,1247264471,,,ml-latest-small/ratings.csv
ml-latest-small,12,168,5.0,1247264411,,,ml-latest-small/ratings.csv
ml-latest-small,12,222,5.0,1247263465,,,ml-latest-small/ratings.csv
ml-latest-small,12,256,5.0,1247263375,,,ml-latest-small/ratings.csv
ml-latest-small,12,261,4.5,1247263357,,,ml-latest-small/ratings.csv
ml-latest-small,12,277,3.0,1247263371,,,ml-latest-small/ratings.csv
ml-latest-small,12,357,3.5,1247264106,,,ml-latest-small/ratings.csv
ml-latest-small,12,543,3.5,1247263318,,,ml-latest-small/ratings.csv
ml-latest-small,12,830,4.0,1247263452,,,ml-latest-small/ratings.csv
ml-latest-small,12,838,5.0,1247264096,,,ml-latest-small/ratings.csv
ml-latest-small,12,920,4.5,1247264114,,,ml-latest-small/ratings.csv
ml-latest-small,12,1265,3.5,1247264118,,,ml-latest-small/ratings.csv
ml-latest-small,12,1357,5.0,1247263404,,,ml-latest-small/ratings.csv
ml-latest-small,12,1405,3.0,1247263395,,,ml-latest-small/ratings.csv
ml-latest-small,12,1721,5.0,1247264463,,,ml-latest-small/ratings.csv
ml-latest-small,12,1876,3.5,1247263334,,,ml-latest-small/ratings.csv
ml-latest-small,12,2072,5.0,1247263670,,,ml-latest-small/ratings.csv
ml-latest-small,12,2100,3.5,1247263337,,,ml-latest-small/ratings.csv
ml-latest-small,12,2421,3.0,1247263495,,,ml-latest-small/ratings.csv
ml-latest-small,12,2485,5.0,1247264406,,,ml-latest-small/ratings.csv
ml-latest-small,12,2572,5.0,1247263689,,,ml-latest-small/ratings.csv
ml-latest-small,12,2581,5.0,1247263444,,,ml-latest-small/ratings.csv
ml-latest-small,12,2694,4.0,1247263398,,,ml-latest-small/ratings.csv
ml-latest-small,12,2717,5.0,1247263428,,,ml-latest-small/ratings.csv
ml-latest-small,12,3668,5.0,1247264220,,,ml-latest-small/ratings.csv
ml-latest-small,12,3967,4.5,1247263471,,,ml-latest-small/ratings.csv
ml-latest-small,12,4018,4.5,1247264420,,,ml-latest-small/ratings.csv
ml-latest-small,12,5620,4.0,1247264417,,,ml-latest-small/ratings.csv
ml-latest-small,12,6942,5.0,1247264138,,,ml-latest-small/ratings.csv
ml-latest-small,12,8533,5.0,1247264151,,,ml-latest-small/ratings.csv
ml-latest-small,12,40629,5.0,1247264192,,,ml-latest-small/ratings.csv
ml-latest-small,12,63992,5.0,1247264457,,,ml-latest-small/ratings.csv
ml-latest-small,13,47,5.0,987895819,,,ml-latest-small/ratings.csv
ml-latest-small,13,305,1.0,987456968,,,ml-latest-small/ratings.csv
ml-latest-small,13,597,3.0,987456968,,,ml-latest-small/ratings.csv
ml-latest-small,13,1173,3.0,987457052,,,ml-latest-small/ratings.csv
ml-latest-small,13,1198,5.0,987456848,,,ml-latest-small/ratings.csv
ml-latest-small,13,1590,4.0,987457086,,,ml-latest-small/ratings.csv
ml-latest-small,13,1619,3.0,987895819,,,ml-latest-small/ratings.csv
ml-latest-small,13,1639,4.0,987456818,,,ml-latest-small/ratings.csv
ml-latest-small,13,1721,4.0,987456818,,,ml-latest-small/ratings.csv
ml-latest-small,13,2145,3.0,987456968,,,ml-latest-small/ratings.csv
ml-latest-small,13,2174,3.0,987456818,,,ml-latest-small/ratings.csv
ml-latest-small,13,2541,2.0,987456818,,,ml-latest-small/ratings.csv
ml-latest-small,13,2571,5.0,987457007,,,ml-latest-small/ratings.csv
ml-latest-small,13,3300,4.0,987895952,,,ml-latest-small/ratings.csv
ml-latest-small,13,3409,2.0,987895720,,,ml-latest-small/ratings.csv
ml-latest-small,13,3513,3.0,987895651,,,ml-latest-small/ratings.csv
ml-latest-small,13,3578,5.0,987895902,,,ml-latest-small/ratings.csv
ml-latest-small,13,3624,4.0,987895902,,,ml-latest-small/ratings.csv
ml-latest-small,13,3717,3.0,987895952,,,ml-latest-small/ratings.csv
ml-latest-small,13,3753,4.0,987895902,,,ml-latest-small/ratings.csv
ml-latest-small,13,3793,4.0,987895902,,,ml-latest-small/ratings.csv
ml-latest-small,13,3798,4.0,987895720,,,ml-latest-small/ratings.csv
ml-latest-small,13,3827,4.0,987895952,,,ml-latest-small/ratings.csv
ml-latest-small,13,3863,4.0,987896183,,,ml-latest-small/ratings.csv
ml-latest-small,13,3893,3.0,987895651,,,ml-latest-small/ratings.csv
ml-latest-small,13,3897,4.0,987895582,,,ml-latest-small/ratings.csv
ml-latest-small,13,3952,3.0,987895651,,,ml-latest-small/ratings.csv
ml-latest-small,13,3977,3.0,987895952,,,ml-latest-small/ratings.csv
ml-latest-small,13,3996,5.0,987895902,,,ml-latest-small/ratings.csv
ml-latest-small,13,4011,5.0,987895651,,,ml-latest-small/ratings.csv
ml-latest-small,13,4148,4.0,987895720,,,ml-latest-small/ratings.csv
ml-latest-small,14,4,3.0,835441653,,,ml-latest-small/ratings.csv
ml-latest-small,14,7,3.0,835441989,,,ml-latest-small/ratings.csv
ml-latest-small,14,19,1.0,835441168,,,ml-latest-small/ratings.csv
ml-latest-small,14,25,4.0,835441394,,,ml-latest-small/ratings.csv
ml-latest-small,14,32,4.0,835441168,,,ml-latest-small/ratings.csv
ml-latest-small,14,39,3.0,835441186,,,ml-latest-small/ratings.csv
ml-latest-small,14,47,5.0,835441133,,,ml-latest-small/ratings.csv
ml-latest-small,14,95,5.0,835441295,,,ml-latest-small/ratings.csv
ml-latest-small,14,105,3.0,835441371,,,ml-latest-small/ratings.csv
ml-latest-small,14,110,5.0,835441107,,,ml-latest-small/ratings.csv
ml-latest-small,14,150,4.0,835440977,,,ml-latest-small/ratings.csv
ml-latest-small,14,153,2.0,835441012,,,ml-latest-small/ratings.csv
ml-latest-small,14,193,3.0,835441371,,,ml-latest-small/ratings.csv
ml-latest-small,14,231,3.0,835441042,,,ml-latest-small/ratings.csv
ml-latest-small,14,266,5.0,835441168,,,ml-latest-small/ratings.csv
ml-latest-small,14,282,5.0,835441239,,,ml-latest-small/ratings.csv
ml-latest-small,14,288,4.0,835441107,,,ml-latest-small/ratings.csv
ml-latest-small,14,296,3.0,835440978,,,ml-latest-small/ratings.csv
ml-latest-small,14,318,3.0,835441042,,,ml-latest-small/ratings.csv
ml-latest-small,14,337,5.0,835441239,,,ml-latest-small/ratings.csv
ml-latest-small,14,339,4.0,835441066,,,ml-latest-small/ratings.csv
ml-latest-small,14,344,2.0,835441012,,,ml-latest-small/ratings.csv
ml-latest-small,14,351,3.0,835441686,,,ml-latest-small/ratings.csv
ml-latest-small,14,356,4.0,835441239,,,ml-latest-small/ratings.csv
ml-latest-small,14,367,1.0,835441210,,,ml-latest-small/ratings.csv
ml-latest-small,14,376,4.0,835441620,,,ml-latest-small/ratings.csv
ml-latest-small,14,377,3.0,835441328,,,ml-latest-small/ratings.csv
ml-latest-small,14,383,4.0,835441729,,,ml-latest-small/ratings.csv
ml-latest-small,14,434,4.0,835441066,,,ml-latest-small/ratings.csv
ml-latest-small,14,448,3.0,835442201,,,ml-latest-small/ratings.csv
ml-latest-small,14,455,3.0,835441812,,,ml-latest-small/ratings.csv
ml-latest-small,14,477,4.0,835441578,,,ml-latest-small/ratings.csv
ml-latest-small,14,480,3.0,835441262,,,ml-latest-small/ratings.csv
ml-latest-small,14,491,3.0,835441672,,,ml-latest-small/ratings.csv
ml-latest-small,14,508,3.0,835441558,,,ml-latest-small/ratings.csv
ml-latest-small,14,509,5.0,835441347,,,ml-latest-small/ratings.csv
ml-latest-small,14,524,3.0,835442007,,,ml-latest-small/ratings.csv
ml-latest-small,14,527,3.0,835441371,,,ml-latest-small/ratings.csv
ml-latest-small,14,539,4.0,835441415,,,ml-latest-small/ratings.csv
ml-latest-small,14,540,3.0,835441794,,,ml-latest-small/ratings.csv
ml-latest-small,14,552,3.0,835441558,,,ml-latest-small/ratings.csv
ml-latest-small,14,553,4.0,835441239,,,ml-latest-small/ratings.csv
ml-latest-small,14,586,3.0,835441451,,,ml-latest-small/ratings.csv
ml-latest-small,14,590,4.0,835440977,,,ml-latest-small/ratings.csv
ml-latest-small,14,592,2.0,835440976,,,ml-latest-small/ratings.csv
ml-latest-small,14,593,4.0,835441086,,,ml-latest-small/ratings.csv
ml-latest-small,14,597,3.0,835441431,,,ml-latest-small/ratings.csv
ml-latest-small,14,784,1.0,835442447,,,ml-latest-small/ratings.csv
ml-latest-small,15,1,2.5,1510577970,,,ml-latest-small/ratings.csv
ml-latest-small,15,44,1.0,1299424916,,,ml-latest-small/ratings.csv
ml-latest-small,15,47,3.5,1510571970,,,ml-latest-small/ratings.csv
ml-latest-small,15,158,1.0,1299424840,,,ml-latest-small/ratings.csv
ml-latest-small,15,172,1.0,1299424762,,,ml-latest-small/ratings.csv
ml-latest-small,15,256,3.0,1299425021,,,ml-latest-small/ratings.csv
ml-latest-small,15,260,5.0,1510571946,,,ml-latest-small/ratings.csv
ml-latest-small,15,293,3.0,1510571962,,,ml-latest-small/ratings.csv
ml-latest-small,15,296,4.0,1510571877,,,ml-latest-small/ratings.csv
ml-latest-small,15,318,5.0,1510571866,,,ml-latest-small/ratings.csv
ml-latest-small,15,355,1.0,1299425002,,,ml-latest-small/ratings.csv
ml-latest-small,15,356,5.0,1510571873,,,ml-latest-small/ratings.csv
ml-latest-small,15,364,3.0,1510577958,,,ml-latest-small/ratings.csv
ml-latest-small,15,527,5.0,1510571982,,,ml-latest-small/ratings.csv
ml-latest-small,15,588,3.0,1510577985,,,ml-latest-small/ratings.csv
ml-latest-small,15,589,5.0,1510572012,,,ml-latest-small/ratings.csv
ml-latest-small,15,596,2.0,1510578088,,,ml-latest-small/ratings.csv
ml-latest-small,15,780,3.5,1510572881,,,ml-latest-small/ratings.csv
ml-latest-small,15,849,2.0,1299425064,,,ml-latest-small/ratings.csv
ml-latest-small,15,858,4.0,1510571941,,,ml-latest-small/ratings.csv
ml-latest-small,15,1196,5.0,1510572645,,,ml-latest-small/ratings.csv
ml-latest-small,15,1198,4.0,1510571989,,,ml-latest-small/ratings.csv
ml-latest-small,15,1200,5.0,1510572775,,,ml-latest-small/ratings.csv
ml-latest-small,15,1210,5.0,1510572653,,,ml-latest-small/ratings.csv
ml-latest-small,15,1214,5.0,1510572684,,,ml-latest-small/ratings.csv
ml-latest-small,15,1240,4.0,1510572646,,,ml-latest-small/ratings.csv
ml-latest-small,15,1265,3.5,1510572001,,,ml-latest-small/ratings.csv
ml-latest-small,15,1270,5.0,1510571953,,,ml-latest-small/ratings.csv
ml-latest-small,15,1347,3.0,1299425144,,,ml-latest-small/ratings.csv
ml-latest-small,15,1527,3.0,1510572660,,,ml-latest-small/ratings.csv
ml-latest-small,15,1653,4.5,1510572798,,,ml-latest-small/ratings.csv
ml-latest-small,15,1909,2.5,1299424890,,,ml-latest-small/ratings.csv
ml-latest-small,15,2001,5.0,1299424826,,,ml-latest-small/ratings.csv
ml-latest-small,15,2011,5.0,1510572060,,,ml-latest-small/ratings.csv
ml-latest-small,15,2012,4.0,1510572114,,,ml-latest-small/ratings.csv
ml-latest-small,15,2028,3.5,1510571984,,,ml-latest-small/ratings.csv
ml-latest-small,15,2081,3.0,1510578011,,,ml-latest-small/ratings.csv
ml-latest-small,15,2085,1.5,1510578050,,,ml-latest-small/ratings.csv
ml-latest-small,15,2150,5.0,1299425040,,,ml-latest-small/ratings.csv
ml-latest-small,15,2278,2.5,1299424998,,,ml-latest-small/ratings.csv
ml-latest-small,15,2329,4.5,1510572005,,,ml-latest-small/ratings.csv
ml-latest-small,15,2571,4.0,1510571744,,,ml-latest-small/ratings.csv
ml-latest-small,15,2762,3.0,1510571764,,,ml-latest-small/ratings.csv
ml-latest-small,15,2858,4.0,1510571751,,,ml-latest-small/ratings.csv
ml-latest-small,15,2916,4.5,1510572872,,,ml-latest-small/ratings.csv
ml-latest-small,15,2959,2.5,1510571747,,,ml-latest-small/ratings.csv
ml-latest-small,15,3147,5.0,1510571797,,,ml-latest-small/ratings.csv
ml-latest-small,15,3156,5.0,1510573324,,,ml-latest-small/ratings.csv
ml-latest-small,15,3499,4.0,1510572526,,,ml-latest-small/ratings.csv
ml-latest-small,15,3510,5.0,1299425097,,,ml-latest-small/ratings.csv
ml-latest-small,15,3535,3.5,1510572486,,,ml-latest-small/ratings.csv
ml-latest-small,15,3555,4.0,1299425208,,,ml-latest-small/ratings.csv
ml-latest-small,15,3578,5.0,1510571768,,,ml-latest-small/ratings.csv
ml-latest-small,15,3617,1.5,1299425200,,,ml-latest-small/ratings.csv
ml-latest-small,15,3753,3.0,1510571680,,,ml-latest-small/ratings.csv
ml-latest-small,15,3949,4.0,1510572144,,,ml-latest-small/ratings.csv
ml-latest-small,15,3994,3.0,1510571677,,,ml-latest-small/ratings.csv
ml-latest-small,15,4018,4.0,1299425113,,,ml-latest-small/ratings.csv
ml-latest-small,15,4022,3.5,1510572048,,,ml-latest-small/ratings.csv
ml-latest-small,15,4226,1.5,1510571774,,,ml-latest-small/ratings.csv
ml-latest-small,15,4306,3.0,1510577965,,,ml-latest-small/ratings.csv
ml-latest-small,15,4370,4.0,1510573239,,,ml-latest-small/ratings.csv
ml-latest-small,15,4720,5.0,1510571736,,,ml-latest-small/ratings.csv
ml-latest-small,15,4886,3.5,1510577956,,,ml-latest-small/ratings.csv
ml-latest-small,15,4993,3.5,1510571754,,,ml-latest-small/ratings.csv
ml-latest-small,15,4995,5.0,1510571789,,,ml-latest-small/ratings.csv
ml-latest-small,15,5445,4.0,1510571793,,,ml-latest-small/ratings.csv
ml-latest-small,15,5618,3.0,1510578001,,,ml-latest-small/ratings.csv
ml-latest-small,15,5952,3.5,1510571759,,,ml-latest-small/ratings.csv
ml-latest-small,15,5971,2.0,1510577982,,,ml-latest-small/ratings.csv
ml-latest-small,15,5989,5.0,1510571938,,,ml-latest-small/ratings.csv
ml-latest-small,15,6377,3.0,1510577979,,,ml-latest-small/ratings.csv
ml-latest-small,15,6502,3.5,1510571682,,,ml-latest-small/ratings.csv
ml-latest-small,15,6874,3.0,1510572077,,,ml-latest-small/ratings.csv
ml-latest-small,15,7254,3.5,1510572802,,,ml-latest-small/ratings.csv
ml-latest-small,15,7438,3.0,1510572163,,,ml-latest-small/ratings.csv
ml-latest-small,15,8360,2.5,1510578083,,,ml-latest-small/ratings.csv
ml-latest-small,15,8644,3.5,1510572823,,,ml-latest-small/ratings.csv
ml-latest-small,15,8961,2.5,1510577973,,,ml-latest-small/ratings.csv
ml-latest-small,15,33493,5.0,1510572900,,,ml-latest-small/ratings.csv
ml-latest-small,15,48304,4.5,1510572550,,,ml-latest-small/ratings.csv
ml-latest-small,15,48774,3.0,1510573220,,,ml-latest-small/ratings.csv
ml-latest-small,15,48780,4.5,1510572075,,,ml-latest-small/ratings.csv
ml-latest-small,15,50872,3.0,1510577962,,,ml-latest-small/ratings.csv
ml-latest-small,15,56174,3.5,1510572810,,,ml-latest-small/ratings.csv
ml-latest-small,15,58559,2.0,1510571886,,,ml-latest-small/ratings.csv
ml-latest-small,15,59315,2.0,1510572096,,,ml-latest-small/ratings.csv
ml-latest-small,15,60069,3.5,1510577951,,,ml-latest-small/ratings.csv
ml-latest-small,15,63859,3.0,1510578158,,,ml-latest-small/ratings.csv
ml-latest-small,15,64614,4.0,1510572137,,,ml-latest-small/ratings.csv
ml-latest-small,15,68237,3.0,1510572824,,,ml-latest-small/ratings.csv
ml-latest-small,15,68954,3.5,1510577953,,,ml-latest-small/ratings.csv
ml-latest-small,15,69757,4.0,1299425345,,,ml-latest-small/ratings.csv
ml-latest-small,15,70286,3.5,1510572656,,,ml-latest-small/ratings.csv
ml-latest-small,15,71057,4.0,1510578034,,,ml-latest-small/ratings.csv
ml-latest-small,15,71264,2.5,1510578103,,,ml-latest-small/ratings.csv
ml-latest-small,15,72998,3.0,1510572052,,,ml-latest-small/ratings.csv
ml-latest-small,15,79132,3.5,1510571930,,,ml-latest-small/ratings.csv
ml-latest-small,15,84152,5.0,1510572834,,,ml-latest-small/ratings.csv
ml-latest-small,15,84954,4.5,1510573398,,,ml-latest-small/ratings.csv
ml-latest-small,15,85414,3.5,1510572833,,,ml-latest-small/ratings.csv
ml-latest-small,15,89745,2.0,1510572842,,,ml-latest-small/ratings.csv
ml-latest-small,15,91500,3.0,1510573214,,,ml-latest-small/ratings.csv
ml-latest-small,15,91529,2.0,1510571987,,,ml-latest-small/ratings.csv
ml-latest-small,15,94864,3.0,1510572894,,,ml-latest-small/ratings.csv
ml-latest-small,15,96610,3.0,1510572815,,,ml-latest-small/ratings.csv
ml-latest-small,15,97938,4.0,1510572473,,,ml-latest-small/ratings.csv
ml-latest-small,15,99114,1.0,1510571958,,,ml-latest-small/ratings.csv
ml-latest-small,15,101864,4.0,1510572902,,,ml-latest-small/ratings.csv
ml-latest-small,15,103249,3.5,1510573234,,,ml-latest-small/ratings.csv
ml-latest-small,15,104841,4.5,1510572095,,,ml-latest-small/ratings.csv
ml-latest-small,15,105504,4.0,1510572616,,,ml-latest-small/ratings.csv
ml-latest-small,15,109374,2.0,1510572056,,,ml-latest-small/ratings.csv
ml-latest-small,15,109487,4.0,1510571878,,,ml-latest-small/ratings.csv
ml-latest-small,15,110102,1.5,1510573153,,,ml-latest-small/ratings.csv
ml-latest-small,15,111759,4.5,1510572026,,,ml-latest-small/ratings.csv
ml-latest-small,15,112556,4.5,1510572466,,,ml-latest-small/ratings.csv
ml-latest-small,15,112852,1.5,1510571973,,,ml-latest-small/ratings.csv
ml-latest-small,15,115149,2.0,1510572159,,,ml-latest-small/ratings.csv
ml-latest-small,15,115713,2.0,1510572009,,,ml-latest-small/ratings.csv
ml-latest-small,15,120466,2.5,1510573154,,,ml-latest-small/ratings.csv
ml-latest-small,15,122882,2.0,1510572126,,,ml-latest-small/ratings.csv
ml-latest-small,15,122886,5.0,1510572679,,,ml-latest-small/ratings.csv
ml-latest-small,15,122904,2.0,1510571949,,,ml-latest-small/ratings.csv
ml-latest-small,15,122922,2.0,1510572670,,,ml-latest-small/ratings.csv
ml-latest-small,15,122924,1.0,1510573305,,,ml-latest-small/ratings.csv
ml-latest-small,15,134130,4.0,1510571883,,,ml-latest-small/ratings.csv
ml-latest-small,15,134853,4.5,1510572481,,,ml-latest-small/ratings.csv
ml-latest-small,15,143385,3.0,1510572581,,,ml-latest-small/ratings.csv
ml-latest-small,15,152077,5.0,1510572535,,,ml-latest-small/ratings.csv
ml-latest-small,15,152081,3.0,1510578039,,,ml-latest-small/ratings.csv
ml-latest-small,15,158872,3.5,1510578028,,,ml-latest-small/ratings.csv
ml-latest-small,15,160980,3.5,1510572512,,,ml-latest-small/ratings.csv
ml-latest-small,15,166528,5.0,1510572789,,,ml-latest-small/ratings.csv
ml-latest-small,15,166635,3.5,1510572516,,,ml-latest-small/ratings.csv
ml-latest-small,16,47,3.5,1377477814,,,ml-latest-small/ratings.csv
ml-latest-small,16,50,4.0,1377476781,,,ml-latest-small/ratings.csv
ml-latest-small,16,111,4.5,1377477446,,,ml-latest-small/ratings.csv
ml-latest-small,16,204,2.0,1377476617,,,ml-latest-small/ratings.csv
ml-latest-small,16,260,3.0,1377476936,,,ml-latest-small/ratings.csv
ml-latest-small,16,293,4.0,1377477870,,,ml-latest-small/ratings.csv
ml-latest-small,16,296,3.0,1377477302,,,ml-latest-small/ratings.csv
ml-latest-small,16,318,4.0,1377476766,,,ml-latest-small/ratings.csv
ml-latest-small,16,319,4.0,1377476675,,,ml-latest-small/ratings.csv
ml-latest-small,16,356,3.5,1377477951,,,ml-latest-small/ratings.csv
ml-latest-small,16,527,4.0,1377476787,,,ml-latest-small/ratings.csv
ml-latest-small,16,541,4.5,1377477340,,,ml-latest-small/ratings.csv
ml-latest-small,16,593,3.0,1377476977,,,ml-latest-small/ratings.csv
ml-latest-small,16,608,4.5,1377477406,,,ml-latest-small/ratings.csv
ml-latest-small,16,678,4.0,1377477470,,,ml-latest-small/ratings.csv
ml-latest-small,16,745,4.0,1377476943,,,ml-latest-small/ratings.csv
ml-latest-small,16,750,4.5,1377476825,,,ml-latest-small/ratings.csv
ml-latest-small,16,849,4.0,1377476589,,,ml-latest-small/ratings.csv
ml-latest-small,16,858,2.5,1377476772,,,ml-latest-small/ratings.csv
ml-latest-small,16,904,3.5,1377476805,,,ml-latest-small/ratings.csv
ml-latest-small,16,912,3.5,1377476810,,,ml-latest-small/ratings.csv
ml-latest-small,16,913,4.0,1377477016,,,ml-latest-small/ratings.csv
ml-latest-small,16,923,3.5,1377477349,,,ml-latest-small/ratings.csv
ml-latest-small,16,1089,4.0,1377477608,,,ml-latest-small/ratings.csv
ml-latest-small,16,1136,4.0,1377476972,,,ml-latest-small/ratings.csv
ml-latest-small,16,1147,4.0,1377477315,,,ml-latest-small/ratings.csv
ml-latest-small,16,1148,4.0,1377476909,,,ml-latest-small/ratings.csv
ml-latest-small,16,1186,3.5,1377476649,,,ml-latest-small/ratings.csv
ml-latest-small,16,1188,2.5,1377476656,,,ml-latest-small/ratings.csv
ml-latest-small,16,1193,4.0,1377476813,,,ml-latest-small/ratings.csv
ml-latest-small,16,1196,3.0,1377476993,,,ml-latest-small/ratings.csv
ml-latest-small,16,1197,4.0,1377477008,,,ml-latest-small/ratings.csv
ml-latest-small,16,1198,3.5,1377476852,,,ml-latest-small/ratings.csv
ml-latest-small,16,1199,5.0,1377477911,,,ml-latest-small/ratings.csv
ml-latest-small,16,1201,3.0,1377477410,,,ml-latest-small/ratings.csv
ml-latest-small,16,1203,4.0,1377476856,,,ml-latest-small/ratings.csv
ml-latest-small,16,1207,4.0,1377476891,,,ml-latest-small/ratings.csv
ml-latest-small,16,1208,4.0,1377477450,,,ml-latest-small/ratings.csv
ml-latest-small,16,1213,3.5,1377476956,,,ml-latest-small/ratings.csv
ml-latest-small,16,1214,4.0,1377477839,,,ml-latest-small/ratings.csv
ml-latest-small,16,1219,3.0,1377477594,,,ml-latest-small/ratings.csv
ml-latest-small,16,1222,4.5,1377477957,,,ml-latest-small/ratings.csv
ml-latest-small,16,1223,4.0,1377477855,,,ml-latest-small/ratings.csv
ml-latest-small,16,1230,4.0,1377477576,,,ml-latest-small/ratings.csv
ml-latest-small,16,1247,4.0,1377477535,,,ml-latest-small/ratings.csv
ml-latest-small,16,1252,4.5,1377476948,,,ml-latest-small/ratings.csv
ml-latest-small,16,1260,4.0,1377476887,,,ml-latest-small/ratings.csv
ml-latest-small,16,1261,4.0,1377476629,,,ml-latest-small/ratings.csv
ml-latest-small,16,1267,4.0,1377477387,,,ml-latest-small/ratings.csv
ml-latest-small,16,1276,4.0,1377477457,,,ml-latest-small/ratings.csv
ml-latest-small,16,1281,3.0,1377477580,,,ml-latest-small/ratings.csv
ml-latest-small,16,1299,4.0,1377477583,,,ml-latest-small/ratings.csv
ml-latest-small,16,1617,3.5,1377477542,,,ml-latest-small/ratings.csv
ml-latest-small,16,1680,3.5,1377476680,,,ml-latest-small/ratings.csv
ml-latest-small,16,1704,3.5,1377477954,,,ml-latest-small/ratings.csv
ml-latest-small,16,2019,4.0,1377476792,,,ml-latest-small/ratings.csv
ml-latest-small,16,2109,3.5,1377476690,,,ml-latest-small/ratings.csv
ml-latest-small,16,2329,3.5,1377477278,,,ml-latest-small/ratings.csv
ml-latest-small,16,2427,1.5,1377476573,,,ml-latest-small/ratings.csv
ml-latest-small,16,2490,3.0,1377476611,,,ml-latest-small/ratings.csv
ml-latest-small,16,2571,3.5,1377476921,,,ml-latest-small/ratings.csv
ml-latest-small,16,2641,3.0,1377476582,,,ml-latest-small/ratings.csv
ml-latest-small,16,2707,3.5,1377476693,,,ml-latest-small/ratings.csv
ml-latest-small,16,2723,3.5,1377476594,,,ml-latest-small/ratings.csv
ml-latest-small,16,2762,3.5,1377477612,,,ml-latest-small/ratings.csv
ml-latest-small,16,2858,3.5,1377476998,,,ml-latest-small/ratings.csv
ml-latest-small,16,2959,3.5,1377476874,,,ml-latest-small/ratings.csv
ml-latest-small,16,3000,4.0,1377477521,,,ml-latest-small/ratings.csv
ml-latest-small,16,3022,3.5,1377477000,,,ml-latest-small/ratings.csv
ml-latest-small,16,3108,4.0,1377476635,,,ml-latest-small/ratings.csv
ml-latest-small,16,3174,3.5,1377476640,,,ml-latest-small/ratings.csv
ml-latest-small,16,3429,3.5,1377477379,,,ml-latest-small/ratings.csv
ml-latest-small,16,3683,4.0,1377477908,,,ml-latest-small/ratings.csv
ml-latest-small,16,3741,4.0,1377477903,,,ml-latest-small/ratings.csv
ml-latest-small,16,3949,4.0,1377477886,,,ml-latest-small/ratings.csv
ml-latest-small,16,4002,3.5,1377476669,,,ml-latest-small/ratings.csv
ml-latest-small,16,4011,3.0,1377477891,,,ml-latest-small/ratings.csv
ml-latest-small,16,4226,4.5,1377476925,,,ml-latest-small/ratings.csv
ml-latest-small,16,4878,3.5,1377477936,,,ml-latest-small/ratings.csv
ml-latest-small,16,4973,4.0,1377476860,,,ml-latest-small/ratings.csv
ml-latest-small,16,4993,3.5,1377477289,,,ml-latest-small/ratings.csv
ml-latest-small,16,5618,4.5,1377476877,,,ml-latest-small/ratings.csv
ml-latest-small,16,5782,4.0,1377477435,,,ml-latest-small/ratings.csv
ml-latest-small,16,5952,3.5,1377477424,,,ml-latest-small/ratings.csv
ml-latest-small,16,5971,4.0,1377477298,,,ml-latest-small/ratings.csv
ml-latest-small,16,6350,3.5,1377477637,,,ml-latest-small/ratings.csv
ml-latest-small,16,7099,3.5,1377477464,,,ml-latest-small/ratings.csv
ml-latest-small,16,7153,3.5,1377477293,,,ml-latest-small/ratings.csv
ml-latest-small,16,7361,3.5,1377477402,,,ml-latest-small/ratings.csv
ml-latest-small,16,27611,4.0,1377477684,,,ml-latest-small/ratings.csv
ml-latest-small,16,27773,4.0,1377477507,,,ml-latest-small/ratings.csv
ml-latest-small,16,48394,4.0,1377477809,,,ml-latest-small/ratings.csv
ml-latest-small,16,58559,4.5,1377476817,,,ml-latest-small/ratings.csv
ml-latest-small,16,60069,4.0,1377477834,,,ml-latest-small/ratings.csv
ml-latest-small,16,68954,4.0,1377477654,,,ml-latest-small/ratings.csv
ml-latest-small,16,78499,4.5,1377477830,,,ml-latest-small/ratings.csv
ml-latest-small,16,79132,3.0,1377476916,,,ml-latest-small/ratings.csv
ml-latest-small,16,91529,4.5,1377477940,,,ml-latest-small/ratings.csv
ml-latest-small,17,1,4.5,1305696483,,,ml-latest-small/ratings.csv
ml-latest-small,17,44,3.5,1305696245,,,ml-latest-small/ratings.csv
ml-latest-small,17,47,4.0,1307262715,,,ml-latest-small/ratings.csv
ml-latest-small,17,50,4.5,1305697013,,,ml-latest-small/ratings.csv
ml-latest-small,17,110,4.5,1305696470,,,ml-latest-small/ratings.csv
ml-latest-small,17,111,4.0,1326943208,,,ml-latest-small/ratings.csv
ml-latest-small,17,150,3.5,1305696497,,,ml-latest-small/ratings.csv
ml-latest-small,17,260,5.0,1305696468,,,ml-latest-small/ratings.csv
ml-latest-small,17,293,3.5,1307262308,,,ml-latest-small/ratings.csv
ml-latest-small,17,296,5.0,1305696455,,,ml-latest-small/ratings.csv
ml-latest-small,17,318,5.0,1305696465,,,ml-latest-small/ratings.csv
ml-latest-small,17,356,5.0,1305696457,,,ml-latest-small/ratings.csv
ml-latest-small,17,480,4.5,1305696463,,,ml-latest-small/ratings.csv
ml-latest-small,17,527,4.5,1305696664,,,ml-latest-small/ratings.csv
ml-latest-small,17,541,3.5,1322628857,,,ml-latest-small/ratings.csv
ml-latest-small,17,589,4.5,1305696475,,,ml-latest-small/ratings.csv
ml-latest-small,17,590,4.5,1305696492,,,ml-latest-small/ratings.csv
ml-latest-small,17,592,4.5,1305696480,,,ml-latest-small/ratings.csv
ml-latest-small,17,593,4.5,1305696461,,,ml-latest-small/ratings.csv
ml-latest-small,17,750,4.5,1307262443,,,ml-latest-small/ratings.csv
ml-latest-small,17,780,4.0,1305696486,,,ml-latest-small/ratings.csv
ml-latest-small,17,858,5.0,1305696683,,,ml-latest-small/ratings.csv
ml-latest-small,17,899,3.5,1305696265,,,ml-latest-small/ratings.csv
ml-latest-small,17,904,4.0,1307262274,,,ml-latest-small/ratings.csv
ml-latest-small,17,910,3.5,1305696226,,,ml-latest-small/ratings.csv
ml-latest-small,17,1032,4.5,1305696325,,,ml-latest-small/ratings.csv
ml-latest-small,17,1036,4.0,1305696741,,,ml-latest-small/ratings.csv
ml-latest-small,17,1089,4.0,1307262280,,,ml-latest-small/ratings.csv
ml-latest-small,17,1090,4.5,1322629080,,,ml-latest-small/ratings.csv
ml-latest-small,17,1093,4.0,1305696318,,,ml-latest-small/ratings.csv
ml-latest-small,17,1100,3.5,1305696352,,,ml-latest-small/ratings.csv
ml-latest-small,17,1193,4.5,1305696771,,,ml-latest-small/ratings.csv
ml-latest-small,17,1196,5.0,1305696635,,,ml-latest-small/ratings.csv
ml-latest-small,17,1197,3.5,1305696774,,,ml-latest-small/ratings.csv
ml-latest-small,17,1198,4.5,1305696619,,,ml-latest-small/ratings.csv
ml-latest-small,17,1201,5.0,1305696878,,,ml-latest-small/ratings.csv
ml-latest-small,17,1206,5.0,1322628945,,,ml-latest-small/ratings.csv
ml-latest-small,17,1209,3.5,1307262267,,,ml-latest-small/ratings.csv
ml-latest-small,17,1210,5.0,1305696490,,,ml-latest-small/ratings.csv
ml-latest-small,17,1213,4.5,1305696699,,,ml-latest-small/ratings.csv
ml-latest-small,17,1221,4.5,1305696752,,,ml-latest-small/ratings.csv
ml-latest-small,17,1222,4.5,1305696870,,,ml-latest-small/ratings.csv
ml-latest-small,17,1228,4.5,1326943248,,,ml-latest-small/ratings.csv
ml-latest-small,17,1234,4.0,1305696795,,,ml-latest-small/ratings.csv
ml-latest-small,17,1240,5.0,1305696931,,,ml-latest-small/ratings.csv
ml-latest-small,17,1252,4.0,1307262291,,,ml-latest-small/ratings.csv
ml-latest-small,17,1258,4.0,1322628838,,,ml-latest-small/ratings.csv
ml-latest-small,17,1259,4.0,1305696786,,,ml-latest-small/ratings.csv
ml-latest-small,17,1263,4.0,1305696254,,,ml-latest-small/ratings.csv
ml-latest-small,17,1270,4.5,1305696846,,,ml-latest-small/ratings.csv
ml-latest-small,17,1291,4.0,1305696691,,,ml-latest-small/ratings.csv
ml-latest-small,17,1358,3.0,1322629202,,,ml-latest-small/ratings.csv
ml-latest-small,17,1375,3.5,1305696232,,,ml-latest-small/ratings.csv
ml-latest-small,17,1405,4.0,1305696277,,,ml-latest-small/ratings.csv
ml-latest-small,17,1466,3.0,1322629229,,,ml-latest-small/ratings.csv
ml-latest-small,17,1732,5.0,1322629209,,,ml-latest-small/ratings.csv
ml-latest-small,17,1967,4.0,1305696313,,,ml-latest-small/ratings.csv
ml-latest-small,17,2005,4.0,1305696258,,,ml-latest-small/ratings.csv
ml-latest-small,17,2019,3.5,1307262285,,,ml-latest-small/ratings.csv
ml-latest-small,17,2028,4.5,1305696726,,,ml-latest-small/ratings.csv
ml-latest-small,17,2194,4.0,1305696788,,,ml-latest-small/ratings.csv
ml-latest-small,17,2329,4.5,1305696670,,,ml-latest-small/ratings.csv
ml-latest-small,17,2502,4.5,1322629245,,,ml-latest-small/ratings.csv
ml-latest-small,17,2571,5.0,1305696756,,,ml-latest-small/ratings.csv
ml-latest-small,17,2717,3.5,1305696306,,,ml-latest-small/ratings.csv
ml-latest-small,17,2762,4.0,1305696835,,,ml-latest-small/ratings.csv
ml-latest-small,17,2858,4.0,1322628761,,,ml-latest-small/ratings.csv
ml-latest-small,17,2959,4.5,1305696867,,,ml-latest-small/ratings.csv
ml-latest-small,17,3039,4.5,1305696285,,,ml-latest-small/ratings.csv
ml-latest-small,17,3147,4.5,1322629233,,,ml-latest-small/ratings.csv
ml-latest-small,17,3263,4.0,1305696358,,,ml-latest-small/ratings.csv
ml-latest-small,17,3435,3.5,1307262260,,,ml-latest-small/ratings.csv
ml-latest-small,17,3508,4.0,1305696721,,,ml-latest-small/ratings.csv
ml-latest-small,17,3681,4.5,1307262300,,,ml-latest-small/ratings.csv
ml-latest-small,17,3702,3.5,1305696292,,,ml-latest-small/ratings.csv
ml-latest-small,17,3949,4.5,1322629083,,,ml-latest-small/ratings.csv
ml-latest-small,17,4226,4.0,1305696762,,,ml-latest-small/ratings.csv
ml-latest-small,17,4571,4.0,1305696310,,,ml-latest-small/ratings.csv
ml-latest-small,17,4993,4.5,1305696817,,,ml-latest-small/ratings.csv
ml-latest-small,17,5618,5.0,1322628751,,,ml-latest-small/ratings.csv
ml-latest-small,17,5782,4.0,1305696779,,,ml-latest-small/ratings.csv
ml-latest-small,17,5952,5.0,1305696823,,,ml-latest-small/ratings.csv
ml-latest-small,17,5971,4.0,1326943200,,,ml-latest-small/ratings.csv
ml-latest-small,17,6016,4.5,1322628668,,,ml-latest-small/ratings.csv
ml-latest-small,17,6350,5.0,1322628881,,,ml-latest-small/ratings.csv
ml-latest-small,17,6870,3.5,1322629189,,,ml-latest-small/ratings.csv
ml-latest-small,17,7099,5.0,1322628786,,,ml-latest-small/ratings.csv
ml-latest-small,17,7153,4.5,1305696820,,,ml-latest-small/ratings.csv
ml-latest-small,17,7482,4.0,1305696864,,,ml-latest-small/ratings.csv
ml-latest-small,17,27773,4.0,1322628790,,,ml-latest-small/ratings.csv
ml-latest-small,17,31658,4.5,1322629178,,,ml-latest-small/ratings.csv
ml-latest-small,17,33794,4.0,1305696851,,,ml-latest-small/ratings.csv
ml-latest-small,17,48394,4.5,1322629142,,,ml-latest-small/ratings.csv
ml-latest-small,17,48516,4.0,1305696748,,,ml-latest-small/ratings.csv
ml-latest-small,17,58559,4.5,1305696675,,,ml-latest-small/ratings.csv
ml-latest-small,17,60069,3.5,1305696839,,,ml-latest-small/ratings.csv
ml-latest-small,17,64839,3.5,1322629112,,,ml-latest-small/ratings.csv
ml-latest-small,17,68157,4.0,1305696894,,,ml-latest-small/ratings.csv
ml-latest-small,17,68358,4.5,1322629267,,,ml-latest-small/ratings.csv
ml-latest-small,17,77455,3.5,1307262449,,,ml-latest-small/ratings.csv
ml-latest-small,17,78499,4.0,1305696624,,,ml-latest-small/ratings.csv
ml-latest-small,17,79132,4.5,1305696716,,,ml-latest-small/ratings.csv
ml-latest-small,17,80463,4.0,1305696734,,,ml-latest-small/ratings.csv
ml-latest-small,17,81932,3.5,1305696681,,,ml-latest-small/ratings.csv
ml-latest-small,17,82459,4.0,1305696644,,,ml-latest-small/ratings.csv
ml-latest-small,18,1,3.5,1455209816,,,ml-latest-small/ratings.csv
ml-latest-small,18,2,3.0,1455617462,,,ml-latest-small/ratings.csv
ml-latest-small,18,6,4.0,1460138360,,,ml-latest-small/ratings.csv
ml-latest-small,18,16,4.5,1461311583,,,ml-latest-small/ratings.csv
ml-latest-small,18,32,4.0,1455209840,,,ml-latest-small/ratings.csv
ml-latest-small,18,34,2.5,1455617533,,,ml-latest-small/ratings.csv
ml-latest-small,18,36,4.0,1455617478,,,ml-latest-small/ratings.csv
ml-latest-small,18,47,4.5,1455050013,,,ml-latest-small/ratings.csv
ml-latest-small,18,50,5.0,1455049343,,,ml-latest-small/ratings.csv
ml-latest-small,18,70,3.5,1455735732,,,ml-latest-small/ratings.csv
ml-latest-small,18,104,2.5,1455748792,,,ml-latest-small/ratings.csv
ml-latest-small,18,110,4.5,1455050170,,,ml-latest-small/ratings.csv
ml-latest-small,18,111,4.0,1458516249,,,ml-latest-small/ratings.csv
ml-latest-small,18,145,3.5,1456864434,,,ml-latest-small/ratings.csv
ml-latest-small,18,163,4.0,1455748933,,,ml-latest-small/ratings.csv
ml-latest-small,18,165,4.0,1455209902,,,ml-latest-small/ratings.csv
ml-latest-small,18,180,4.0,1455617692,,,ml-latest-small/ratings.csv
ml-latest-small,18,208,3.0,1455617516,,,ml-latest-small/ratings.csv
ml-latest-small,18,223,4.0,1455617470,,,ml-latest-small/ratings.csv
ml-latest-small,18,231,2.5,1455748462,,,ml-latest-small/ratings.csv
ml-latest-small,18,235,4.5,1455529905,,,ml-latest-small/ratings.csv
ml-latest-small,18,260,4.0,1455049368,,,ml-latest-small/ratings.csv
ml-latest-small,18,288,4.0,1455617466,,,ml-latest-small/ratings.csv
ml-latest-small,18,293,4.5,1455050049,,,ml-latest-small/ratings.csv
ml-latest-small,18,296,4.0,1455050745,,,ml-latest-small/ratings.csv
ml-latest-small,18,318,5.0,1455049328,,,ml-latest-small/ratings.csv
ml-latest-small,18,329,4.0,1455231677,,,ml-latest-small/ratings.csv
ml-latest-small,18,337,4.0,1455748833,,,ml-latest-small/ratings.csv
ml-latest-small,18,344,2.5,1455209869,,,ml-latest-small/ratings.csv
ml-latest-small,18,356,4.5,1455050112,,,ml-latest-small/ratings.csv
ml-latest-small,18,364,3.0,1455209887,,,ml-latest-small/ratings.csv
ml-latest-small,18,367,2.5,1455618093,,,ml-latest-small/ratings.csv
ml-latest-small,18,370,3.0,1455748940,,,ml-latest-small/ratings.csv
ml-latest-small,18,374,2.5,1455617791,,,ml-latest-small/ratings.csv
ml-latest-small,18,377,2.5,1455209879,,,ml-latest-small/ratings.csv
ml-latest-small,18,380,2.5,1455209846,,,ml-latest-small/ratings.csv
ml-latest-small,18,431,4.0,1462138790,,,ml-latest-small/ratings.csv
ml-latest-small,18,435,2.0,1459946774,,,ml-latest-small/ratings.csv
ml-latest-small,18,442,3.0,1455748803,,,ml-latest-small/ratings.csv
ml-latest-small,18,457,3.5,1477432493,,,ml-latest-small/ratings.csv
ml-latest-small,18,466,2.5,1459946776,,,ml-latest-small/ratings.csv
ml-latest-small,18,480,3.5,1455209811,,,ml-latest-small/ratings.csv
ml-latest-small,18,500,3.5,1455618095,,,ml-latest-small/ratings.csv
ml-latest-small,18,502,2.0,1456864767,,,ml-latest-small/ratings.csv
ml-latest-small,18,508,4.0,1455749987,,,ml-latest-small/ratings.csv
ml-latest-small,18,527,4.5,1455050006,,,ml-latest-small/ratings.csv
ml-latest-small,18,541,4.0,1456745325,,,ml-latest-small/ratings.csv
ml-latest-small,18,555,4.0,1504907725,,,ml-latest-small/ratings.csv
ml-latest-small,18,586,3.5,1455748696,,,ml-latest-small/ratings.csv
ml-latest-small,18,588,3.5,1455209912,,,ml-latest-small/ratings.csv
ml-latest-small,18,589,4.5,1455209793,,,ml-latest-small/ratings.csv
ml-latest-small,18,590,4.0,1455209837,,,ml-latest-small/ratings.csv
ml-latest-small,18,593,4.5,1455050067,,,ml-latest-small/ratings.csv
ml-latest-small,18,595,3.0,1455209900,,,ml-latest-small/ratings.csv
ml-latest-small,18,608,4.5,1455050069,,,ml-latest-small/ratings.csv
ml-latest-small,18,628,3.5,1459495567,,,ml-latest-small/ratings.csv
ml-latest-small,18,648,3.0,1455209873,,,ml-latest-small/ratings.csv
ml-latest-small,18,653,3.0,1456955524,,,ml-latest-small/ratings.csv
ml-latest-small,18,673,3.0,1455735781,,,ml-latest-small/ratings.csv
ml-latest-small,18,745,4.0,1460242118,,,ml-latest-small/ratings.csv
ml-latest-small,18,778,4.5,1455050179,,,ml-latest-small/ratings.csv
ml-latest-small,18,780,4.0,1455209824,,,ml-latest-small/ratings.csv
ml-latest-small,18,784,2.0,1455735643,,,ml-latest-small/ratings.csv
ml-latest-small,18,849,3.5,1455735861,,,ml-latest-small/ratings.csv
ml-latest-small,18,858,4.0,1455050024,,,ml-latest-small/ratings.csv
ml-latest-small,18,904,4.5,1455050080,,,ml-latest-small/ratings.csv
ml-latest-small,18,908,4.0,1455748398,,,ml-latest-small/ratings.csv
ml-latest-small,18,913,4.0,1517525849,,,ml-latest-small/ratings.csv
ml-latest-small,18,919,4.0,1455748544,,,ml-latest-small/ratings.csv
ml-latest-small,18,923,5.0,1455059762,,,ml-latest-small/ratings.csv
ml-latest-small,18,924,4.0,1458516291,,,ml-latest-small/ratings.csv
ml-latest-small,18,1020,3.5,1456955800,,,ml-latest-small/ratings.csv
ml-latest-small,18,1036,4.0,1455618103,,,ml-latest-small/ratings.csv
ml-latest-small,18,1059,3.5,1455735783,,,ml-latest-small/ratings.csv
ml-latest-small,18,1080,4.5,1455231152,,,ml-latest-small/ratings.csv
ml-latest-small,18,1086,4.0,1473368992,,,ml-latest-small/ratings.csv
ml-latest-small,18,1089,4.0,1455051391,,,ml-latest-small/ratings.csv
ml-latest-small,18,1095,4.0,1502911292,,,ml-latest-small/ratings.csv
ml-latest-small,18,1136,4.5,1455210625,,,ml-latest-small/ratings.csv
ml-latest-small,18,1148,4.5,1455050359,,,ml-latest-small/ratings.csv
ml-latest-small,18,1193,4.5,1517686025,,,ml-latest-small/ratings.csv
ml-latest-small,18,1196,4.0,1455209805,,,ml-latest-small/ratings.csv
ml-latest-small,18,1198,4.0,1455049377,,,ml-latest-small/ratings.csv
ml-latest-small,18,1201,5.0,1455051405,,,ml-latest-small/ratings.csv
ml-latest-small,18,1203,5.0,1455050107,,,ml-latest-small/ratings.csv
ml-latest-small,18,1206,4.5,1455050357,,,ml-latest-small/ratings.csv
ml-latest-small,18,1207,4.5,1455050736,,,ml-latest-small/ratings.csv
ml-latest-small,18,1208,3.5,1455051397,,,ml-latest-small/ratings.csv
ml-latest-small,18,1209,5.0,1455050528,,,ml-latest-small/ratings.csv
ml-latest-small,18,1210,4.5,1455209798,,,ml-latest-small/ratings.csv
ml-latest-small,18,1212,4.5,1455059742,,,ml-latest-small/ratings.csv
ml-latest-small,18,1213,4.5,1455050000,,,ml-latest-small/ratings.csv
ml-latest-small,18,1214,4.0,1455050629,,,ml-latest-small/ratings.csv
ml-latest-small,18,1219,4.5,1455050177,,,ml-latest-small/ratings.csv
ml-latest-small,18,1221,5.0,1460242083,,,ml-latest-small/ratings.csv
ml-latest-small,18,1222,4.5,1455050183,,,ml-latest-small/ratings.csv
ml-latest-small,18,1223,4.5,1455050616,,,ml-latest-small/ratings.csv
ml-latest-small,18,1227,4.5,1485097725,,,ml-latest-small/ratings.csv
ml-latest-small,18,1234,4.5,1455820726,,,ml-latest-small/ratings.csv
ml-latest-small,18,1240,4.0,1455618100,,,ml-latest-small/ratings.csv
ml-latest-small,18,1245,4.0,1503000947,,,ml-latest-small/ratings.csv
ml-latest-small,18,1246,4.0,1455618445,,,ml-latest-small/ratings.csv
ml-latest-small,18,1247,4.5,1455050172,,,ml-latest-small/ratings.csv
ml-latest-small,18,1252,4.0,1457565435,,,ml-latest-small/ratings.csv
ml-latest-small,18,1260,4.0,1455059781,,,ml-latest-small/ratings.csv
ml-latest-small,18,1270,4.0,1455748627,,,ml-latest-small/ratings.csv
ml-latest-small,18,1275,3.5,1456745019,,,ml-latest-small/ratings.csv
ml-latest-small,18,1276,4.0,1456438623,,,ml-latest-small/ratings.csv
ml-latest-small,18,1291,4.0,1455059809,,,ml-latest-small/ratings.csv
ml-latest-small,18,1356,4.5,1455231686,,,ml-latest-small/ratings.csv
ml-latest-small,18,1370,3.5,1455748921,,,ml-latest-small/ratings.csv
ml-latest-small,18,1371,4.0,1455617646,,,ml-latest-small/ratings.csv
ml-latest-small,18,1374,4.5,1456958429,,,ml-latest-small/ratings.csv
ml-latest-small,18,1375,3.5,1455231757,,,ml-latest-small/ratings.csv
ml-latest-small,18,1391,3.0,1455529835,,,ml-latest-small/ratings.csv
ml-latest-small,18,1466,4.0,1476901312,,,ml-latest-small/ratings.csv
ml-latest-small,18,1517,2.5,1455748555,,,ml-latest-small/ratings.csv
ml-latest-small,18,1527,3.5,1455050095,,,ml-latest-small/ratings.csv
ml-latest-small,18,1544,3.5,1455735715,,,ml-latest-small/ratings.csv
ml-latest-small,18,1580,3.5,1455748435,,,ml-latest-small/ratings.csv
ml-latest-small,18,1608,3.0,1455735712,,,ml-latest-small/ratings.csv
ml-latest-small,18,1617,4.0,1459375071,,,ml-latest-small/ratings.csv
ml-latest-small,18,1625,3.5,1476823531,,,ml-latest-small/ratings.csv
ml-latest-small,18,1653,3.5,1455748777,,,ml-latest-small/ratings.csv
ml-latest-small,18,1676,3.5,1455735650,,,ml-latest-small/ratings.csv
ml-latest-small,18,1682,3.0,1455231395,,,ml-latest-small/ratings.csv
ml-latest-small,18,1704,4.0,1455050003,,,ml-latest-small/ratings.csv
ml-latest-small,18,1721,4.0,1455748443,,,ml-latest-small/ratings.csv
ml-latest-small,18,1729,4.0,1465468014,,,ml-latest-small/ratings.csv
ml-latest-small,18,1732,4.5,1456958438,,,ml-latest-small/ratings.csv
ml-latest-small,18,1784,3.5,1456672335,,,ml-latest-small/ratings.csv
ml-latest-small,18,1805,3.5,1456956041,,,ml-latest-small/ratings.csv
ml-latest-small,18,1892,4.0,1458679104,,,ml-latest-small/ratings.csv
ml-latest-small,18,1917,3.0,1455748548,,,ml-latest-small/ratings.csv
ml-latest-small,18,1918,3.5,1455735827,,,ml-latest-small/ratings.csv
ml-latest-small,18,1924,2.5,1456875333,,,ml-latest-small/ratings.csv
ml-latest-small,18,1954,4.0,1455749673,,,ml-latest-small/ratings.csv
ml-latest-small,18,1961,4.0,1455050512,,,ml-latest-small/ratings.csv
ml-latest-small,18,2000,4.0,1455529833,,,ml-latest-small/ratings.csv
ml-latest-small,18,2001,3.5,1455749721,,,ml-latest-small/ratings.csv
ml-latest-small,18,2002,3.5,1456395560,,,ml-latest-small/ratings.csv
ml-latest-small,18,2011,3.5,1455748634,,,ml-latest-small/ratings.csv
ml-latest-small,18,2012,3.0,1455748610,,,ml-latest-small/ratings.csv
ml-latest-small,18,2019,4.0,1455050114,,,ml-latest-small/ratings.csv
ml-latest-small,18,2028,4.0,1455209855,,,ml-latest-small/ratings.csv
ml-latest-small,18,2058,3.5,1476911164,,,ml-latest-small/ratings.csv
ml-latest-small,18,2115,4.0,1455748562,,,ml-latest-small/ratings.csv
ml-latest-small,18,2184,3.0,1512850460,,,ml-latest-small/ratings.csv
ml-latest-small,18,2194,3.5,1464994625,,,ml-latest-small/ratings.csv
ml-latest-small,18,2268,4.0,1456672532,,,ml-latest-small/ratings.csv
ml-latest-small,18,2278,3.5,1464907405,,,ml-latest-small/ratings.csv
ml-latest-small,18,2291,4.0,1455748560,,,ml-latest-small/ratings.csv
ml-latest-small,18,2324,4.5,1475001075,,,ml-latest-small/ratings.csv
ml-latest-small,18,2329,4.0,1455209651,,,ml-latest-small/ratings.csv
ml-latest-small,18,2409,4.0,1455749696,,,ml-latest-small/ratings.csv
ml-latest-small,18,2410,3.5,1456958417,,,ml-latest-small/ratings.csv
ml-latest-small,18,2411,3.0,1455749718,,,ml-latest-small/ratings.csv
ml-latest-small,18,2412,3.0,1456875250,,,ml-latest-small/ratings.csv
ml-latest-small,18,2420,4.0,1455749756,,,ml-latest-small/ratings.csv
ml-latest-small,18,2421,3.0,1455749739,,,ml-latest-small/ratings.csv
ml-latest-small,18,2422,3.0,1456864794,,,ml-latest-small/ratings.csv
ml-latest-small,18,2470,3.0,1455529935,,,ml-latest-small/ratings.csv
ml-latest-small,18,2490,3.5,1504894686,,,ml-latest-small/ratings.csv
ml-latest-small,18,2542,4.5,1456584499,,,ml-latest-small/ratings.csv
ml-latest-small,18,2571,4.5,1455209654,,,ml-latest-small/ratings.csv
ml-latest-small,18,2683,2.5,1455231399,,,ml-latest-small/ratings.csv
ml-latest-small,18,2692,3.0,1455231448,,,ml-latest-small/ratings.csv
ml-latest-small,18,2706,3.5,1455231410,,,ml-latest-small/ratings.csv
ml-latest-small,18,2762,4.5,1455209891,,,ml-latest-small/ratings.csv
ml-latest-small,18,2918,3.5,1455748728,,,ml-latest-small/ratings.csv
ml-latest-small,18,2951,4.5,1455735323,,,ml-latest-small/ratings.csv
ml-latest-small,18,2953,3.0,1456875367,,,ml-latest-small/ratings.csv
ml-latest-small,18,2959,4.5,1455049351,,,ml-latest-small/ratings.csv
ml-latest-small,18,2997,4.0,1455231386,,,ml-latest-small/ratings.csv
ml-latest-small,18,3052,4.5,1455231506,,,ml-latest-small/ratings.csv
ml-latest-small,18,3081,4.0,1455231488,,,ml-latest-small/ratings.csv
ml-latest-small,18,3147,4.0,1455231412,,,ml-latest-small/ratings.csv
ml-latest-small,18,3253,3.0,1512850503,,,ml-latest-small/ratings.csv
ml-latest-small,18,3257,3.0,1456864683,,,ml-latest-small/ratings.csv
ml-latest-small,18,3275,4.5,1455617700,,,ml-latest-small/ratings.csv
ml-latest-small,18,3462,4.0,1476393345,,,ml-latest-small/ratings.csv
ml-latest-small,18,3578,4.5,1455209857,,,ml-latest-small/ratings.csv
ml-latest-small,18,3681,4.5,1455735337,,,ml-latest-small/ratings.csv
ml-latest-small,18,3702,3.5,1457382557,,,ml-latest-small/ratings.csv
ml-latest-small,18,3751,3.5,1455529841,,,ml-latest-small/ratings.csv
ml-latest-small,18,3785,2.0,1455231603,,,ml-latest-small/ratings.csv
ml-latest-small,18,3793,4.0,1464994762,,,ml-latest-small/ratings.csv
ml-latest-small,18,3896,4.0,1504894830,,,ml-latest-small/ratings.csv
ml-latest-small,18,3949,4.5,1455529881,,,ml-latest-small/ratings.csv
ml-latest-small,18,3994,2.5,1455231481,,,ml-latest-small/ratings.csv
ml-latest-small,18,4007,4.0,1504731757,,,ml-latest-small/ratings.csv
ml-latest-small,18,4011,4.5,1456958432,,,ml-latest-small/ratings.csv
ml-latest-small,18,4226,4.5,1455231390,,,ml-latest-small/ratings.csv
ml-latest-small,18,4239,4.0,1476901503,,,ml-latest-small/ratings.csv
ml-latest-small,18,4262,4.0,1456772015,,,ml-latest-small/ratings.csv
ml-latest-small,18,4306,4.0,1455209697,,,ml-latest-small/ratings.csv
ml-latest-small,18,4327,4.0,1455735349,,,ml-latest-small/ratings.csv
ml-latest-small,18,4383,4.0,1486846015,,,ml-latest-small/ratings.csv
ml-latest-small,18,4643,3.0,1456395471,,,ml-latest-small/ratings.csv
ml-latest-small,18,4728,3.0,1457005711,,,ml-latest-small/ratings.csv
ml-latest-small,18,4816,3.0,1456919460,,,ml-latest-small/ratings.csv
ml-latest-small,18,4886,4.0,1455209685,,,ml-latest-small/ratings.csv
ml-latest-small,18,4896,3.5,1456923934,,,ml-latest-small/ratings.csv
ml-latest-small,18,4963,4.0,1455209694,,,ml-latest-small/ratings.csv
ml-latest-small,18,4973,4.0,1455209683,,,ml-latest-small/ratings.csv
ml-latest-small,18,4993,4.5,1455209675,,,ml-latest-small/ratings.csv
ml-latest-small,18,4995,4.5,1455209718,,,ml-latest-small/ratings.csv
ml-latest-small,18,5008,4.5,1456744749,,,ml-latest-small/ratings.csv
ml-latest-small,18,5120,4.5,1516054115,,,ml-latest-small/ratings.csv
ml-latest-small,18,5218,4.0,1455209763,,,ml-latest-small/ratings.csv
ml-latest-small,18,5266,3.5,1455050827,,,ml-latest-small/ratings.csv
ml-latest-small,18,5349,4.0,1456923908,,,ml-latest-small/ratings.csv
ml-latest-small,18,5418,4.0,1455749029,,,ml-latest-small/ratings.csv
ml-latest-small,18,5445,4.0,1455209691,,,ml-latest-small/ratings.csv
ml-latest-small,18,5459,2.5,1455050758,,,ml-latest-small/ratings.csv
ml-latest-small,18,5464,4.0,1458669462,,,ml-latest-small/ratings.csv
ml-latest-small,18,5481,3.0,1455050806,,,ml-latest-small/ratings.csv
ml-latest-small,18,5574,3.5,1455050917,,,ml-latest-small/ratings.csv
ml-latest-small,18,5608,4.0,1455821517,,,ml-latest-small/ratings.csv
ml-latest-small,18,5669,3.5,1456919349,,,ml-latest-small/ratings.csv
ml-latest-small,18,5679,4.0,1455617626,,,ml-latest-small/ratings.csv
ml-latest-small,18,5816,3.5,1456923936,,,ml-latest-small/ratings.csv
ml-latest-small,18,5903,3.5,1456832424,,,ml-latest-small/ratings.csv
ml-latest-small,18,5944,2.5,1455231780,,,ml-latest-small/ratings.csv
ml-latest-small,18,5952,3.5,1455209677,,,ml-latest-small/ratings.csv
ml-latest-small,18,5956,4.0,1455050816,,,ml-latest-small/ratings.csv
ml-latest-small,18,5989,4.0,1455209729,,,ml-latest-small/ratings.csv
ml-latest-small,18,5995,4.5,1455735416,,,ml-latest-small/ratings.csv
ml-latest-small,18,6287,3.0,1455049949,,,ml-latest-small/ratings.csv
ml-latest-small,18,6300,4.5,1500747595,,,ml-latest-small/ratings.csv
ml-latest-small,18,6333,4.0,1464994734,,,ml-latest-small/ratings.csv
ml-latest-small,18,6365,3.5,1455750315,,,ml-latest-small/ratings.csv
ml-latest-small,18,6373,3.5,1455049753,,,ml-latest-small/ratings.csv
ml-latest-small,18,6377,4.0,1455049810,,,ml-latest-small/ratings.csv
ml-latest-small,18,6378,3.0,1455049758,,,ml-latest-small/ratings.csv
ml-latest-small,18,6440,4.5,1455617896,,,ml-latest-small/ratings.csv
ml-latest-small,18,6534,3.0,1455050877,,,ml-latest-small/ratings.csv
ml-latest-small,18,6539,4.5,1455049808,,,ml-latest-small/ratings.csv
ml-latest-small,18,6548,2.0,1455050951,,,ml-latest-small/ratings.csv
ml-latest-small,18,6709,3.0,1456919632,,,ml-latest-small/ratings.csv
ml-latest-small,18,6787,4.0,1534020896,,,ml-latest-small/ratings.csv
ml-latest-small,18,6807,4.5,1458669199,,,ml-latest-small/ratings.csv
ml-latest-small,18,6863,3.5,1455049761,,,ml-latest-small/ratings.csv
ml-latest-small,18,6870,4.0,1456780831,,,ml-latest-small/ratings.csv
ml-latest-small,18,6874,3.5,1455049814,,,ml-latest-small/ratings.csv
ml-latest-small,18,6888,0.5,1455050979,,,ml-latest-small/ratings.csv
ml-latest-small,18,6934,3.0,1455750324,,,ml-latest-small/ratings.csv
ml-latest-small,18,7018,3.5,1486854151,,,ml-latest-small/ratings.csv
ml-latest-small,18,7147,4.5,1455049845,,,ml-latest-small/ratings.csv
ml-latest-small,18,7153,4.5,1455049801,,,ml-latest-small/ratings.csv
ml-latest-small,18,7254,4.5,1455049744,,,ml-latest-small/ratings.csv
ml-latest-small,18,7293,3.0,1455050834,,,ml-latest-small/ratings.csv
ml-latest-small,18,7317,3.0,1455655129,,,ml-latest-small/ratings.csv
ml-latest-small,18,7318,2.5,1455050932,,,ml-latest-small/ratings.csv
ml-latest-small,18,7323,3.0,1455049931,,,ml-latest-small/ratings.csv
ml-latest-small,18,7361,4.0,1456924036,,,ml-latest-small/ratings.csv
ml-latest-small,18,7373,3.5,1455049881,,,ml-latest-small/ratings.csv
ml-latest-small,18,7438,3.5,1455654949,,,ml-latest-small/ratings.csv
ml-latest-small,18,7753,3.5,1511639311,,,ml-latest-small/ratings.csv
ml-latest-small,18,7843,4.5,1492805510,,,ml-latest-small/ratings.csv
ml-latest-small,18,8117,4.0,1456859960,,,ml-latest-small/ratings.csv
ml-latest-small,18,8360,3.5,1455654935,,,ml-latest-small/ratings.csv
ml-latest-small,18,8361,3.0,1455231973,,,ml-latest-small/ratings.csv
ml-latest-small,18,8368,3.5,1456923938,,,ml-latest-small/ratings.csv
ml-latest-small,18,8641,2.5,1455060196,,,ml-latest-small/ratings.csv
ml-latest-small,18,8644,3.5,1455049735,,,ml-latest-small/ratings.csv
ml-latest-small,18,8665,4.0,1455749019,,,ml-latest-small/ratings.csv
ml-latest-small,18,8784,3.5,1466969253,,,ml-latest-small/ratings.csv
ml-latest-small,18,8798,4.0,1455617710,,,ml-latest-small/ratings.csv
ml-latest-small,18,8917,3.5,1455049936,,,ml-latest-small/ratings.csv
ml-latest-small,18,8950,4.0,1455049893,,,ml-latest-small/ratings.csv
ml-latest-small,18,8957,3.5,1455050859,,,ml-latest-small/ratings.csv
ml-latest-small,18,8958,4.0,1466969258,,,ml-latest-small/ratings.csv
ml-latest-small,18,8961,3.5,1455209724,,,ml-latest-small/ratings.csv
ml-latest-small,18,8984,3.0,1455049865,,,ml-latest-small/ratings.csv
ml-latest-small,18,26444,3.5,1456744938,,,ml-latest-small/ratings.csv
ml-latest-small,18,26614,3.5,1485297353,,,ml-latest-small/ratings.csv
ml-latest-small,18,27689,2.5,1476814266,,,ml-latest-small/ratings.csv
ml-latest-small,18,27716,4.5,1456859906,,,ml-latest-small/ratings.csv
ml-latest-small,18,27773,3.5,1455050621,,,ml-latest-small/ratings.csv
ml-latest-small,18,27831,3.5,1456958283,,,ml-latest-small/ratings.csv
ml-latest-small,18,27878,4.5,1526159893,,,ml-latest-small/ratings.csv
ml-latest-small,18,30793,4.0,1455050800,,,ml-latest-small/ratings.csv
ml-latest-small,18,30812,4.0,1455050855,,,ml-latest-small/ratings.csv
ml-latest-small,18,31685,2.0,1455049910,,,ml-latest-small/ratings.csv
ml-latest-small,18,32460,3.5,1492805550,,,ml-latest-small/ratings.csv
ml-latest-small,18,32587,3.5,1455654945,,,ml-latest-small/ratings.csv
ml-latest-small,18,33004,3.0,1455050852,,,ml-latest-small/ratings.csv
ml-latest-small,18,33615,3.5,1455655026,,,ml-latest-small/ratings.csv
ml-latest-small,18,33794,4.5,1455050618,,,ml-latest-small/ratings.csv
ml-latest-small,18,34150,3.5,1455049954,,,ml-latest-small/ratings.csv
ml-latest-small,18,34405,3.5,1455231107,,,ml-latest-small/ratings.csv
ml-latest-small,18,36519,3.0,1455051042,,,ml-latest-small/ratings.csv
ml-latest-small,18,36529,4.0,1455231182,,,ml-latest-small/ratings.csv
ml-latest-small,18,37386,1.5,1455050989,,,ml-latest-small/ratings.csv
ml-latest-small,18,37729,4.0,1455049923,,,ml-latest-small/ratings.csv
ml-latest-small,18,37733,4.0,1470061020,,,ml-latest-small/ratings.csv
ml-latest-small,18,37741,4.0,1455050937,,,ml-latest-small/ratings.csv
ml-latest-small,18,38038,4.0,1455049942,,,ml-latest-small/ratings.csv
ml-latest-small,18,38061,4.0,1458593231,,,ml-latest-small/ratings.csv
ml-latest-small,18,40819,4.0,1455050836,,,ml-latest-small/ratings.csv
ml-latest-small,18,44022,3.5,1455749359,,,ml-latest-small/ratings.csv
ml-latest-small,18,44191,4.5,1455050089,,,ml-latest-small/ratings.csv
ml-latest-small,18,44199,4.5,1455049886,,,ml-latest-small/ratings.csv
ml-latest-small,18,44555,4.0,1485646726,,,ml-latest-small/ratings.csv
ml-latest-small,18,44665,4.5,1455049870,,,ml-latest-small/ratings.csv
ml-latest-small,18,45499,4.0,1455231957,,,ml-latest-small/ratings.csv
ml-latest-small,18,45517,3.5,1455232017,,,ml-latest-small/ratings.csv
ml-latest-small,18,45722,4.0,1455049739,,,ml-latest-small/ratings.csv
ml-latest-small,18,46578,3.5,1455059798,,,ml-latest-small/ratings.csv
ml-latest-small,18,46965,1.0,1455749474,,,ml-latest-small/ratings.csv
ml-latest-small,18,47200,3.0,1455655111,,,ml-latest-small/ratings.csv
ml-latest-small,18,47491,4.0,1456859832,,,ml-latest-small/ratings.csv
ml-latest-small,18,48394,4.0,1455049848,,,ml-latest-small/ratings.csv
ml-latest-small,18,48516,4.5,1455049826,,,ml-latest-small/ratings.csv
ml-latest-small,18,48780,4.5,1456958431,,,ml-latest-small/ratings.csv
ml-latest-small,18,49651,3.5,1457444465,,,ml-latest-small/ratings.csv
ml-latest-small,18,50872,3.5,1455059813,,,ml-latest-small/ratings.csv
ml-latest-small,18,51357,4.0,1521331921,,,ml-latest-small/ratings.csv
ml-latest-small,18,51540,4.5,1455821297,,,ml-latest-small/ratings.csv
ml-latest-small,18,51662,3.5,1455049725,,,ml-latest-small/ratings.csv
ml-latest-small,18,52604,4.5,1457650649,,,ml-latest-small/ratings.csv
ml-latest-small,18,53125,3.5,1455231338,,,ml-latest-small/ratings.csv
ml-latest-small,18,53129,3.0,1521323641,,,ml-latest-small/ratings.csv
ml-latest-small,18,53318,2.5,1455749879,,,ml-latest-small/ratings.csv
ml-latest-small,18,53464,2.5,1455655099,,,ml-latest-small/ratings.csv
ml-latest-small,18,53972,3.0,1455232038,,,ml-latest-small/ratings.csv
ml-latest-small,18,53996,3.0,1455749279,,,ml-latest-small/ratings.csv
ml-latest-small,18,54272,3.5,1455232001,,,ml-latest-small/ratings.csv
ml-latest-small,18,54286,4.0,1455050518,,,ml-latest-small/ratings.csv
ml-latest-small,18,55118,4.5,1469995045,,,ml-latest-small/ratings.csv
ml-latest-small,18,55247,3.5,1455231983,,,ml-latest-small/ratings.csv
ml-latest-small,18,55276,4.0,1476901520,,,ml-latest-small/ratings.csv
ml-latest-small,18,55290,4.5,1482355905,,,ml-latest-small/ratings.csv
ml-latest-small,18,55765,4.5,1459363622,,,ml-latest-small/ratings.csv
ml-latest-small,18,56757,4.0,1464994729,,,ml-latest-small/ratings.csv
ml-latest-small,18,57528,2.5,1456924845,,,ml-latest-small/ratings.csv
ml-latest-small,18,57640,3.5,1455749376,,,ml-latest-small/ratings.csv
ml-latest-small,18,57669,4.0,1455749164,,,ml-latest-small/ratings.csv
ml-latest-small,18,58295,3.5,1476902377,,,ml-latest-small/ratings.csv
ml-latest-small,18,58299,4.0,1455749828,,,ml-latest-small/ratings.csv
ml-latest-small,18,58559,4.0,1455049372,,,ml-latest-small/ratings.csv
ml-latest-small,18,59315,4.0,1455618310,,,ml-latest-small/ratings.csv
ml-latest-small,18,59615,2.5,1455231357,,,ml-latest-small/ratings.csv
ml-latest-small,18,59784,4.0,1455749175,,,ml-latest-small/ratings.csv
ml-latest-small,18,60040,3.5,1455529605,,,ml-latest-small/ratings.csv
ml-latest-small,18,60074,2.5,1455749302,,,ml-latest-small/ratings.csv
ml-latest-small,18,60684,3.5,1455749277,,,ml-latest-small/ratings.csv
ml-latest-small,18,60756,3.0,1455749449,,,ml-latest-small/ratings.csv
ml-latest-small,18,62434,3.5,1455749428,,,ml-latest-small/ratings.csv
ml-latest-small,18,63131,3.5,1455749413,,,ml-latest-small/ratings.csv
ml-latest-small,18,64197,4.5,1500585017,,,ml-latest-small/ratings.csv
ml-latest-small,18,64614,3.5,1455059693,,,ml-latest-small/ratings.csv
ml-latest-small,18,64839,3.5,1455749206,,,ml-latest-small/ratings.csv
ml-latest-small,18,64957,3.5,1455821116,,,ml-latest-small/ratings.csv
ml-latest-small,18,65596,4.0,1470088658,,,ml-latest-small/ratings.csv
ml-latest-small,18,66934,4.0,1456924733,,,ml-latest-small/ratings.csv
ml-latest-small,18,67255,4.5,1456770605,,,ml-latest-small/ratings.csv
ml-latest-small,18,68073,4.5,1455749814,,,ml-latest-small/ratings.csv
ml-latest-small,18,68157,3.5,1455059756,,,ml-latest-small/ratings.csv
ml-latest-small,18,68159,4.0,1475188724,,,ml-latest-small/ratings.csv
ml-latest-small,18,68319,4.0,1455749310,,,ml-latest-small/ratings.csv
ml-latest-small,18,68358,3.5,1455231723,,,ml-latest-small/ratings.csv
ml-latest-small,18,68954,4.0,1455749241,,,ml-latest-small/ratings.csv
ml-latest-small,18,69122,3.0,1455529969,,,ml-latest-small/ratings.csv
ml-latest-small,18,69640,4.0,1456772121,,,ml-latest-small/ratings.csv
ml-latest-small,18,69757,4.0,1455750175,,,ml-latest-small/ratings.csv
ml-latest-small,18,69951,3.5,1455749591,,,ml-latest-small/ratings.csv
ml-latest-small,18,70286,3.5,1455749255,,,ml-latest-small/ratings.csv
ml-latest-small,18,71108,4.5,1486073568,,,ml-latest-small/ratings.csv
ml-latest-small,18,71156,3.0,1455749513,,,ml-latest-small/ratings.csv
ml-latest-small,18,71899,4.5,1455618430,,,ml-latest-small/ratings.csv
ml-latest-small,18,72011,3.5,1455749223,,,ml-latest-small/ratings.csv
ml-latest-small,18,72378,3.0,1455529598,,,ml-latest-small/ratings.csv
ml-latest-small,18,72998,4.0,1455749238,,,ml-latest-small/ratings.csv
ml-latest-small,18,73017,4.5,1455749266,,,ml-latest-small/ratings.csv
ml-latest-small,18,73268,3.5,1478632335,,,ml-latest-small/ratings.csv
ml-latest-small,18,73321,3.5,1456750745,,,ml-latest-small/ratings.csv
ml-latest-small,18,73323,4.5,1456770625,,,ml-latest-small/ratings.csv
ml-latest-small,18,73499,3.5,1457445100,,,ml-latest-small/ratings.csv
ml-latest-small,18,74458,4.5,1455050015,,,ml-latest-small/ratings.csv
ml-latest-small,18,74510,4.5,1456770638,,,ml-latest-small/ratings.csv
ml-latest-small,18,74789,3.5,1455051099,,,ml-latest-small/ratings.csv
ml-latest-small,18,74948,4.0,1476901606,,,ml-latest-small/ratings.csv
ml-latest-small,18,76077,3.0,1456924816,,,ml-latest-small/ratings.csv
ml-latest-small,18,76175,2.5,1456924918,,,ml-latest-small/ratings.csv
ml-latest-small,18,76251,4.5,1455051151,,,ml-latest-small/ratings.csv
ml-latest-small,18,77561,4.0,1455051202,,,ml-latest-small/ratings.csv
ml-latest-small,18,78469,3.0,1456750794,,,ml-latest-small/ratings.csv
ml-latest-small,18,78499,4.0,1456744760,,,ml-latest-small/ratings.csv
ml-latest-small,18,79132,4.5,1455050059,,,ml-latest-small/ratings.csv
ml-latest-small,18,79293,3.0,1478366123,,,ml-latest-small/ratings.csv
ml-latest-small,18,79592,3.0,1456924960,,,ml-latest-small/ratings.csv
ml-latest-small,18,79695,3.5,1455750029,,,ml-latest-small/ratings.csv
ml-latest-small,18,79702,4.0,1455051182,,,ml-latest-small/ratings.csv
ml-latest-small,18,80219,3.5,1455749571,,,ml-latest-small/ratings.csv
ml-latest-small,18,80489,4.0,1463686312,,,ml-latest-small/ratings.csv
ml-latest-small,18,81788,4.5,1463695521,,,ml-latest-small/ratings.csv
ml-latest-small,18,83349,3.0,1458581624,,,ml-latest-small/ratings.csv
ml-latest-small,18,84392,4.5,1459889871,,,ml-latest-small/ratings.csv
ml-latest-small,18,85354,4.0,1470173519,,,ml-latest-small/ratings.csv
ml-latest-small,18,85414,3.5,1478641446,,,ml-latest-small/ratings.csv
ml-latest-small,18,86190,3.5,1456924897,,,ml-latest-small/ratings.csv
ml-latest-small,18,86332,3.5,1455051197,,,ml-latest-small/ratings.csv
ml-latest-small,18,86628,4.0,1468877753,,,ml-latest-small/ratings.csv
ml-latest-small,18,86880,3.0,1455231363,,,ml-latest-small/ratings.csv
ml-latest-small,18,87232,4.0,1455051166,,,ml-latest-small/ratings.csv
ml-latest-small,18,88094,3.0,1457352482,,,ml-latest-small/ratings.csv
ml-latest-small,18,88129,3.0,1455051194,,,ml-latest-small/ratings.csv
ml-latest-small,18,88140,4.0,1455051109,,,ml-latest-small/ratings.csv
ml-latest-small,18,89745,4.0,1455050365,,,ml-latest-small/ratings.csv
ml-latest-small,18,90600,4.0,1511043515,,,ml-latest-small/ratings.csv
ml-latest-small,18,91485,3.5,1489780980,,,ml-latest-small/ratings.csv
ml-latest-small,18,91500,4.0,1455051164,,,ml-latest-small/ratings.csv
ml-latest-small,18,91529,4.0,1455050185,,,ml-latest-small/ratings.csv
ml-latest-small,18,91542,4.0,1455051101,,,ml-latest-small/ratings.csv
ml-latest-small,18,91658,3.5,1456770596,,,ml-latest-small/ratings.csv
ml-latest-small,18,92094,3.5,1466977156,,,ml-latest-small/ratings.csv
ml-latest-small,18,95441,2.5,1456750781,,,ml-latest-small/ratings.csv
ml-latest-small,18,96432,4.0,1521233253,,,ml-latest-small/ratings.csv
ml-latest-small,18,96488,4.0,1515532582,,,ml-latest-small/ratings.csv
ml-latest-small,18,96610,3.0,1455051188,,,ml-latest-small/ratings.csv
ml-latest-small,18,96655,4.0,1499621886,,,ml-latest-small/ratings.csv
ml-latest-small,18,97752,3.5,1455617979,,,ml-latest-small/ratings.csv
ml-latest-small,18,97938,3.0,1455051126,,,ml-latest-small/ratings.csv
ml-latest-small,18,98124,4.0,1473004465,,,ml-latest-small/ratings.csv
ml-latest-small,18,98585,3.5,1517686559,,,ml-latest-small/ratings.csv
ml-latest-small,18,98809,4.0,1455051180,,,ml-latest-small/ratings.csv
ml-latest-small,18,99114,4.0,1455051144,,,ml-latest-small/ratings.csv
ml-latest-small,18,99728,3.5,1465164460,,,ml-latest-small/ratings.csv
ml-latest-small,18,99813,4.0,1473004463,,,ml-latest-small/ratings.csv
ml-latest-small,18,102125,3.5,1457382480,,,ml-latest-small/ratings.csv
ml-latest-small,18,102445,4.0,1455051113,,,ml-latest-small/ratings.csv
ml-latest-small,18,102903,4.0,1513369638,,,ml-latest-small/ratings.csv
ml-latest-small,18,103253,3.5,1478381466,,,ml-latest-small/ratings.csv
ml-latest-small,18,103772,4.0,1478632286,,,ml-latest-small/ratings.csv
ml-latest-small,18,104241,3.0,1458585307,,,ml-latest-small/ratings.csv
ml-latest-small,18,104879,3.0,1456770932,,,ml-latest-small/ratings.csv
ml-latest-small,18,106072,3.5,1478366140,,,ml-latest-small/ratings.csv
ml-latest-small,18,106487,4.0,1455051107,,,ml-latest-small/ratings.csv
ml-latest-small,18,106489,3.5,1455051122,,,ml-latest-small/ratings.csv
ml-latest-small,18,106782,3.0,1471043729,,,ml-latest-small/ratings.csv
ml-latest-small,18,106839,4.0,1478631983,,,ml-latest-small/ratings.csv
ml-latest-small,18,107846,3.5,1457445060,,,ml-latest-small/ratings.csv
ml-latest-small,18,109374,4.0,1455735216,,,ml-latest-small/ratings.csv
ml-latest-small,18,109487,4.5,1455050087,,,ml-latest-small/ratings.csv
ml-latest-small,18,110102,3.5,1457382469,,,ml-latest-small/ratings.csv
ml-latest-small,18,111362,4.0,1455050010,,,ml-latest-small/ratings.csv
ml-latest-small,18,111759,3.5,1456744991,,,ml-latest-small/ratings.csv
ml-latest-small,18,112183,3.5,1466968168,,,ml-latest-small/ratings.csv
ml-latest-small,18,112334,4.5,1456614526,,,ml-latest-small/ratings.csv
ml-latest-small,18,112421,4.0,1456832692,,,ml-latest-small/ratings.csv
ml-latest-small,18,112552,4.5,1455664748,,,ml-latest-small/ratings.csv
ml-latest-small,18,112852,4.5,1455618433,,,ml-latest-small/ratings.csv
ml-latest-small,18,114060,3.5,1477511813,,,ml-latest-small/ratings.csv
ml-latest-small,18,114066,4.0,1466968153,,,ml-latest-small/ratings.csv
ml-latest-small,18,115713,4.5,1455051411,,,ml-latest-small/ratings.csv
ml-latest-small,18,116797,4.5,1455050523,,,ml-latest-small/ratings.csv
ml-latest-small,18,116823,3.5,1456910057,,,ml-latest-small/ratings.csv
ml-latest-small,18,117176,4.0,1473004722,,,ml-latest-small/ratings.csv
ml-latest-small,18,118900,3.5,1483294684,,,ml-latest-small/ratings.csv
ml-latest-small,18,119145,4.0,1457382413,,,ml-latest-small/ratings.csv
ml-latest-small,18,122886,4.0,1466366745,,,ml-latest-small/ratings.csv
ml-latest-small,18,122892,3.5,1457382463,,,ml-latest-small/ratings.csv
ml-latest-small,18,122900,4.0,1457382458,,,ml-latest-small/ratings.csv
ml-latest-small,18,122904,3.5,1460575806,,,ml-latest-small/ratings.csv
ml-latest-small,18,122918,4.0,1510946731,,,ml-latest-small/ratings.csv
ml-latest-small,18,122920,3.0,1468354075,,,ml-latest-small/ratings.csv
ml-latest-small,18,122924,4.0,1469816977,,,ml-latest-small/ratings.csv
ml-latest-small,18,122926,3.5,1510960358,,,ml-latest-small/ratings.csv
ml-latest-small,18,128620,3.5,1502901639,,,ml-latest-small/ratings.csv
ml-latest-small,18,134130,4.5,1456693665,,,ml-latest-small/ratings.csv
ml-latest-small,18,134853,3.5,1469994968,,,ml-latest-small/ratings.csv
ml-latest-small,18,135569,3.5,1477849300,,,ml-latest-small/ratings.csv
ml-latest-small,18,139385,3.5,1473351954,,,ml-latest-small/ratings.csv
ml-latest-small,18,140289,4.0,1456859803,,,ml-latest-small/ratings.csv
ml-latest-small,18,141688,4.0,1478124485,,,ml-latest-small/ratings.csv
ml-latest-small,18,142488,4.5,1486643850,,,ml-latest-small/ratings.csv
ml-latest-small,18,144210,4.0,1455060282,,,ml-latest-small/ratings.csv
ml-latest-small,18,145283,3.5,1466508318,,,ml-latest-small/ratings.csv
ml-latest-small,18,148626,4.0,1484169587,,,ml-latest-small/ratings.csv
ml-latest-small,18,150548,4.0,1455828926,,,ml-latest-small/ratings.csv
ml-latest-small,18,155168,4.0,1457551336,,,ml-latest-small/ratings.csv
ml-latest-small,18,157108,4.5,1485100437,,,ml-latest-small/ratings.csv
ml-latest-small,18,157110,4.5,1485100549,,,ml-latest-small/ratings.csv
ml-latest-small,18,158238,4.0,1493930228,,,ml-latest-small/ratings.csv
ml-latest-small,18,158972,3.5,1511651100,,,ml-latest-small/ratings.csv
ml-latest-small,18,159093,3.5,1513378355,,,ml-latest-small/ratings.csv
ml-latest-small,18,160438,3.0,1473361651,,,ml-latest-small/ratings.csv
ml-latest-small,18,161582,4.0,1499631585,,,ml-latest-small/ratings.csv
ml-latest-small,18,162350,3.5,1482346781,,,ml-latest-small/ratings.csv
ml-latest-small,18,162606,3.5,1493142085,,,ml-latest-small/ratings.csv
ml-latest-small,18,164179,3.0,1517508124,,,ml-latest-small/ratings.csv
ml-latest-small,18,166015,3.5,1534786448,,,ml-latest-small/ratings.csv
ml-latest-small,18,166635,4.0,1502218032,,,ml-latest-small/ratings.csv
ml-latest-small,18,168252,4.0,1493155981,,,ml-latest-small/ratings.csv
ml-latest-small,18,171023,4.0,1505599943,,,ml-latest-small/ratings.csv
ml-latest-small,18,176101,3.5,1513110715,,,ml-latest-small/ratings.csv
ml-latest-small,18,177593,4.5,1534007386,,,ml-latest-small/ratings.csv
ml-latest-small,18,180095,3.0,1534698700,,,ml-latest-small/ratings.csv
ml-latest-small,18,180777,4.5,1511101918,,,ml-latest-small/ratings.csv
ml-latest-small,18,185135,4.5,1534007332,,,ml-latest-small/ratings.csv
ml-latest-small,19,1,4.0,965705637,,,ml-latest-small/ratings.csv
ml-latest-small,19,2,3.0,965704331,,,ml-latest-small/ratings.csv
ml-latest-small,19,3,3.0,965707636,,,ml-latest-small/ratings.csv
ml-latest-small,19,7,2.0,965706657,,,ml-latest-small/ratings.csv
ml-latest-small,19,10,2.0,965709556,,,ml-latest-small/ratings.csv
ml-latest-small,19,12,1.0,965705347,,,ml-latest-small/ratings.csv
ml-latest-small,19,13,3.0,965709102,,,ml-latest-small/ratings.csv
ml-latest-small,19,15,2.0,965710039,,,ml-latest-small/ratings.csv
ml-latest-small,19,19,2.0,965708339,,,ml-latest-small/ratings.csv
ml-latest-small,19,32,4.0,965703646,,,ml-latest-small/ratings.csv
ml-latest-small,19,34,4.0,965705661,,,ml-latest-small/ratings.csv
ml-latest-small,19,44,3.0,965710019,,,ml-latest-small/ratings.csv
ml-latest-small,19,47,3.0,965710720,,,ml-latest-small/ratings.csv
ml-latest-small,19,48,1.0,965709172,,,ml-latest-small/ratings.csv
ml-latest-small,19,54,2.0,965702660,,,ml-latest-small/ratings.csv
ml-latest-small,19,64,2.0,965708037,,,ml-latest-small/ratings.csv
ml-latest-small,19,65,2.0,965708217,,,ml-latest-small/ratings.csv
ml-latest-small,19,70,2.0,965704974,,,ml-latest-small/ratings.csv
ml-latest-small,19,87,2.0,965708059,,,ml-latest-small/ratings.csv
ml-latest-small,19,92,2.0,965712048,,,ml-latest-small/ratings.csv
ml-latest-small,19,102,1.0,965708653,,,ml-latest-small/ratings.csv
ml-latest-small,19,104,2.0,965706185,,,ml-latest-small/ratings.csv
ml-latest-small,19,107,2.0,965706886,,,ml-latest-small/ratings.csv
ml-latest-small,19,118,3.0,965708217,,,ml-latest-small/ratings.csv
ml-latest-small,19,135,3.0,965707637,,,ml-latest-small/ratings.csv
ml-latest-small,19,141,1.0,965706592,,,ml-latest-small/ratings.csv
ml-latest-small,19,153,2.0,965707889,,,ml-latest-small/ratings.csv
ml-latest-small,19,158,3.0,965709785,,,ml-latest-small/ratings.csv
ml-latest-small,19,161,2.0,965710914,,,ml-latest-small/ratings.csv
ml-latest-small,19,165,3.0,965711413,,,ml-latest-small/ratings.csv
ml-latest-small,19,170,3.0,965711598,,,ml-latest-small/ratings.csv
ml-latest-small,19,173,1.0,965703997,,,ml-latest-small/ratings.csv
ml-latest-small,19,185,2.0,965704056,,,ml-latest-small/ratings.csv
ml-latest-small,19,186,2.0,965707724,,,ml-latest-small/ratings.csv
ml-latest-small,19,196,2.0,965703915,,,ml-latest-small/ratings.csv
ml-latest-small,19,208,2.0,965709832,,,ml-latest-small/ratings.csv
ml-latest-small,19,216,2.0,965707746,,,ml-latest-small/ratings.csv
ml-latest-small,19,223,3.0,965705917,,,ml-latest-small/ratings.csv
ml-latest-small,19,231,2.0,965706728,,,ml-latest-small/ratings.csv
ml-latest-small,19,235,4.0,965705784,,,ml-latest-small/ratings.csv
ml-latest-small,19,252,3.0,965706507,,,ml-latest-small/ratings.csv
ml-latest-small,19,253,3.0,965704952,,,ml-latest-small/ratings.csv
ml-latest-small,19,256,1.0,965703997,,,ml-latest-small/ratings.csv
ml-latest-small,19,258,3.0,965704033,,,ml-latest-small/ratings.csv
ml-latest-small,19,260,4.0,965704248,,,ml-latest-small/ratings.csv
ml-latest-small,19,273,1.0,965705240,,,ml-latest-small/ratings.csv
ml-latest-small,19,289,2.0,965706795,,,ml-latest-small/ratings.csv
ml-latest-small,19,291,2.0,965712018,,,ml-latest-small/ratings.csv
ml-latest-small,19,293,4.0,965710720,,,ml-latest-small/ratings.csv
ml-latest-small,19,295,3.0,965708038,,,ml-latest-small/ratings.csv
ml-latest-small,19,316,2.0,965703785,,,ml-latest-small/ratings.csv
ml-latest-small,19,319,1.0,965710693,,,ml-latest-small/ratings.csv
ml-latest-small,19,325,2.0,965708360,,,ml-latest-small/ratings.csv
ml-latest-small,19,328,2.0,965705076,,,ml-latest-small/ratings.csv
ml-latest-small,19,329,2.0,965709622,,,ml-latest-small/ratings.csv
ml-latest-small,19,330,3.0,965705097,,,ml-latest-small/ratings.csv
ml-latest-small,19,332,2.0,965703973,,,ml-latest-small/ratings.csv
ml-latest-small,19,333,2.0,965706548,,,ml-latest-small/ratings.csv
ml-latest-small,19,338,2.0,965703940,,,ml-latest-small/ratings.csv
ml-latest-small,19,339,3.0,965706365,,,ml-latest-small/ratings.csv
ml-latest-small,19,344,2.0,965706566,,,ml-latest-small/ratings.csv
ml-latest-small,19,348,2.0,965706276,,,ml-latest-small/ratings.csv
ml-latest-small,19,350,2.0,965712461,,,ml-latest-small/ratings.csv
ml-latest-small,19,351,2.0,965706045,,,ml-latest-small/ratings.csv
ml-latest-small,19,353,5.0,965711267,,,ml-latest-small/ratings.csv
ml-latest-small,19,356,2.0,965706045,,,ml-latest-small/ratings.csv
ml-latest-small,19,357,4.0,965706092,,,ml-latest-small/ratings.csv
ml-latest-small,19,362,2.0,965709622,,,ml-latest-small/ratings.csv
ml-latest-small,19,364,3.0,965709102,,,ml-latest-small/ratings.csv
ml-latest-small,19,366,2.0,965704974,,,ml-latest-small/ratings.csv
ml-latest-small,19,367,4.0,965704281,,,ml-latest-small/ratings.csv
ml-latest-small,19,368,3.0,965706636,,,ml-latest-small/ratings.csv
ml-latest-small,19,370,3.0,965707669,,,ml-latest-small/ratings.csv
ml-latest-small,19,372,1.0,965706507,,,ml-latest-small/ratings.csv
ml-latest-small,19,374,2.0,965708038,,,ml-latest-small/ratings.csv
ml-latest-small,19,377,4.0,965711156,,,ml-latest-small/ratings.csv
ml-latest-small,19,378,3.0,965707419,,,ml-latest-small/ratings.csv
ml-latest-small,19,379,2.0,965703885,,,ml-latest-small/ratings.csv
ml-latest-small,19,380,3.0,965707487,,,ml-latest-small/ratings.csv
ml-latest-small,19,407,3.0,965705059,,,ml-latest-small/ratings.csv
ml-latest-small,19,410,2.0,965706683,,,ml-latest-small/ratings.csv
ml-latest-small,19,414,2.0,965706886,,,ml-latest-small/ratings.csv
ml-latest-small,19,420,2.0,965708098,,,ml-latest-small/ratings.csv
ml-latest-small,19,422,3.0,965711481,,,ml-latest-small/ratings.csv
ml-latest-small,19,423,3.0,965711598,,,ml-latest-small/ratings.csv
ml-latest-small,19,427,3.0,965712068,,,ml-latest-small/ratings.csv
ml-latest-small,19,432,3.0,965707983,,,ml-latest-small/ratings.csv
ml-latest-small,19,434,3.0,965709832,,,ml-latest-small/ratings.csv
ml-latest-small,19,435,2.0,965703973,,,ml-latest-small/ratings.csv
ml-latest-small,19,440,3.0,965706114,,,ml-latest-small/ratings.csv
ml-latest-small,19,442,3.0,965703811,,,ml-latest-small/ratings.csv
ml-latest-small,19,445,2.0,965706907,,,ml-latest-small/ratings.csv
ml-latest-small,19,450,2.0,965706866,,,ml-latest-small/ratings.csv
ml-latest-small,19,455,2.0,965710092,,,ml-latest-small/ratings.csv
ml-latest-small,19,457,4.0,965710781,,,ml-latest-small/ratings.csv
ml-latest-small,19,466,3.0,965707518,,,ml-latest-small/ratings.csv
ml-latest-small,19,468,3.0,965706967,,,ml-latest-small/ratings.csv
ml-latest-small,19,472,2.0,965707518,,,ml-latest-small/ratings.csv
ml-latest-small,19,474,3.0,965710914,,,ml-latest-small/ratings.csv
ml-latest-small,19,480,2.0,965703785,,,ml-latest-small/ratings.csv
ml-latest-small,19,485,2.0,965707889,,,ml-latest-small/ratings.csv
ml-latest-small,19,486,2.0,965707828,,,ml-latest-small/ratings.csv
ml-latest-small,19,490,2.0,965711106,,,ml-latest-small/ratings.csv
ml-latest-small,19,494,2.0,965711156,,,ml-latest-small/ratings.csv
ml-latest-small,19,497,3.0,965706045,,,ml-latest-small/ratings.csv
ml-latest-small,19,500,2.0,965706636,,,ml-latest-small/ratings.csv
ml-latest-small,19,512,2.0,965703885,,,ml-latest-small/ratings.csv
ml-latest-small,19,513,3.0,965707637,,,ml-latest-small/ratings.csv
ml-latest-small,19,520,2.0,965706795,,,ml-latest-small/ratings.csv
ml-latest-small,19,537,1.0,965707576,,,ml-latest-small/ratings.csv
ml-latest-small,19,539,3.0,965706839,,,ml-latest-small/ratings.csv
ml-latest-small,19,540,1.0,965711928,,,ml-latest-small/ratings.csv
ml-latest-small,19,541,4.0,965703555,,,ml-latest-small/ratings.csv
ml-latest-small,19,542,2.0,965707983,,,ml-latest-small/ratings.csv
ml-latest-small,19,543,3.0,965706232,,,ml-latest-small/ratings.csv
ml-latest-small,19,546,2.0,965704079,,,ml-latest-small/ratings.csv
ml-latest-small,19,551,5.0,965706163,,,ml-latest-small/ratings.csv
ml-latest-small,19,558,2.0,965704355,,,ml-latest-small/ratings.csv
ml-latest-small,19,575,2.0,965706866,,,ml-latest-small/ratings.csv
ml-latest-small,19,586,3.0,965707079,,,ml-latest-small/ratings.csv
ml-latest-small,19,587,3.0,965706438,,,ml-latest-small/ratings.csv
ml-latest-small,19,588,3.0,965706337,,,ml-latest-small/ratings.csv
ml-latest-small,19,589,5.0,965710720,,,ml-latest-small/ratings.csv
ml-latest-small,19,592,5.0,965709445,,,ml-latest-small/ratings.csv
ml-latest-small,19,597,3.0,965706967,,,ml-latest-small/ratings.csv
ml-latest-small,19,606,2.0,965705362,,,ml-latest-small/ratings.csv
ml-latest-small,19,610,3.0,965703785,,,ml-latest-small/ratings.csv
ml-latest-small,19,611,2.0,965704056,,,ml-latest-small/ratings.csv
ml-latest-small,19,627,2.0,965711342,,,ml-latest-small/ratings.csv
ml-latest-small,19,637,2.0,965708098,,,ml-latest-small/ratings.csv
ml-latest-small,19,640,1.0,965712018,,,ml-latest-small/ratings.csv
ml-latest-small,19,648,3.0,965709656,,,ml-latest-small/ratings.csv
ml-latest-small,19,653,2.0,965704331,,,ml-latest-small/ratings.csv
ml-latest-small,19,661,3.0,965709102,,,ml-latest-small/ratings.csv
ml-latest-small,19,671,2.0,965703674,,,ml-latest-small/ratings.csv
ml-latest-small,19,673,1.0,965704355,,,ml-latest-small/ratings.csv
ml-latest-small,19,674,4.0,965703973,,,ml-latest-small/ratings.csv
ml-latest-small,19,708,3.0,965706615,,,ml-latest-small/ratings.csv
ml-latest-small,19,709,2.0,965709172,,,ml-latest-small/ratings.csv
ml-latest-small,19,711,3.0,965709923,,,ml-latest-small/ratings.csv
ml-latest-small,19,719,2.0,965707724,,,ml-latest-small/ratings.csv
ml-latest-small,19,720,4.0,965708982,,,ml-latest-small/ratings.csv
ml-latest-small,19,724,4.0,965705076,,,ml-latest-small/ratings.csv
ml-latest-small,19,733,3.0,965709534,,,ml-latest-small/ratings.csv
ml-latest-small,19,736,2.0,965709785,,,ml-latest-small/ratings.csv
ml-latest-small,19,742,3.0,965711994,,,ml-latest-small/ratings.csv
ml-latest-small,19,743,2.0,965707137,,,ml-latest-small/ratings.csv
ml-latest-small,19,745,4.0,965708982,,,ml-latest-small/ratings.csv
ml-latest-small,19,761,3.0,965709832,,,ml-latest-small/ratings.csv
ml-latest-small,19,762,1.0,965708038,,,ml-latest-small/ratings.csv
ml-latest-small,19,783,4.0,965709144,,,ml-latest-small/ratings.csv
ml-latest-small,19,785,2.0,965706209,,,ml-latest-small/ratings.csv
ml-latest-small,19,788,2.0,965703885,,,ml-latest-small/ratings.csv
ml-latest-small,19,798,2.0,965710019,,,ml-latest-small/ratings.csv
ml-latest-small,19,799,3.0,965705040,,,ml-latest-small/ratings.csv
ml-latest-small,19,810,1.0,965704375,,,ml-latest-small/ratings.csv
ml-latest-small,19,818,4.0,965707552,,,ml-latest-small/ratings.csv
ml-latest-small,19,829,2.0,965706415,,,ml-latest-small/ratings.csv
ml-latest-small,19,830,2.0,965707016,,,ml-latest-small/ratings.csv
ml-latest-small,19,832,2.0,965711184,,,ml-latest-small/ratings.csv
ml-latest-small,19,837,4.0,965706317,,,ml-latest-small/ratings.csv
ml-latest-small,19,839,1.0,965712018,,,ml-latest-small/ratings.csv
ml-latest-small,19,842,2.0,965705347,,,ml-latest-small/ratings.csv
ml-latest-small,19,849,2.0,965704033,,,ml-latest-small/ratings.csv
ml-latest-small,19,852,4.0,965706209,,,ml-latest-small/ratings.csv
ml-latest-small,19,866,2.0,965710781,,,ml-latest-small/ratings.csv
ml-latest-small,19,879,1.0,965705195,,,ml-latest-small/ratings.csv
ml-latest-small,19,880,2.0,965711873,,,ml-latest-small/ratings.csv
ml-latest-small,19,881,1.0,965707137,,,ml-latest-small/ratings.csv
ml-latest-small,19,903,5.0,965710671,,,ml-latest-small/ratings.csv
ml-latest-small,19,904,5.0,965712377,,,ml-latest-small/ratings.csv
ml-latest-small,19,906,3.0,965711014,,,ml-latest-small/ratings.csv
ml-latest-small,19,910,4.0,965705661,,,ml-latest-small/ratings.csv
ml-latest-small,19,911,3.0,965705725,,,ml-latest-small/ratings.csv
ml-latest-small,19,913,5.0,965712238,,,ml-latest-small/ratings.csv
ml-latest-small,19,915,2.0,965706045,,,ml-latest-small/ratings.csv
ml-latest-small,19,921,3.0,965706068,,,ml-latest-small/ratings.csv
ml-latest-small,19,924,3.0,965712377,,,ml-latest-small/ratings.csv
ml-latest-small,19,930,3.0,965710781,,,ml-latest-small/ratings.csv
ml-latest-small,19,931,4.0,965710914,,,ml-latest-small/ratings.csv
ml-latest-small,19,933,4.0,965705982,,,ml-latest-small/ratings.csv
ml-latest-small,19,965,2.0,965710693,,,ml-latest-small/ratings.csv
ml-latest-small,19,984,2.0,965708318,,,ml-latest-small/ratings.csv
ml-latest-small,19,986,3.0,965709445,,,ml-latest-small/ratings.csv
ml-latest-small,19,1016,3.0,965706728,,,ml-latest-small/ratings.csv
ml-latest-small,19,1020,3.0,965706866,,,ml-latest-small/ratings.csv
ml-latest-small,19,1021,2.0,965707419,,,ml-latest-small/ratings.csv
ml-latest-small,19,1028,2.0,965706092,,,ml-latest-small/ratings.csv
ml-latest-small,19,1031,2.0,965709622,,,ml-latest-small/ratings.csv
ml-latest-small,19,1032,1.0,965709068,,,ml-latest-small/ratings.csv
ml-latest-small,19,1037,1.0,965703940,,,ml-latest-small/ratings.csv
ml-latest-small,19,1047,3.0,965711308,,,ml-latest-small/ratings.csv
ml-latest-small,19,1049,2.0,965709622,,,ml-latest-small/ratings.csv
ml-latest-small,19,1057,3.0,965706795,,,ml-latest-small/ratings.csv
ml-latest-small,19,1064,2.0,965708098,,,ml-latest-small/ratings.csv
ml-latest-small,19,1073,4.0,965704248,,,ml-latest-small/ratings.csv
ml-latest-small,19,1077,3.0,965703605,,,ml-latest-small/ratings.csv
ml-latest-small,19,1079,4.0,965705725,,,ml-latest-small/ratings.csv
ml-latest-small,19,1081,2.0,965706389,,,ml-latest-small/ratings.csv
ml-latest-small,19,1086,4.0,965710914,,,ml-latest-small/ratings.csv
ml-latest-small,19,1089,3.0,965710671,,,ml-latest-small/ratings.csv
ml-latest-small,19,1092,2.0,965711649,,,ml-latest-small/ratings.csv
ml-latest-small,19,1097,5.0,965709282,,,ml-latest-small/ratings.csv
ml-latest-small,19,1127,3.0,965709478,,,ml-latest-small/ratings.csv
ml-latest-small,19,1129,3.0,965703727,,,ml-latest-small/ratings.csv
ml-latest-small,19,1136,3.0,965705588,,,ml-latest-small/ratings.csv
ml-latest-small,19,1148,4.0,965705539,,,ml-latest-small/ratings.csv
ml-latest-small,19,1179,2.0,965712263,,,ml-latest-small/ratings.csv
ml-latest-small,19,1193,4.0,965702660,,,ml-latest-small/ratings.csv
ml-latest-small,19,1196,4.0,965703555,,,ml-latest-small/ratings.csv
ml-latest-small,19,1197,5.0,965705725,,,ml-latest-small/ratings.csv
ml-latest-small,19,1198,5.0,965709394,,,ml-latest-small/ratings.csv
ml-latest-small,19,1200,3.0,965710693,,,ml-latest-small/ratings.csv
ml-latest-small,19,1210,3.0,965709445,,,ml-latest-small/ratings.csv
ml-latest-small,19,1214,4.0,965703555,,,ml-latest-small/ratings.csv
ml-latest-small,19,1215,3.0,965706068,,,ml-latest-small/ratings.csv
ml-latest-small,19,1219,4.0,965704863,,,ml-latest-small/ratings.csv
ml-latest-small,19,1234,4.0,965705661,,,ml-latest-small/ratings.csv
ml-latest-small,19,1238,3.0,965705784,,,ml-latest-small/ratings.csv
ml-latest-small,19,1240,4.0,965703605,,,ml-latest-small/ratings.csv
ml-latest-small,19,1256,4.0,965705619,,,ml-latest-small/ratings.csv
ml-latest-small,19,1257,3.0,965705725,,,ml-latest-small/ratings.csv
ml-latest-small,19,1258,2.0,965704863,,,ml-latest-small/ratings.csv
ml-latest-small,19,1259,3.0,965705725,,,ml-latest-small/ratings.csv
ml-latest-small,19,1265,4.0,965705677,,,ml-latest-small/ratings.csv
ml-latest-small,19,1267,3.0,965710521,,,ml-latest-small/ratings.csv
ml-latest-small,19,1269,4.0,965705942,,,ml-latest-small/ratings.csv
ml-latest-small,19,1270,4.0,965703583,,,ml-latest-small/ratings.csv
ml-latest-small,19,1278,4.0,965704863,,,ml-latest-small/ratings.csv
ml-latest-small,19,1285,5.0,965706185,,,ml-latest-small/ratings.csv
ml-latest-small,19,1291,5.0,965709426,,,ml-latest-small/ratings.csv
ml-latest-small,19,1297,4.0,965706140,,,ml-latest-small/ratings.csv
ml-latest-small,19,1307,3.0,965705962,,,ml-latest-small/ratings.csv
ml-latest-small,19,1322,2.0,965705443,,,ml-latest-small/ratings.csv
ml-latest-small,19,1324,2.0,965705263,,,ml-latest-small/ratings.csv
ml-latest-small,19,1330,2.0,965705240,,,ml-latest-small/ratings.csv
ml-latest-small,19,1333,3.0,965704881,,,ml-latest-small/ratings.csv
ml-latest-small,19,1339,2.0,965705040,,,ml-latest-small/ratings.csv
ml-latest-small,19,1342,2.0,965704952,,,ml-latest-small/ratings.csv
ml-latest-small,19,1345,3.0,965704931,,,ml-latest-small/ratings.csv
ml-latest-small,19,1346,2.0,965705137,,,ml-latest-small/ratings.csv
ml-latest-small,19,1347,2.0,965704974,,,ml-latest-small/ratings.csv
ml-latest-small,19,1355,2.0,965711649,,,ml-latest-small/ratings.csv
ml-latest-small,19,1356,3.0,965709478,,,ml-latest-small/ratings.csv
ml-latest-small,19,1359,3.0,965707983,,,ml-latest-small/ratings.csv
ml-latest-small,19,1367,1.0,965706615,,,ml-latest-small/ratings.csv
ml-latest-small,19,1371,3.0,965709622,,,ml-latest-small/ratings.csv
ml-latest-small,19,1372,5.0,965703698,,,ml-latest-small/ratings.csv
ml-latest-small,19,1373,1.0,965703973,,,ml-latest-small/ratings.csv
ml-latest-small,19,1374,5.0,965709478,,,ml-latest-small/ratings.csv
ml-latest-small,19,1375,3.0,965703853,,,ml-latest-small/ratings.csv
ml-latest-small,19,1376,4.0,965703698,,,ml-latest-small/ratings.csv
ml-latest-small,19,1377,3.0,965706683,,,ml-latest-small/ratings.csv
ml-latest-small,19,1378,3.0,965707419,,,ml-latest-small/ratings.csv
ml-latest-small,19,1379,2.0,965707828,,,ml-latest-small/ratings.csv
ml-latest-small,19,1380,3.0,965706839,,,ml-latest-small/ratings.csv
ml-latest-small,19,1391,3.0,965703997,,,ml-latest-small/ratings.csv
ml-latest-small,19,1394,3.0,965705619,,,ml-latest-small/ratings.csv
ml-latest-small,19,1396,3.0,965703627,,,ml-latest-small/ratings.csv
ml-latest-small,19,1405,2.0,965707101,,,ml-latest-small/ratings.csv
ml-latest-small,19,1407,3.0,965704952,,,ml-latest-small/ratings.csv
ml-latest-small,19,1409,3.0,965707769,,,ml-latest-small/ratings.csv
ml-latest-small,19,1427,1.0,965712068,,,ml-latest-small/ratings.csv
ml-latest-small,19,1441,3.0,965706438,,,ml-latest-small/ratings.csv
ml-latest-small,19,1456,2.0,965706185,,,ml-latest-small/ratings.csv
ml-latest-small,19,1457,3.0,965706728,,,ml-latest-small/ratings.csv
ml-latest-small,19,1461,3.0,965707769,,,ml-latest-small/ratings.csv
ml-latest-small,19,1474,2.0,965707137,,,ml-latest-small/ratings.csv
ml-latest-small,19,1479,3.0,965711598,,,ml-latest-small/ratings.csv
ml-latest-small,19,1485,3.0,965707044,,,ml-latest-small/ratings.csv
ml-latest-small,19,1489,2.0,965709204,,,ml-latest-small/ratings.csv
ml-latest-small,19,1499,1.0,965711994,,,ml-latest-small/ratings.csv
ml-latest-small,19,1500,2.0,965705962,,,ml-latest-small/ratings.csv
ml-latest-small,19,1517,3.0,965705845,,,ml-latest-small/ratings.csv
ml-latest-small,19,1527,5.0,965703811,,,ml-latest-small/ratings.csv
ml-latest-small,19,1542,2.0,965706232,,,ml-latest-small/ratings.csv
ml-latest-small,19,1544,1.0,965704033,,,ml-latest-small/ratings.csv
ml-latest-small,19,1550,2.0,965706866,,,ml-latest-small/ratings.csv
ml-latest-small,19,1551,2.0,965710019,,,ml-latest-small/ratings.csv
ml-latest-small,19,1552,3.0,965709622,,,ml-latest-small/ratings.csv
ml-latest-small,19,1556,1.0,965712048,,,ml-latest-small/ratings.csv
ml-latest-small,19,1562,1.0,965710092,,,ml-latest-small/ratings.csv
ml-latest-small,19,1566,4.0,965706297,,,ml-latest-small/ratings.csv
ml-latest-small,19,1569,3.0,965706683,,,ml-latest-small/ratings.csv
ml-latest-small,19,1573,4.0,965703727,,,ml-latest-small/ratings.csv
ml-latest-small,19,1580,2.0,965703698,,,ml-latest-small/ratings.csv
ml-latest-small,19,1583,3.0,965704375,,,ml-latest-small/ratings.csv
ml-latest-small,19,1584,3.0,965703628,,,ml-latest-small/ratings.csv
ml-latest-small,19,1588,2.0,965707079,,,ml-latest-small/ratings.csv
ml-latest-small,19,1590,1.0,965711946,,,ml-latest-small/ratings.csv
ml-latest-small,19,1591,2.0,965704079,,,ml-latest-small/ratings.csv
ml-latest-small,19,1593,2.0,965708002,,,ml-latest-small/ratings.csv
ml-latest-small,19,1597,2.0,965711237,,,ml-latest-small/ratings.csv
ml-latest-small,19,1603,2.0,965703885,,,ml-latest-small/ratings.csv
ml-latest-small,19,1610,3.0,965710871,,,ml-latest-small/ratings.csv
ml-latest-small,19,1614,2.0,965707576,,,ml-latest-small/ratings.csv
ml-latest-small,19,1617,4.0,965710565,,,ml-latest-small/ratings.csv
ml-latest-small,19,1625,4.0,965710871,,,ml-latest-small/ratings.csv
ml-latest-small,19,1644,2.0,965705263,,,ml-latest-small/ratings.csv
ml-latest-small,19,1645,2.0,965711014,,,ml-latest-small/ratings.csv
ml-latest-small,19,1648,2.0,965706163,,,ml-latest-small/ratings.csv
ml-latest-small,19,1653,4.0,965703628,,,ml-latest-small/ratings.csv
ml-latest-small,19,1658,5.0,965711769,,,ml-latest-small/ratings.csv
ml-latest-small,19,1663,3.0,965705845,,,ml-latest-small/ratings.csv
ml-latest-small,19,1665,1.0,965707552,,,ml-latest-small/ratings.csv
ml-latest-small,19,1676,2.0,965709622,,,ml-latest-small/ratings.csv
ml-latest-small,19,1679,2.0,965702660,,,ml-latest-small/ratings.csv
ml-latest-small,19,1681,3.0,965710220,,,ml-latest-small/ratings.csv
ml-latest-small,19,1688,3.0,965709144,,,ml-latest-small/ratings.csv
ml-latest-small,19,1689,2.0,965706967,,,ml-latest-small/ratings.csv
ml-latest-small,19,1690,1.0,965703885,,,ml-latest-small/ratings.csv
ml-latest-small,19,1702,3.0,965704331,,,ml-latest-small/ratings.csv
ml-latest-small,19,1717,3.0,965705195,,,ml-latest-small/ratings.csv
ml-latest-small,19,1718,2.0,965712018,,,ml-latest-small/ratings.csv
ml-latest-small,19,1722,3.0,965711128,,,ml-latest-small/ratings.csv
ml-latest-small,19,1732,3.0,965705896,,,ml-latest-small/ratings.csv
ml-latest-small,19,1747,2.0,965706092,,,ml-latest-small/ratings.csv
ml-latest-small,19,1748,3.0,965703785,,,ml-latest-small/ratings.csv
ml-latest-small,19,1754,2.0,965711237,,,ml-latest-small/ratings.csv
ml-latest-small,19,1777,3.0,965706438,,,ml-latest-small/ratings.csv
ml-latest-small,19,1779,2.0,965711481,,,ml-latest-small/ratings.csv
ml-latest-small,19,1783,1.0,965711649,,,ml-latest-small/ratings.csv
ml-latest-small,19,1784,2.0,965706163,,,ml-latest-small/ratings.csv
ml-latest-small,19,1798,1.0,965712048,,,ml-latest-small/ratings.csv
ml-latest-small,19,1805,3.0,965711106,,,ml-latest-small/ratings.csv
ml-latest-small,19,1806,2.0,965706683,,,ml-latest-small/ratings.csv
ml-latest-small,19,1812,3.0,965705540,,,ml-latest-small/ratings.csv
ml-latest-small,19,1816,1.0,965706415,,,ml-latest-small/ratings.csv
ml-latest-small,19,1831,2.0,965704033,,,ml-latest-small/ratings.csv
ml-latest-small,19,1834,3.0,965710871,,,ml-latest-small/ratings.csv
ml-latest-small,19,1845,3.0,965706276,,,ml-latest-small/ratings.csv
ml-latest-small,19,1848,2.0,965704331,,,ml-latest-small/ratings.csv
ml-latest-small,19,1855,2.0,965708132,,,ml-latest-small/ratings.csv
ml-latest-small,19,1862,1.0,965704079,,,ml-latest-small/ratings.csv
ml-latest-small,19,1881,1.0,965704375,,,ml-latest-small/ratings.csv
ml-latest-small,19,1882,2.0,965701107,,,ml-latest-small/ratings.csv
ml-latest-small,19,1885,2.0,965705982,,,ml-latest-small/ratings.csv
ml-latest-small,19,1888,2.0,965707419,,,ml-latest-small/ratings.csv
ml-latest-small,19,1891,2.0,965705454,,,ml-latest-small/ratings.csv
ml-latest-small,19,1892,2.0,965712882,,,ml-latest-small/ratings.csv
ml-latest-small,19,1894,2.0,965707487,,,ml-latest-small/ratings.csv
ml-latest-small,19,1895,2.0,965706771,,,ml-latest-small/ratings.csv
ml-latest-small,19,1906,2.0,965706657,,,ml-latest-small/ratings.csv
ml-latest-small,19,1907,3.0,965709025,,,ml-latest-small/ratings.csv
ml-latest-small,19,1909,3.0,965703785,,,ml-latest-small/ratings.csv
ml-latest-small,19,1911,2.0,965707419,,,ml-latest-small/ratings.csv
ml-latest-small,19,1917,2.0,965703973,,,ml-latest-small/ratings.csv
ml-latest-small,19,1918,3.0,965708059,,,ml-latest-small/ratings.csv
ml-latest-small,19,1919,2.0,965705572,,,ml-latest-small/ratings.csv
ml-latest-small,19,1920,3.0,965704331,,,ml-latest-small/ratings.csv
ml-latest-small,19,1921,3.0,965710871,,,ml-latest-small/ratings.csv
ml-latest-small,19,1923,4.0,965705784,,,ml-latest-small/ratings.csv
ml-latest-small,19,1924,2.0,965703973,,,ml-latest-small/ratings.csv
ml-latest-small,19,1963,3.0,965705725,,,ml-latest-small/ratings.csv
ml-latest-small,19,1967,5.0,965704281,,,ml-latest-small/ratings.csv
ml-latest-small,19,1968,2.0,965705917,,,ml-latest-small/ratings.csv
ml-latest-small,19,1970,3.0,965705240,,,ml-latest-small/ratings.csv
ml-latest-small,19,1971,3.0,965705347,,,ml-latest-small/ratings.csv
ml-latest-small,19,1972,1.0,965705301,,,ml-latest-small/ratings.csv
ml-latest-small,19,1973,2.0,965705322,,,ml-latest-small/ratings.csv
ml-latest-small,19,1991,2.0,965705195,,,ml-latest-small/ratings.csv
ml-latest-small,19,1994,3.0,965710781,,,ml-latest-small/ratings.csv
ml-latest-small,19,2000,3.0,965705942,,,ml-latest-small/ratings.csv
ml-latest-small,19,2001,2.0,965706507,,,ml-latest-small/ratings.csv
ml-latest-small,19,2002,3.0,965707724,,,ml-latest-small/ratings.csv
ml-latest-small,19,2003,3.0,965706389,,,ml-latest-small/ratings.csv
ml-latest-small,19,2004,3.0,965705117,,,ml-latest-small/ratings.csv
ml-latest-small,19,2005,4.0,965704281,,,ml-latest-small/ratings.csv
ml-latest-small,19,2011,2.0,965703834,,,ml-latest-small/ratings.csv
ml-latest-small,19,2012,3.0,965703915,,,ml-latest-small/ratings.csv
ml-latest-small,19,2014,2.0,965707669,,,ml-latest-small/ratings.csv
ml-latest-small,19,2015,3.0,965706839,,,ml-latest-small/ratings.csv
ml-latest-small,19,2016,3.0,965708059,,,ml-latest-small/ratings.csv
ml-latest-small,19,2026,2.0,965705322,,,ml-latest-small/ratings.csv
ml-latest-small,19,2027,1.0,965708217,,,ml-latest-small/ratings.csv
ml-latest-small,19,2033,3.0,965709172,,,ml-latest-small/ratings.csv
ml-latest-small,19,2034,2.0,965703973,,,ml-latest-small/ratings.csv
ml-latest-small,19,2036,2.0,965708339,,,ml-latest-small/ratings.csv
ml-latest-small,19,2037,4.0,965707724,,,ml-latest-small/ratings.csv
ml-latest-small,19,2040,2.0,965706728,,,ml-latest-small/ratings.csv
ml-latest-small,19,2041,4.0,965708002,,,ml-latest-small/ratings.csv
ml-latest-small,19,2044,3.0,965708132,,,ml-latest-small/ratings.csv
ml-latest-small,19,2046,2.0,965703727,,,ml-latest-small/ratings.csv
ml-latest-small,19,2048,3.0,965709172,,,ml-latest-small/ratings.csv
ml-latest-small,19,2052,2.0,965707576,,,ml-latest-small/ratings.csv
ml-latest-small,19,2053,2.0,965704056,,,ml-latest-small/ratings.csv
ml-latest-small,19,2054,3.0,965704304,,,ml-latest-small/ratings.csv
ml-latest-small,19,2060,3.0,965707769,,,ml-latest-small/ratings.csv
ml-latest-small,19,2065,2.0,965706045,,,ml-latest-small/ratings.csv
ml-latest-small,19,2072,2.0,965707518,,,ml-latest-small/ratings.csv
ml-latest-small,19,2078,2.0,965705896,,,ml-latest-small/ratings.csv
ml-latest-small,19,2081,4.0,965709068,,,ml-latest-small/ratings.csv
ml-latest-small,19,2082,3.0,965707487,,,ml-latest-small/ratings.csv
ml-latest-small,19,2088,3.0,965707828,,,ml-latest-small/ratings.csv
ml-latest-small,19,2092,2.0,965709172,,,ml-latest-small/ratings.csv
ml-latest-small,19,2094,4.0,965703915,,,ml-latest-small/ratings.csv
ml-latest-small,19,2097,3.0,965704904,,,ml-latest-small/ratings.csv
ml-latest-small,19,2100,3.0,965704281,,,ml-latest-small/ratings.csv
ml-latest-small,19,2105,3.0,965703853,,,ml-latest-small/ratings.csv
ml-latest-small,19,2108,3.0,965706140,,,ml-latest-small/ratings.csv
ml-latest-small,19,2110,3.0,965706250,,,ml-latest-small/ratings.csv
ml-latest-small,19,2111,3.0,965706140,,,ml-latest-small/ratings.csv
ml-latest-small,19,2115,3.0,965709534,,,ml-latest-small/ratings.csv
ml-latest-small,19,2118,2.0,965711106,,,ml-latest-small/ratings.csv
ml-latest-small,19,2123,3.0,965709172,,,ml-latest-small/ratings.csv
ml-latest-small,19,2133,3.0,965706484,,,ml-latest-small/ratings.csv
ml-latest-small,19,2134,2.0,965706525,,,ml-latest-small/ratings.csv
ml-latest-small,19,2137,4.0,965702660,,,ml-latest-small/ratings.csv
ml-latest-small,19,2139,3.0,965709025,,,ml-latest-small/ratings.csv
ml-latest-small,19,2140,4.0,965703674,,,ml-latest-small/ratings.csv
ml-latest-small,19,2143,3.0,965704304,,,ml-latest-small/ratings.csv
ml-latest-small,19,2144,3.0,965706297,,,ml-latest-small/ratings.csv
ml-latest-small,19,2145,2.0,965706615,,,ml-latest-small/ratings.csv
ml-latest-small,19,2148,2.0,965705195,,,ml-latest-small/ratings.csv
ml-latest-small,19,2150,3.0,965706276,,,ml-latest-small/ratings.csv
ml-latest-small,19,2153,3.0,965710092,,,ml-latest-small/ratings.csv
ml-latest-small,19,2167,3.0,965704952,,,ml-latest-small/ratings.csv
ml-latest-small,19,2169,2.0,965707889,,,ml-latest-small/ratings.csv
ml-latest-small,19,2171,2.0,965706728,,,ml-latest-small/ratings.csv
ml-latest-small,19,2174,4.0,965704248,,,ml-latest-small/ratings.csv
ml-latest-small,19,2184,3.0,965712882,,,ml-latest-small/ratings.csv
ml-latest-small,19,2186,4.0,965710671,,,ml-latest-small/ratings.csv
ml-latest-small,19,2193,3.0,965704304,,,ml-latest-small/ratings.csv
ml-latest-small,19,2203,3.0,965710671,,,ml-latest-small/ratings.csv
ml-latest-small,19,2206,3.0,965711039,,,ml-latest-small/ratings.csv
ml-latest-small,19,2227,3.0,965701107,,,ml-latest-small/ratings.csv
ml-latest-small,19,2232,3.0,965703756,,,ml-latest-small/ratings.csv
ml-latest-small,19,2243,2.0,965706114,,,ml-latest-small/ratings.csv
ml-latest-small,19,2244,2.0,965706507,,,ml-latest-small/ratings.csv
ml-latest-small,19,2245,3.0,965706592,,,ml-latest-small/ratings.csv
ml-latest-small,19,2248,3.0,965705822,,,ml-latest-small/ratings.csv
ml-latest-small,19,2249,3.0,965707637,,,ml-latest-small/ratings.csv
ml-latest-small,19,2253,4.0,965704355,,,ml-latest-small/ratings.csv
ml-latest-small,19,2255,2.0,965706615,,,ml-latest-small/ratings.csv
ml-latest-small,19,2261,2.0,965706636,,,ml-latest-small/ratings.csv
ml-latest-small,19,2263,2.0,965711529,,,ml-latest-small/ratings.csv
ml-latest-small,19,2266,3.0,965707828,,,ml-latest-small/ratings.csv
ml-latest-small,19,2267,2.0,965712882,,,ml-latest-small/ratings.csv
ml-latest-small,19,2279,2.0,965705219,,,ml-latest-small/ratings.csv
ml-latest-small,19,2287,3.0,965710914,,,ml-latest-small/ratings.csv
ml-latest-small,19,2294,3.0,965709068,,,ml-latest-small/ratings.csv
ml-latest-small,19,2302,3.0,965706415,,,ml-latest-small/ratings.csv
ml-latest-small,19,2315,2.0,965705263,,,ml-latest-small/ratings.csv
ml-latest-small,19,2320,3.0,965711342,,,ml-latest-small/ratings.csv
ml-latest-small,19,2321,3.0,965706019,,,ml-latest-small/ratings.csv
ml-latest-small,19,2328,2.0,965705347,,,ml-latest-small/ratings.csv
ml-latest-small,19,2335,3.0,965707576,,,ml-latest-small/ratings.csv
ml-latest-small,19,2338,1.0,965705347,,,ml-latest-small/ratings.csv
ml-latest-small,19,2354,2.0,965707419,,,ml-latest-small/ratings.csv
ml-latest-small,19,2355,3.0,965705896,,,ml-latest-small/ratings.csv
ml-latest-small,19,2359,4.0,965706337,,,ml-latest-small/ratings.csv
ml-latest-small,19,2369,2.0,965707016,,,ml-latest-small/ratings.csv
ml-latest-small,19,2371,4.0,965706592,,,ml-latest-small/ratings.csv
ml-latest-small,19,2372,1.0,965707044,,,ml-latest-small/ratings.csv
ml-latest-small,19,2374,2.0,965707518,,,ml-latest-small/ratings.csv
ml-latest-small,19,2375,2.0,965707576,,,ml-latest-small/ratings.csv
ml-latest-small,19,2387,3.0,965706907,,,ml-latest-small/ratings.csv
ml-latest-small,19,2393,3.0,965703940,,,ml-latest-small/ratings.csv
ml-latest-small,19,2394,3.0,965709144,,,ml-latest-small/ratings.csv
ml-latest-small,19,2396,4.0,965705784,,,ml-latest-small/ratings.csv
ml-latest-small,19,2406,3.0,965706415,,,ml-latest-small/ratings.csv
ml-latest-small,19,2407,2.0,965706592,,,ml-latest-small/ratings.csv
ml-latest-small,19,2413,3.0,965706548,,,ml-latest-small/ratings.csv
ml-latest-small,19,2414,3.0,965709785,,,ml-latest-small/ratings.csv
ml-latest-small,19,2416,3.0,965706438,,,ml-latest-small/ratings.csv
ml-latest-small,19,2418,2.0,965707101,,,ml-latest-small/ratings.csv
ml-latest-small,19,2423,4.0,965706337,,,ml-latest-small/ratings.csv
ml-latest-small,19,2424,2.0,965706771,,,ml-latest-small/ratings.csv
ml-latest-small,19,2428,3.0,965703915,,,ml-latest-small/ratings.csv
ml-latest-small,19,2446,2.0,965711873,,,ml-latest-small/ratings.csv
ml-latest-small,19,2450,2.0,965710039,,,ml-latest-small/ratings.csv
ml-latest-small,19,2453,3.0,965704304,,,ml-latest-small/ratings.csv
ml-latest-small,19,2455,2.0,965703698,,,ml-latest-small/ratings.csv
ml-latest-small,19,2458,2.0,965708098,,,ml-latest-small/ratings.csv
ml-latest-small,19,2463,2.0,965706209,,,ml-latest-small/ratings.csv
ml-latest-small,19,2465,1.0,965705405,,,ml-latest-small/ratings.csv
ml-latest-small,19,2467,3.0,965712410,,,ml-latest-small/ratings.csv
ml-latest-small,19,2468,2.0,965707724,,,ml-latest-small/ratings.csv
ml-latest-small,19,2470,3.0,965706365,,,ml-latest-small/ratings.csv
ml-latest-small,19,2478,2.0,965706748,,,ml-latest-small/ratings.csv
ml-latest-small,19,2485,3.0,965707552,,,ml-latest-small/ratings.csv
ml-latest-small,19,2490,3.0,965711184,,,ml-latest-small/ratings.csv
ml-latest-small,19,2491,4.0,965708132,,,ml-latest-small/ratings.csv
ml-latest-small,19,2496,3.0,965706683,,,ml-latest-small/ratings.csv
ml-latest-small,19,2502,2.0,965706185,,,ml-latest-small/ratings.csv
ml-latest-small,19,2513,1.0,965705195,,,ml-latest-small/ratings.csv
ml-latest-small,19,2518,2.0,965706728,,,ml-latest-small/ratings.csv
ml-latest-small,19,2528,2.0,965709500,,,ml-latest-small/ratings.csv
ml-latest-small,19,2539,2.0,965706592,,,ml-latest-small/ratings.csv
ml-latest-small,19,2548,2.0,965705383,,,ml-latest-small/ratings.csv
ml-latest-small,19,2550,3.0,965704904,,,ml-latest-small/ratings.csv
ml-latest-small,19,2555,1.0,965708587,,,ml-latest-small/ratings.csv
ml-latest-small,19,2558,2.0,965706415,,,ml-latest-small/ratings.csv
ml-latest-small,19,2571,4.0,965703605,,,ml-latest-small/ratings.csv
ml-latest-small,19,2572,3.0,965706365,,,ml-latest-small/ratings.csv
ml-latest-small,19,2581,3.0,965706839,,,ml-latest-small/ratings.csv
ml-latest-small,19,2605,2.0,965711649,,,ml-latest-small/ratings.csv
ml-latest-small,19,2606,4.0,965705117,,,ml-latest-small/ratings.csv
ml-latest-small,19,2614,1.0,965705422,,,ml-latest-small/ratings.csv
ml-latest-small,19,2617,3.0,965705018,,,ml-latest-small/ratings.csv
ml-latest-small,19,2622,3.0,965704281,,,ml-latest-small/ratings.csv
ml-latest-small,19,2628,3.0,965703756,,,ml-latest-small/ratings.csv
ml-latest-small,19,2640,3.0,965703674,,,ml-latest-small/ratings.csv
ml-latest-small,19,2641,3.0,965703727,,,ml-latest-small/ratings.csv
ml-latest-small,19,2642,1.0,965704033,,,ml-latest-small/ratings.csv
ml-latest-small,19,2643,1.0,965704127,,,ml-latest-small/ratings.csv
ml-latest-small,19,2657,3.0,965704999,,,ml-latest-small/ratings.csv
ml-latest-small,19,2668,2.0,965703853,,,ml-latest-small/ratings.csv
ml-latest-small,19,2672,3.0,965704033,,,ml-latest-small/ratings.csv
ml-latest-small,19,2683,3.0,965706592,,,ml-latest-small/ratings.csv
ml-latest-small,19,2687,2.0,965709025,,,ml-latest-small/ratings.csv
ml-latest-small,19,2694,2.0,965706839,,,ml-latest-small/ratings.csv
ml-latest-small,19,2699,3.0,965703915,,,ml-latest-small/ratings.csv
ml-latest-small,19,2700,4.0,965705845,,,ml-latest-small/ratings.csv
ml-latest-small,19,2701,1.0,965704111,,,ml-latest-small/ratings.csv
ml-latest-small,19,2706,3.0,965706636,,,ml-latest-small/ratings.csv
ml-latest-small,19,2709,2.0,965707101,,,ml-latest-small/ratings.csv
ml-latest-small,19,2710,2.0,965704999,,,ml-latest-small/ratings.csv
ml-latest-small,19,2716,4.0,965704931,,,ml-latest-small/ratings.csv
ml-latest-small,19,2717,1.0,965705195,,,ml-latest-small/ratings.csv
ml-latest-small,19,2719,2.0,965705383,,,ml-latest-small/ratings.csv
ml-latest-small,19,2720,1.0,965708653,,,ml-latest-small/ratings.csv
ml-latest-small,19,2722,2.0,965711529,,,ml-latest-small/ratings.csv
ml-latest-small,19,2723,5.0,965706484,,,ml-latest-small/ratings.csv
ml-latest-small,19,2733,2.0,965707746,,,ml-latest-small/ratings.csv
ml-latest-small,19,2746,3.0,965704974,,,ml-latest-small/ratings.csv
ml-latest-small,19,2754,1.0,965705405,,,ml-latest-small/ratings.csv
ml-latest-small,19,2762,4.0,965710565,,,ml-latest-small/ratings.csv
ml-latest-small,19,2763,4.0,965711106,,,ml-latest-small/ratings.csv
ml-latest-small,19,2788,2.0,965705822,,,ml-latest-small/ratings.csv
ml-latest-small,19,2791,2.0,965705802,,,ml-latest-small/ratings.csv
ml-latest-small,19,2793,2.0,965705301,,,ml-latest-small/ratings.csv
ml-latest-small,19,2797,3.0,965704248,,,ml-latest-small/ratings.csv
ml-latest-small,19,2802,3.0,965711413,,,ml-latest-small/ratings.csv
ml-latest-small,19,2804,3.0,965705572,,,ml-latest-small/ratings.csv
ml-latest-small,19,2806,2.0,965706795,,,ml-latest-small/ratings.csv
ml-latest-small,19,2808,2.0,965701107,,,ml-latest-small/ratings.csv
ml-latest-small,19,2822,2.0,965710019,,,ml-latest-small/ratings.csv
ml-latest-small,19,2836,3.0,965706525,,,ml-latest-small/ratings.csv
ml-latest-small,19,2840,2.0,965711793,,,ml-latest-small/ratings.csv
ml-latest-small,19,2857,3.0,965709047,,,ml-latest-small/ratings.csv
ml-latest-small,19,2858,4.0,965702994,,,ml-latest-small/ratings.csv
ml-latest-small,19,2860,2.0,965706684,,,ml-latest-small/ratings.csv
ml-latest-small,19,2867,3.0,965706185,,,ml-latest-small/ratings.csv
ml-latest-small,19,2870,3.0,965706365,,,ml-latest-small/ratings.csv
ml-latest-small,19,2883,3.0,965706068,,,ml-latest-small/ratings.csv
ml-latest-small,19,2888,3.0,965707828,,,ml-latest-small/ratings.csv
ml-latest-small,19,2898,2.0,965705195,,,ml-latest-small/ratings.csv
ml-latest-small,19,2900,2.0,965703885,,,ml-latest-small/ratings.csv
ml-latest-small,19,2901,1.0,965705137,,,ml-latest-small/ratings.csv
ml-latest-small,19,2915,2.0,965706337,,,ml-latest-small/ratings.csv
ml-latest-small,19,2916,3.0,965709500,,,ml-latest-small/ratings.csv
ml-latest-small,19,2918,5.0,965705867,,,ml-latest-small/ratings.csv
ml-latest-small,19,2936,4.0,965705867,,,ml-latest-small/ratings.csv
ml-latest-small,19,2953,3.0,965708360,,,ml-latest-small/ratings.csv
ml-latest-small,19,2959,5.0,965703109,,,ml-latest-small/ratings.csv
ml-latest-small,19,2968,5.0,965703674,,,ml-latest-small/ratings.csv
ml-latest-small,19,2985,3.0,965703785,,,ml-latest-small/ratings.csv
ml-latest-small,19,2987,5.0,965709047,,,ml-latest-small/ratings.csv
ml-latest-small,19,2995,2.0,965705322,,,ml-latest-small/ratings.csv
ml-latest-small,19,2997,4.0,965705619,,,ml-latest-small/ratings.csv
ml-latest-small,19,3005,2.0,965711873,,,ml-latest-small/ratings.csv
ml-latest-small,19,3016,3.0,965705117,,,ml-latest-small/ratings.csv
ml-latest-small,19,3017,2.0,965705301,,,ml-latest-small/ratings.csv
ml-latest-small,19,3031,2.0,965708339,,,ml-latest-small/ratings.csv
ml-latest-small,19,3032,3.0,965703727,,,ml-latest-small/ratings.csv
ml-latest-small,19,3033,2.0,965703811,,,ml-latest-small/ratings.csv
ml-latest-small,19,3034,3.0,965709047,,,ml-latest-small/ratings.csv
ml-latest-small,19,3035,4.0,965705619,,,ml-latest-small/ratings.csv
ml-latest-small,19,3039,3.0,965706092,,,ml-latest-small/ratings.csv
ml-latest-small,19,3040,3.0,965706438,,,ml-latest-small/ratings.csv
ml-latest-small,19,3044,3.0,965711039,,,ml-latest-small/ratings.csv
ml-latest-small,19,3048,2.0,965707487,,,ml-latest-small/ratings.csv
ml-latest-small,19,3052,3.0,965706163,,,ml-latest-small/ratings.csv
ml-latest-small,19,3056,4.0,965711994,,,ml-latest-small/ratings.csv
ml-latest-small,19,3063,2.0,965711769,,,ml-latest-small/ratings.csv
ml-latest-small,19,3064,2.0,965711481,,,ml-latest-small/ratings.csv
ml-latest-small,19,3070,5.0,965703674,,,ml-latest-small/ratings.csv
ml-latest-small,19,3072,2.0,965706045,,,ml-latest-small/ratings.csv
ml-latest-small,19,3081,3.0,965703033,,,ml-latest-small/ratings.csv
ml-latest-small,19,3082,2.0,965703061,,,ml-latest-small/ratings.csv
ml-latest-small,19,3087,3.0,965706297,,,ml-latest-small/ratings.csv
ml-latest-small,19,3101,1.0,965711014,,,ml-latest-small/ratings.csv
ml-latest-small,19,3104,2.0,965705784,,,ml-latest-small/ratings.csv
ml-latest-small,19,3108,4.0,965705917,,,ml-latest-small/ratings.csv
ml-latest-small,19,3113,2.0,965712018,,,ml-latest-small/ratings.csv
ml-latest-small,19,3114,2.0,965705725,,,ml-latest-small/ratings.csv
ml-latest-small,19,3146,1.0,965703084,,,ml-latest-small/ratings.csv
ml-latest-small,19,3156,1.0,965703834,,,ml-latest-small/ratings.csv
ml-latest-small,19,3175,4.0,965703727,,,ml-latest-small/ratings.csv
ml-latest-small,19,3176,1.0,965703010,,,ml-latest-small/ratings.csv
ml-latest-small,19,3190,1.0,965703443,,,ml-latest-small/ratings.csv
ml-latest-small,19,3203,2.0,965710957,,,ml-latest-small/ratings.csv
ml-latest-small,19,3213,4.0,965708982,,,ml-latest-small/ratings.csv
ml-latest-small,19,3219,2.0,965711529,,,ml-latest-small/ratings.csv
ml-latest-small,19,3225,3.0,965703061,,,ml-latest-small/ratings.csv
ml-latest-small,19,3238,1.0,965703061,,,ml-latest-small/ratings.csv
ml-latest-small,19,3243,3.0,965707552,,,ml-latest-small/ratings.csv
ml-latest-small,19,3247,3.0,965707419,,,ml-latest-small/ratings.csv
ml-latest-small,19,3248,2.0,965708339,,,ml-latest-small/ratings.csv
ml-latest-small,19,3253,2.0,965706068,,,ml-latest-small/ratings.csv
ml-latest-small,19,3254,2.0,965706967,,,ml-latest-small/ratings.csv
ml-latest-small,19,3255,2.0,965706209,,,ml-latest-small/ratings.csv
ml-latest-small,19,3257,2.0,965711810,,,ml-latest-small/ratings.csv
ml-latest-small,19,3258,2.0,965706703,,,ml-latest-small/ratings.csv
ml-latest-small,19,3263,2.0,965706592,,,ml-latest-small/ratings.csv
ml-latest-small,19,3264,3.0,965705040,,,ml-latest-small/ratings.csv
ml-latest-small,19,3269,2.0,965703940,,,ml-latest-small/ratings.csv
ml-latest-small,19,3273,2.0,965703084,,,ml-latest-small/ratings.csv
ml-latest-small,19,3300,3.0,965703299,,,ml-latest-small/ratings.csv
ml-latest-small,19,3301,2.0,965703061,,,ml-latest-small/ratings.csv
ml-latest-small,19,3308,2.0,965706484,,,ml-latest-small/ratings.csv
ml-latest-small,19,3316,2.0,965703425,,,ml-latest-small/ratings.csv
ml-latest-small,19,3324,2.0,965703084,,,ml-latest-small/ratings.csv
ml-latest-small,19,3355,2.0,965703061,,,ml-latest-small/ratings.csv
ml-latest-small,19,3358,5.0,965706140,,,ml-latest-small/ratings.csv
ml-latest-small,19,3361,2.0,965705725,,,ml-latest-small/ratings.csv
ml-latest-small,19,3370,2.0,965710720,,,ml-latest-small/ratings.csv
ml-latest-small,19,3387,2.0,965707828,,,ml-latest-small/ratings.csv
ml-latest-small,19,3393,1.0,965704375,,,ml-latest-small/ratings.csv
ml-latest-small,19,3394,3.0,965707983,,,ml-latest-small/ratings.csv
ml-latest-small,19,3395,3.0,965707983,,,ml-latest-small/ratings.csv
ml-latest-small,19,3396,5.0,965705896,,,ml-latest-small/ratings.csv
ml-latest-small,19,3397,2.0,965706019,,,ml-latest-small/ratings.csv
ml-latest-small,19,3398,2.0,965706276,,,ml-latest-small/ratings.csv
ml-latest-small,19,3400,3.0,965709047,,,ml-latest-small/ratings.csv
ml-latest-small,19,3401,2.0,965703973,,,ml-latest-small/ratings.csv
ml-latest-small,19,3409,2.0,965703299,,,ml-latest-small/ratings.csv
ml-latest-small,19,3418,3.0,965701125,,,ml-latest-small/ratings.csv
ml-latest-small,19,3421,4.0,965705661,,,ml-latest-small/ratings.csv
ml-latest-small,19,3424,2.0,965705784,,,ml-latest-small/ratings.csv
ml-latest-small,19,3440,2.0,965704355,,,ml-latest-small/ratings.csv
ml-latest-small,19,3448,3.0,965706365,,,ml-latest-small/ratings.csv
ml-latest-small,19,3450,3.0,965706185,,,ml-latest-small/ratings.csv
ml-latest-small,19,3454,2.0,965703458,,,ml-latest-small/ratings.csv
ml-latest-small,19,3466,2.0,965704331,,,ml-latest-small/ratings.csv
ml-latest-small,19,3471,4.0,965703583,,,ml-latest-small/ratings.csv
ml-latest-small,19,3476,3.0,965704931,,,ml-latest-small/ratings.csv
ml-latest-small,19,3477,5.0,965706839,,,ml-latest-small/ratings.csv
ml-latest-small,19,3479,3.0,965704304,,,ml-latest-small/ratings.csv
ml-latest-small,19,3481,2.0,965703200,,,ml-latest-small/ratings.csv
ml-latest-small,19,3483,2.0,965704652,,,ml-latest-small/ratings.csv
ml-latest-small,19,3484,2.0,965703269,,,ml-latest-small/ratings.csv
ml-latest-small,19,3489,2.0,965704331,,,ml-latest-small/ratings.csv
ml-latest-small,19,3497,2.0,965707137,,,ml-latest-small/ratings.csv
ml-latest-small,19,3499,3.0,965704904,,,ml-latest-small/ratings.csv
ml-latest-small,19,3500,2.0,965706907,,,ml-latest-small/ratings.csv
ml-latest-small,19,3501,2.0,965706548,,,ml-latest-small/ratings.csv
ml-latest-small,19,3505,3.0,965711106,,,ml-latest-small/ratings.csv
ml-latest-small,19,3510,3.0,965703236,,,ml-latest-small/ratings.csv
ml-latest-small,19,3515,3.0,965703299,,,ml-latest-small/ratings.csv
ml-latest-small,19,3526,2.0,965706019,,,ml-latest-small/ratings.csv
ml-latest-small,19,3534,2.0,965703269,,,ml-latest-small/ratings.csv
ml-latest-small,19,3535,2.0,965703221,,,ml-latest-small/ratings.csv
ml-latest-small,19,3536,2.0,965704618,,,ml-latest-small/ratings.csv
ml-latest-small,19,3548,2.0,965706389,,,ml-latest-small/ratings.csv
ml-latest-small,19,3550,3.0,965704999,,,ml-latest-small/ratings.csv
ml-latest-small,19,3551,3.0,965710781,,,ml-latest-small/ratings.csv
ml-latest-small,19,3578,3.0,965703221,,,ml-latest-small/ratings.csv
ml-latest-small,19,3584,2.0,965711794,,,ml-latest-small/ratings.csv
ml-latest-small,19,3591,2.0,965706415,,,ml-latest-small/ratings.csv
ml-latest-small,19,3594,2.0,965702805,,,ml-latest-small/ratings.csv
ml-latest-small,19,3608,3.0,965705943,,,ml-latest-small/ratings.csv
ml-latest-small,19,3622,3.0,965706114,,,ml-latest-small/ratings.csv
ml-latest-small,19,3623,2.0,965702805,,,ml-latest-small/ratings.csv
ml-latest-small,19,3624,3.0,965702776,,,ml-latest-small/ratings.csv
ml-latest-small,19,3662,3.0,965703646,,,ml-latest-small/ratings.csv
ml-latest-small,19,3671,3.0,965705784,,,ml-latest-small/ratings.csv
ml-latest-small,19,3683,3.0,965712238,,,ml-latest-small/ratings.csv
ml-latest-small,19,3685,3.0,965702660,,,ml-latest-small/ratings.csv
ml-latest-small,19,3686,3.0,965711156,,,ml-latest-small/ratings.csv
ml-latest-small,19,3692,3.0,965702660,,,ml-latest-small/ratings.csv
ml-latest-small,19,3693,2.0,965706728,,,ml-latest-small/ratings.csv
ml-latest-small,19,3698,2.0,965703756,,,ml-latest-small/ratings.csv
ml-latest-small,19,3699,2.0,965703811,,,ml-latest-small/ratings.csv
ml-latest-small,19,3701,2.0,965703756,,,ml-latest-small/ratings.csv
ml-latest-small,19,3704,2.0,965703756,,,ml-latest-small/ratings.csv
ml-latest-small,19,3705,2.0,965710092,,,ml-latest-small/ratings.csv
ml-latest-small,19,3706,3.0,965711128,,,ml-latest-small/ratings.csv
ml-latest-small,19,3708,2.0,965711769,,,ml-latest-small/ratings.csv
ml-latest-small,19,3712,3.0,965706748,,,ml-latest-small/ratings.csv
ml-latest-small,19,3717,2.0,965702842,,,ml-latest-small/ratings.csv
ml-latest-small,19,3740,2.0,965706276,,,ml-latest-small/ratings.csv
ml-latest-small,19,3743,2.0,965702940,,,ml-latest-small/ratings.csv
ml-latest-small,19,3744,2.0,965702866,,,ml-latest-small/ratings.csv
ml-latest-small,19,3745,4.0,965702776,,,ml-latest-small/ratings.csv
ml-latest-small,19,3751,3.0,965702777,,,ml-latest-small/ratings.csv
ml-latest-small,19,3752,3.0,965702843,,,ml-latest-small/ratings.csv
ml-latest-small,19,3754,4.0,965702777,,,ml-latest-small/ratings.csv
ml-latest-small,19,3763,3.0,965711184,,,ml-latest-small/ratings.csv
ml-latest-small,19,3770,2.0,965703915,,,ml-latest-small/ratings.csv
ml-latest-small,19,3784,2.0,965702923,,,ml-latest-small/ratings.csv
ml-latest-small,19,3785,1.0,965702905,,,ml-latest-small/ratings.csv
ml-latest-small,19,3793,4.0,965702777,,,ml-latest-small/ratings.csv
ml-latest-small,19,3797,3.0,965702954,,,ml-latest-small/ratings.csv
ml-latest-small,19,3798,2.0,965702843,,,ml-latest-small/ratings.csv
ml-latest-small,19,3802,2.0,965704079,,,ml-latest-small/ratings.csv
ml-latest-small,19,3809,3.0,965706415,,,ml-latest-small/ratings.csv
ml-latest-small,19,3825,3.0,965702777,,,ml-latest-small/ratings.csv
ml-latest-small,19,3826,1.0,965702843,,,ml-latest-small/ratings.csv
ml-latest-small,19,3835,2.0,965711413,,,ml-latest-small/ratings.csv
ml-latest-small,19,3837,1.0,965704999,,,ml-latest-small/ratings.csv
ml-latest-small,19,3839,1.0,965705219,,,ml-latest-small/ratings.csv
ml-latest-small,20,2,3.0,1054038313,,,ml-latest-small/ratings.csv
ml-latest-small,20,8,1.0,1054038422,,,ml-latest-small/ratings.csv
ml-latest-small,20,13,4.0,1054038425,,,ml-latest-small/ratings.csv
ml-latest-small,20,34,4.0,1054038093,,,ml-latest-small/ratings.csv
ml-latest-small,20,48,5.0,1054038357,,,ml-latest-small/ratings.csv
ml-latest-small,20,107,3.5,1054038320,,,ml-latest-small/ratings.csv
ml-latest-small,20,158,3.0,1054038381,,,ml-latest-small/ratings.csv
ml-latest-small,20,239,4.5,1054038398,,,ml-latest-small/ratings.csv
ml-latest-small,20,262,4.5,1054038142,,,ml-latest-small/ratings.csv
ml-latest-small,20,317,3.5,1054038283,,,ml-latest-small/ratings.csv
ml-latest-small,20,362,4.0,1054038216,,,ml-latest-small/ratings.csv
ml-latest-small,20,364,5.0,1054038067,,,ml-latest-small/ratings.csv
ml-latest-small,20,531,4.5,1054038162,,,ml-latest-small/ratings.csv
ml-latest-small,20,551,5.0,1054038128,,,ml-latest-small/ratings.csv
ml-latest-small,20,586,3.0,1054038279,,,ml-latest-small/ratings.csv
ml-latest-small,20,588,5.0,1054038059,,,ml-latest-small/ratings.csv
ml-latest-small,20,594,5.0,1054038083,,,ml-latest-small/ratings.csv
ml-latest-small,20,595,5.0,1054038060,,,ml-latest-small/ratings.csv
ml-latest-small,20,596,4.5,1054038175,,,ml-latest-small/ratings.csv
ml-latest-small,20,661,5.0,1054038185,,,ml-latest-small/ratings.csv
ml-latest-small,20,709,3.0,1054038318,,,ml-latest-small/ratings.csv
ml-latest-small,20,720,5.0,1054038502,,,ml-latest-small/ratings.csv
ml-latest-small,20,783,3.5,1054038251,,,ml-latest-small/ratings.csv
ml-latest-small,20,801,2.5,1054038390,,,ml-latest-small/ratings.csv
ml-latest-small,20,837,4.0,1054038259,,,ml-latest-small/ratings.csv
ml-latest-small,20,899,4.0,1054147395,,,ml-latest-small/ratings.csv
ml-latest-small,20,914,4.5,1054036277,,,ml-latest-small/ratings.csv
ml-latest-small,20,919,5.0,1054038078,,,ml-latest-small/ratings.csv
ml-latest-small,20,986,3.5,1054038204,,,ml-latest-small/ratings.csv
ml-latest-small,20,1010,3.0,1054038376,,,ml-latest-small/ratings.csv
ml-latest-small,20,1012,4.0,1054038180,,,ml-latest-small/ratings.csv
ml-latest-small,20,1013,4.0,1054038219,,,ml-latest-small/ratings.csv
ml-latest-small,20,1015,3.5,1054038254,,,ml-latest-small/ratings.csv
ml-latest-small,20,1018,3.5,1054038336,,,ml-latest-small/ratings.csv
ml-latest-small,20,1021,2.0,1054038421,,,ml-latest-small/ratings.csv
ml-latest-small,20,1022,4.5,1054038135,,,ml-latest-small/ratings.csv
ml-latest-small,20,1025,5.0,1054038107,,,ml-latest-small/ratings.csv
ml-latest-small,20,1028,4.5,1054038076,,,ml-latest-small/ratings.csv
ml-latest-small,20,1029,4.5,1054038189,,,ml-latest-small/ratings.csv
ml-latest-small,20,1030,3.0,1054038374,,,ml-latest-small/ratings.csv
ml-latest-small,20,1031,3.0,1054038326,,,ml-latest-small/ratings.csv
ml-latest-small,20,1032,3.5,1054038130,,,ml-latest-small/ratings.csv
ml-latest-small,20,1035,4.5,1054147359,,,ml-latest-small/ratings.csv
ml-latest-small,20,1073,5.0,1054038071,,,ml-latest-small/ratings.csv
ml-latest-small,20,1088,4.5,1054147512,,,ml-latest-small/ratings.csv
ml-latest-small,20,1097,5.0,1054038065,,,ml-latest-small/ratings.csv
ml-latest-small,20,1148,5.0,1054038506,,,ml-latest-small/ratings.csv
ml-latest-small,20,1282,4.5,1054038160,,,ml-latest-small/ratings.csv
ml-latest-small,20,1333,3.5,1054036254,,,ml-latest-small/ratings.csv
ml-latest-small,20,1367,3.0,1054038378,,,ml-latest-small/ratings.csv
ml-latest-small,20,1380,5.0,1054147442,,,ml-latest-small/ratings.csv
ml-latest-small,20,1489,4.0,1054147467,,,ml-latest-small/ratings.csv
ml-latest-small,20,1547,3.0,1054038387,,,ml-latest-small/ratings.csv
ml-latest-small,20,1566,4.5,1054038231,,,ml-latest-small/ratings.csv
ml-latest-small,20,1688,4.5,1054038258,,,ml-latest-small/ratings.csv
ml-latest-small,20,1722,3.0,1054036240,,,ml-latest-small/ratings.csv
ml-latest-small,20,1848,3.0,1054038355,,,ml-latest-small/ratings.csv
ml-latest-small,20,1876,2.0,1054036210,,,ml-latest-small/ratings.csv
ml-latest-small,20,1907,5.0,1054038097,,,ml-latest-small/ratings.csv
ml-latest-small,20,1919,3.5,1054038348,,,ml-latest-small/ratings.csv
ml-latest-small,20,1947,5.0,1054147380,,,ml-latest-small/ratings.csv
ml-latest-small,20,2005,5.0,1054038151,,,ml-latest-small/ratings.csv
ml-latest-small,20,2006,2.0,1054036200,,,ml-latest-small/ratings.csv
ml-latest-small,20,2018,4.0,1054038166,,,ml-latest-small/ratings.csv
ml-latest-small,20,2033,4.0,1054038365,,,ml-latest-small/ratings.csv
ml-latest-small,20,2048,3.5,1054038325,,,ml-latest-small/ratings.csv
ml-latest-small,20,2054,2.5,1054036164,,,ml-latest-small/ratings.csv
ml-latest-small,20,2059,3.5,1054038343,,,ml-latest-small/ratings.csv
ml-latest-small,20,2078,4.5,1054038081,,,ml-latest-small/ratings.csv
ml-latest-small,20,2080,4.0,1054038091,,,ml-latest-small/ratings.csv
ml-latest-small,20,2081,5.0,1054038138,,,ml-latest-small/ratings.csv
ml-latest-small,20,2083,5.0,1054038103,,,ml-latest-small/ratings.csv
ml-latest-small,20,2085,4.0,1054038493,,,ml-latest-small/ratings.csv
ml-latest-small,20,2087,4.5,1054038136,,,ml-latest-small/ratings.csv
ml-latest-small,20,2089,4.5,1054038249,,,ml-latest-small/ratings.csv
ml-latest-small,20,2090,3.0,1054038269,,,ml-latest-small/ratings.csv
ml-latest-small,20,2092,3.0,1054147515,,,ml-latest-small/ratings.csv
ml-latest-small,20,2096,4.0,1054038145,,,ml-latest-small/ratings.csv
ml-latest-small,20,2100,3.5,1054036178,,,ml-latest-small/ratings.csv
ml-latest-small,20,2116,2.5,1054038315,,,ml-latest-small/ratings.csv
ml-latest-small,20,2135,5.0,1054147519,,,ml-latest-small/ratings.csv
ml-latest-small,20,2137,4.5,1054038124,,,ml-latest-small/ratings.csv
ml-latest-small,20,2140,4.0,1054038148,,,ml-latest-small/ratings.csv
ml-latest-small,20,2141,4.5,1054038233,,,ml-latest-small/ratings.csv
ml-latest-small,20,2161,4.5,1054038165,,,ml-latest-small/ratings.csv
ml-latest-small,20,2167,2.0,1054036297,,,ml-latest-small/ratings.csv
ml-latest-small,20,2294,3.5,1054038140,,,ml-latest-small/ratings.csv
ml-latest-small,20,2300,5.0,1054147430,,,ml-latest-small/ratings.csv
ml-latest-small,20,2355,4.0,1054038063,,,ml-latest-small/ratings.csv
ml-latest-small,20,2394,5.0,1054038545,,,ml-latest-small/ratings.csv
ml-latest-small,20,2430,2.0,1054038297,,,ml-latest-small/ratings.csv
ml-latest-small,20,2565,3.5,1054147376,,,ml-latest-small/ratings.csv
ml-latest-small,20,2617,2.5,1054036168,,,ml-latest-small/ratings.csv
ml-latest-small,20,2657,5.0,1054147479,,,ml-latest-small/ratings.csv
ml-latest-small,20,2687,4.5,1054038187,,,ml-latest-small/ratings.csv
ml-latest-small,20,2700,4.5,1054038561,,,ml-latest-small/ratings.csv
ml-latest-small,20,2701,1.0,1054036268,,,ml-latest-small/ratings.csv
ml-latest-small,20,2709,5.0,1054038446,,,ml-latest-small/ratings.csv
ml-latest-small,20,2746,4.5,1054147419,,,ml-latest-small/ratings.csv
ml-latest-small,20,2761,4.5,1054038106,,,ml-latest-small/ratings.csv
ml-latest-small,20,2770,2.5,1054036192,,,ml-latest-small/ratings.csv
ml-latest-small,20,2804,5.0,1054036159,,,ml-latest-small/ratings.csv
ml-latest-small,20,2857,4.0,1054038534,,,ml-latest-small/ratings.csv
ml-latest-small,20,2941,4.0,1054147411,,,ml-latest-small/ratings.csv
ml-latest-small,20,2987,5.0,1054038485,,,ml-latest-small/ratings.csv
ml-latest-small,20,3034,5.0,1054038099,,,ml-latest-small/ratings.csv
ml-latest-small,20,3114,5.0,1054038084,,,ml-latest-small/ratings.csv
ml-latest-small,20,3157,3.0,1054038435,,,ml-latest-small/ratings.csv
ml-latest-small,20,3159,5.0,1054038115,,,ml-latest-small/ratings.csv
ml-latest-small,20,3189,3.5,1054037310,,,ml-latest-small/ratings.csv
ml-latest-small,20,3300,3.0,1054147217,,,ml-latest-small/ratings.csv
ml-latest-small,20,3301,3.5,1054037596,,,ml-latest-small/ratings.csv
ml-latest-small,20,3396,5.0,1054038057,,,ml-latest-small/ratings.csv
ml-latest-small,20,3397,5.0,1054038117,,,ml-latest-small/ratings.csv
ml-latest-small,20,3398,5.0,1054038201,,,ml-latest-small/ratings.csv
ml-latest-small,20,3408,3.5,1054037151,,,ml-latest-small/ratings.csv
ml-latest-small,20,3410,4.0,1054037584,,,ml-latest-small/ratings.csv
ml-latest-small,20,3438,4.0,1054038460,,,ml-latest-small/ratings.csv
ml-latest-small,20,3483,3.5,1054038288,,,ml-latest-small/ratings.csv
ml-latest-small,20,3510,3.0,1054037270,,,ml-latest-small/ratings.csv
ml-latest-small,20,3512,3.0,1054037253,,,ml-latest-small/ratings.csv
ml-latest-small,20,3535,1.0,1054037573,,,ml-latest-small/ratings.csv
ml-latest-small,20,3536,1.5,1054037346,,,ml-latest-small/ratings.csv
ml-latest-small,20,3549,5.0,1054147384,,,ml-latest-small/ratings.csv
ml-latest-small,20,3555,3.0,1054147183,,,ml-latest-small/ratings.csv
ml-latest-small,20,3565,3.0,1054037706,,,ml-latest-small/ratings.csv
ml-latest-small,20,3578,4.5,1054037169,,,ml-latest-small/ratings.csv
ml-latest-small,20,3615,2.5,1054037838,,,ml-latest-small/ratings.csv
ml-latest-small,20,3623,3.0,1054147285,,,ml-latest-small/ratings.csv
ml-latest-small,20,3624,2.0,1054037231,,,ml-latest-small/ratings.csv
ml-latest-small,20,3744,1.0,1054147299,,,ml-latest-small/ratings.csv
ml-latest-small,20,3751,5.0,1054037147,,,ml-latest-small/ratings.csv
ml-latest-small,20,3753,3.0,1054037352,,,ml-latest-small/ratings.csv
ml-latest-small,20,3755,4.5,1054147193,,,ml-latest-small/ratings.csv
ml-latest-small,20,3784,2.5,1054037759,,,ml-latest-small/ratings.csv
ml-latest-small,20,3793,3.5,1054037246,,,ml-latest-small/ratings.csv
ml-latest-small,20,3852,4.0,1054037964,,,ml-latest-small/ratings.csv
ml-latest-small,20,3882,2.5,1054037657,,,ml-latest-small/ratings.csv
ml-latest-small,20,3897,4.5,1054036184,,,ml-latest-small/ratings.csv
ml-latest-small,20,3948,3.5,1054037203,,,ml-latest-small/ratings.csv
ml-latest-small,20,3967,4.5,1054037160,,,ml-latest-small/ratings.csv
ml-latest-small,20,3972,3.0,1054147174,,,ml-latest-small/ratings.csv
ml-latest-small,20,3977,3.5,1054147198,,,ml-latest-small/ratings.csv
ml-latest-small,20,3986,2.5,1054037622,,,ml-latest-small/ratings.csv
ml-latest-small,20,3988,3.5,1054037831,,,ml-latest-small/ratings.csv
ml-latest-small,20,3990,0.5,1054037862,,,ml-latest-small/ratings.csv
ml-latest-small,20,3994,2.5,1054037305,,,ml-latest-small/ratings.csv
ml-latest-small,20,3996,3.5,1054037208,,,ml-latest-small/ratings.csv
ml-latest-small,20,3999,2.0,1054147273,,,ml-latest-small/ratings.csv
ml-latest-small,20,4014,4.0,1054037132,,,ml-latest-small/ratings.csv
ml-latest-small,20,4016,4.5,1054037249,,,ml-latest-small/ratings.csv
ml-latest-small,20,4019,4.0,1054037081,,,ml-latest-small/ratings.csv
ml-latest-small,20,4022,3.5,1054036206,,,ml-latest-small/ratings.csv
ml-latest-small,20,4025,3.5,1054147190,,,ml-latest-small/ratings.csv
ml-latest-small,20,4027,4.0,1054036290,,,ml-latest-small/ratings.csv
ml-latest-small,20,4029,4.0,1054037969,,,ml-latest-small/ratings.csv
ml-latest-small,20,4039,5.0,1054147453,,,ml-latest-small/ratings.csv
ml-latest-small,20,4054,2.5,1054037695,,,ml-latest-small/ratings.csv
ml-latest-small,20,4090,3.5,1054038271,,,ml-latest-small/ratings.csv
ml-latest-small,20,4154,4.0,1054037824,,,ml-latest-small/ratings.csv
ml-latest-small,20,4161,3.5,1054147312,,,ml-latest-small/ratings.csv
ml-latest-small,20,4226,3.5,1054037196,,,ml-latest-small/ratings.csv
ml-latest-small,20,4232,0.5,1054037511,,,ml-latest-small/ratings.csv
ml-latest-small,20,4246,5.0,1054037200,,,ml-latest-small/ratings.csv
ml-latest-small,20,4270,0.5,1054147293,,,ml-latest-small/ratings.csv
ml-latest-small,20,4299,3.5,1054147230,,,ml-latest-small/ratings.csv
ml-latest-small,20,4306,5.0,1054037117,,,ml-latest-small/ratings.csv
ml-latest-small,20,4308,3.5,1054037213,,,ml-latest-small/ratings.csv
ml-latest-small,20,4310,4.0,1054147265,,,ml-latest-small/ratings.csv
ml-latest-small,20,4344,3.5,1054147210,,,ml-latest-small/ratings.csv
ml-latest-small,20,4366,1.5,1054038539,,,ml-latest-small/ratings.csv
ml-latest-small,20,4367,0.5,1054147289,,,ml-latest-small/ratings.csv
ml-latest-small,20,4369,2.0,1054037557,,,ml-latest-small/ratings.csv
ml-latest-small,20,4370,3.0,1054037504,,,ml-latest-small/ratings.csv
ml-latest-small,20,4378,3.5,1054037158,,,ml-latest-small/ratings.csv
ml-latest-small,20,4446,3.5,1054037907,,,ml-latest-small/ratings.csv
ml-latest-small,20,4447,3.0,1054037488,,,ml-latest-small/ratings.csv
ml-latest-small,20,4449,2.0,1054037667,,,ml-latest-small/ratings.csv
ml-latest-small,20,4519,3.5,1054038247,,,ml-latest-small/ratings.csv
ml-latest-small,20,4638,1.5,1054147250,,,ml-latest-small/ratings.csv
ml-latest-small,20,4641,3.0,1054037434,,,ml-latest-small/ratings.csv
ml-latest-small,20,4643,3.0,1054147258,,,ml-latest-small/ratings.csv
ml-latest-small,20,4700,4.0,1054037671,,,ml-latest-small/ratings.csv
ml-latest-small,20,4718,3.0,1054037502,,,ml-latest-small/ratings.csv
ml-latest-small,20,4720,3.5,1054037141,,,ml-latest-small/ratings.csv
ml-latest-small,20,4734,1.0,1054037534,,,ml-latest-small/ratings.csv
ml-latest-small,20,4776,3.5,1054037390,,,ml-latest-small/ratings.csv
ml-latest-small,20,4783,3.5,1054037095,,,ml-latest-small/ratings.csv
ml-latest-small,20,4816,3.5,1054037616,,,ml-latest-small/ratings.csv
ml-latest-small,20,4821,0.5,1054037528,,,ml-latest-small/ratings.csv
ml-latest-small,20,4846,2.5,1054037303,,,ml-latest-small/ratings.csv
ml-latest-small,20,4848,1.5,1054037367,,,ml-latest-small/ratings.csv
ml-latest-small,20,4865,3.0,1054037653,,,ml-latest-small/ratings.csv
ml-latest-small,20,4886,4.0,1054037089,,,ml-latest-small/ratings.csv
ml-latest-small,20,4896,4.5,1054037243,,,ml-latest-small/ratings.csv
ml-latest-small,20,4901,3.5,1054037324,,,ml-latest-small/ratings.csv
ml-latest-small,20,4979,4.0,1054037364,,,ml-latest-small/ratings.csv
ml-latest-small,20,4990,4.0,1054037593,,,ml-latest-small/ratings.csv
ml-latest-small,20,4993,5.0,1054037162,,,ml-latest-small/ratings.csv
ml-latest-small,20,4995,5.0,1054037101,,,ml-latest-small/ratings.csv
ml-latest-small,20,5013,4.5,1054037401,,,ml-latest-small/ratings.csv
ml-latest-small,20,5014,4.0,1054037384,,,ml-latest-small/ratings.csv
ml-latest-small,20,5015,4.0,1054037122,,,ml-latest-small/ratings.csv
ml-latest-small,20,5103,4.0,1054038111,,,ml-latest-small/ratings.csv
ml-latest-small,20,5110,3.0,1054037644,,,ml-latest-small/ratings.csv
ml-latest-small,20,5171,2.0,1054037913,,,ml-latest-small/ratings.csv
ml-latest-small,20,5218,5.0,1054037258,,,ml-latest-small/ratings.csv
ml-latest-small,20,5254,3.0,1054147243,,,ml-latest-small/ratings.csv
ml-latest-small,20,5293,3.5,1054037273,,,ml-latest-small/ratings.csv
ml-latest-small,20,5299,4.0,1054037084,,,ml-latest-small/ratings.csv
ml-latest-small,20,5313,0.5,1054147317,,,ml-latest-small/ratings.csv
ml-latest-small,20,5349,3.0,1054037241,,,ml-latest-small/ratings.csv
ml-latest-small,20,5364,4.0,1054037333,,,ml-latest-small/ratings.csv
ml-latest-small,20,5378,4.0,1054147227,,,ml-latest-small/ratings.csv
ml-latest-small,20,5388,4.0,1054037110,,,ml-latest-small/ratings.csv
ml-latest-small,20,5418,3.0,1054037279,,,ml-latest-small/ratings.csv
ml-latest-small,20,5419,0.5,1054037857,,,ml-latest-small/ratings.csv
ml-latest-small,20,5445,4.5,1054037115,,,ml-latest-small/ratings.csv
ml-latest-small,20,5463,2.0,1054147287,,,ml-latest-small/ratings.csv
ml-latest-small,20,5481,1.0,1054037494,,,ml-latest-small/ratings.csv
ml-latest-small,20,5502,3.0,1054037284,,,ml-latest-small/ratings.csv
ml-latest-small,20,5504,0.5,1054037842,,,ml-latest-small/ratings.csv
ml-latest-small,20,5507,0.5,1054147297,,,ml-latest-small/ratings.csv
ml-latest-small,20,5618,5.0,1054037190,,,ml-latest-small/ratings.csv
ml-latest-small,20,5630,3.5,1054037295,,,ml-latest-small/ratings.csv
ml-latest-small,20,5679,3.5,1054037411,,,ml-latest-small/ratings.csv
ml-latest-small,20,5693,4.0,1054147413,,,ml-latest-small/ratings.csv
ml-latest-small,20,5785,4.0,1054037720,,,ml-latest-small/ratings.csv
ml-latest-small,20,5816,4.5,1054037077,,,ml-latest-small/ratings.csv
ml-latest-small,20,5952,5.0,1054037144,,,ml-latest-small/ratings.csv
ml-latest-small,20,5989,4.5,1054037112,,,ml-latest-small/ratings.csv
ml-latest-small,20,5991,5.0,1054037184,,,ml-latest-small/ratings.csv
ml-latest-small,20,6143,4.0,1054036826,,,ml-latest-small/ratings.csv
ml-latest-small,20,6156,3.0,1054036804,,,ml-latest-small/ratings.csv
ml-latest-small,20,6157,2.0,1054036811,,,ml-latest-small/ratings.csv
ml-latest-small,20,6166,1.5,1054036794,,,ml-latest-small/ratings.csv
ml-latest-small,20,6170,4.0,1054036780,,,ml-latest-small/ratings.csv
ml-latest-small,20,6297,4.0,1054036670,,,ml-latest-small/ratings.csv
ml-latest-small,20,6333,4.0,1054036616,,,ml-latest-small/ratings.csv
ml-latest-small,20,6345,5.0,1054036623,,,ml-latest-small/ratings.csv
ml-latest-small,20,6358,3.5,1054147505,,,ml-latest-small/ratings.csv
ml-latest-small,20,6365,4.0,1054147167,,,ml-latest-small/ratings.csv
ml-latest-small,21,1,3.5,1407618878,,,ml-latest-small/ratings.csv
ml-latest-small,21,2,3.5,1419795031,,,ml-latest-small/ratings.csv
ml-latest-small,21,10,5.0,1403459783,,,ml-latest-small/ratings.csv
ml-latest-small,21,19,2.5,1419795052,,,ml-latest-small/ratings.csv
ml-latest-small,21,38,2.5,1419795113,,,ml-latest-small/ratings.csv
ml-latest-small,21,44,1.0,1376822969,,,ml-latest-small/ratings.csv
ml-latest-small,21,48,3.0,1376822924,,,ml-latest-small/ratings.csv
ml-latest-small,21,145,3.0,1376823315,,,ml-latest-small/ratings.csv
ml-latest-small,21,165,3.5,1418846918,,,ml-latest-small/ratings.csv
ml-latest-small,21,170,2.0,1376823399,,,ml-latest-small/ratings.csv
ml-latest-small,21,260,4.5,1417378080,,,ml-latest-small/ratings.csv
ml-latest-small,21,293,3.0,1436989949,,,ml-latest-small/ratings.csv
ml-latest-small,21,296,3.5,1500701533,,,ml-latest-small/ratings.csv
ml-latest-small,21,355,4.0,1376823342,,,ml-latest-small/ratings.csv
ml-latest-small,21,356,4.5,1407617845,,,ml-latest-small/ratings.csv
ml-latest-small,21,364,4.0,1418063557,,,ml-latest-small/ratings.csv
ml-latest-small,21,367,3.0,1407617838,,,ml-latest-small/ratings.csv
ml-latest-small,21,370,5.0,1376823264,,,ml-latest-small/ratings.csv
ml-latest-small,21,435,1.0,1403461004,,,ml-latest-small/ratings.csv
ml-latest-small,21,480,4.0,1418063303,,,ml-latest-small/ratings.csv
ml-latest-small,21,500,2.5,1407617852,,,ml-latest-small/ratings.csv
ml-latest-small,21,541,3.5,1452052129,,,ml-latest-small/ratings.csv
ml-latest-small,21,551,0.5,1418063134,,,ml-latest-small/ratings.csv
ml-latest-small,21,586,2.5,1376823478,,,ml-latest-small/ratings.csv
ml-latest-small,21,588,4.0,1407618992,,,ml-latest-small/ratings.csv
ml-latest-small,21,589,3.5,1418846818,,,ml-latest-small/ratings.csv
ml-latest-small,21,592,3.5,1419795406,,,ml-latest-small/ratings.csv
ml-latest-small,21,597,4.0,1407617864,,,ml-latest-small/ratings.csv
ml-latest-small,21,648,4.5,1403637454,,,ml-latest-small/ratings.csv
ml-latest-small,21,719,3.5,1419794740,,,ml-latest-small/ratings.csv
ml-latest-small,21,733,3.5,1412967983,,,ml-latest-small/ratings.csv
ml-latest-small,21,743,4.0,1423422395,,,ml-latest-small/ratings.csv
ml-latest-small,21,745,3.0,1412968166,,,ml-latest-small/ratings.csv
ml-latest-small,21,780,3.5,1452052029,,,ml-latest-small/ratings.csv
ml-latest-small,21,858,2.5,1376823648,,,ml-latest-small/ratings.csv
ml-latest-small,21,902,3.0,1500701864,,,ml-latest-small/ratings.csv
ml-latest-small,21,1036,3.5,1418063296,,,ml-latest-small/ratings.csv
ml-latest-small,21,1148,3.0,1403459916,,,ml-latest-small/ratings.csv
ml-latest-small,21,1196,4.5,1403460820,,,ml-latest-small/ratings.csv
ml-latest-small,21,1198,4.0,1417378082,,,ml-latest-small/ratings.csv
ml-latest-small,21,1200,2.0,1419795311,,,ml-latest-small/ratings.csv
ml-latest-small,21,1210,4.5,1417378078,,,ml-latest-small/ratings.csv
ml-latest-small,21,1214,1.5,1419795364,,,ml-latest-small/ratings.csv
ml-latest-small,21,1221,2.5,1428775441,,,ml-latest-small/ratings.csv
ml-latest-small,21,1230,2.5,1418932215,,,ml-latest-small/ratings.csv
ml-latest-small,21,1240,3.5,1436989924,,,ml-latest-small/ratings.csv
ml-latest-small,21,1265,3.5,1428775428,,,ml-latest-small/ratings.csv
ml-latest-small,21,1270,5.0,1407617830,,,ml-latest-small/ratings.csv
ml-latest-small,21,1291,4.0,1417378089,,,ml-latest-small/ratings.csv
ml-latest-small,21,1370,3.5,1418063292,,,ml-latest-small/ratings.csv
ml-latest-small,21,1391,0.5,1468113524,,,ml-latest-small/ratings.csv
ml-latest-small,21,1527,2.5,1403460635,,,ml-latest-small/ratings.csv
ml-latest-small,21,1544,4.5,1418846999,,,ml-latest-small/ratings.csv
ml-latest-small,21,1573,2.5,1452052059,,,ml-latest-small/ratings.csv
ml-latest-small,21,1580,4.5,1407617833,,,ml-latest-small/ratings.csv
ml-latest-small,21,1704,3.5,1418932074,,,ml-latest-small/ratings.csv
ml-latest-small,21,1721,3.5,1418846922,,,ml-latest-small/ratings.csv
ml-latest-small,21,1722,5.0,1376823419,,,ml-latest-small/ratings.csv
ml-latest-small,21,1909,2.0,1419025142,,,ml-latest-small/ratings.csv
ml-latest-small,21,1918,3.5,1418847014,,,ml-latest-small/ratings.csv
ml-latest-small,21,2000,3.5,1418847026,,,ml-latest-small/ratings.csv
ml-latest-small,21,2001,2.5,1376823286,,,ml-latest-small/ratings.csv
ml-latest-small,21,2002,3.5,1418847031,,,ml-latest-small/ratings.csv
ml-latest-small,21,2006,2.5,1412968210,,,ml-latest-small/ratings.csv
ml-latest-small,21,2011,5.0,1417378095,,,ml-latest-small/ratings.csv
ml-latest-small,21,2012,5.0,1418063227,,,ml-latest-small/ratings.csv
ml-latest-small,21,2023,2.5,1428775446,,,ml-latest-small/ratings.csv
ml-latest-small,21,2052,3.0,1500701912,,,ml-latest-small/ratings.csv
ml-latest-small,21,2087,2.0,1376822671,,,ml-latest-small/ratings.csv
ml-latest-small,21,2115,4.0,1403460900,,,ml-latest-small/ratings.csv
ml-latest-small,21,2167,3.5,1441393080,,,ml-latest-small/ratings.csv
ml-latest-small,21,2174,1.0,1500701981,,,ml-latest-small/ratings.csv
ml-latest-small,21,2273,3.5,1412967978,,,ml-latest-small/ratings.csv
ml-latest-small,21,2288,0.5,1441826867,,,ml-latest-small/ratings.csv
ml-latest-small,21,2355,3.0,1441826921,,,ml-latest-small/ratings.csv
ml-latest-small,21,2376,4.5,1376823423,,,ml-latest-small/ratings.csv
ml-latest-small,21,2378,2.5,1376822727,,,ml-latest-small/ratings.csv
ml-latest-small,21,2402,3.0,1418847038,,,ml-latest-small/ratings.csv
ml-latest-small,21,2403,2.5,1441393000,,,ml-latest-small/ratings.csv
ml-latest-small,21,2424,4.0,1423422347,,,ml-latest-small/ratings.csv
ml-latest-small,21,2529,4.0,1412967877,,,ml-latest-small/ratings.csv
ml-latest-small,21,2541,4.0,1376823011,,,ml-latest-small/ratings.csv
ml-latest-small,21,2571,4.0,1412967844,,,ml-latest-small/ratings.csv
ml-latest-small,21,2617,3.5,1468113361,,,ml-latest-small/ratings.csv
ml-latest-small,21,2628,4.0,1418063222,,,ml-latest-small/ratings.csv
ml-latest-small,21,2671,4.0,1417378450,,,ml-latest-small/ratings.csv
ml-latest-small,21,2683,2.5,1427558183,,,ml-latest-small/ratings.csv
ml-latest-small,21,2700,2.5,1419025163,,,ml-latest-small/ratings.csv
ml-latest-small,21,2706,5.0,1376823724,,,ml-latest-small/ratings.csv
ml-latest-small,21,2716,3.5,1407617856,,,ml-latest-small/ratings.csv
ml-latest-small,21,2717,4.0,1500701951,,,ml-latest-small/ratings.csv
ml-latest-small,21,2724,3.0,1376823007,,,ml-latest-small/ratings.csv
ml-latest-small,21,2762,0.5,1403460436,,,ml-latest-small/ratings.csv
ml-latest-small,21,2763,4.0,1403460837,,,ml-latest-small/ratings.csv
ml-latest-small,21,2858,2.0,1441392960,,,ml-latest-small/ratings.csv
ml-latest-small,21,2916,4.0,1418846927,,,ml-latest-small/ratings.csv
ml-latest-small,21,2947,4.5,1403460424,,,ml-latest-small/ratings.csv
ml-latest-small,21,2948,4.5,1403460596,,,ml-latest-small/ratings.csv
ml-latest-small,21,2949,4.5,1403460427,,,ml-latest-small/ratings.csv
ml-latest-small,21,2953,3.0,1500701906,,,ml-latest-small/ratings.csv
ml-latest-small,21,2959,2.0,1441392954,,,ml-latest-small/ratings.csv
ml-latest-small,21,2985,3.5,1376823280,,,ml-latest-small/ratings.csv
ml-latest-small,21,2989,4.5,1403459790,,,ml-latest-small/ratings.csv
ml-latest-small,21,2990,4.5,1403459797,,,ml-latest-small/ratings.csv
ml-latest-small,21,2991,4.5,1403460842,,,ml-latest-small/ratings.csv
ml-latest-small,21,2993,4.5,1403460828,,,ml-latest-small/ratings.csv
ml-latest-small,21,3000,0.5,1441393015,,,ml-latest-small/ratings.csv
ml-latest-small,21,3022,4.0,1407617678,,,ml-latest-small/ratings.csv
ml-latest-small,21,3082,5.0,1376822996,,,ml-latest-small/ratings.csv
ml-latest-small,21,3114,3.5,1419795374,,,ml-latest-small/ratings.csv
ml-latest-small,21,3253,4.0,1407617774,,,ml-latest-small/ratings.csv
ml-latest-small,21,3462,3.0,1407617682,,,ml-latest-small/ratings.csv
ml-latest-small,21,3489,3.5,1419794797,,,ml-latest-small/ratings.csv
ml-latest-small,21,3578,2.5,1436989941,,,ml-latest-small/ratings.csv
ml-latest-small,21,3617,2.0,1403459815,,,ml-latest-small/ratings.csv
ml-latest-small,21,3623,4.0,1376823417,,,ml-latest-small/ratings.csv
ml-latest-small,21,3633,4.5,1403460850,,,ml-latest-small/ratings.csv
ml-latest-small,21,3635,4.5,1403459821,,,ml-latest-small/ratings.csv
ml-latest-small,21,3638,4.5,1403459801,,,ml-latest-small/ratings.csv
ml-latest-small,21,3639,4.5,1403459833,,,ml-latest-small/ratings.csv
ml-latest-small,21,3697,2.5,1468113456,,,ml-latest-small/ratings.csv
ml-latest-small,21,3793,3.5,1441392970,,,ml-latest-small/ratings.csv
ml-latest-small,21,3868,4.0,1403460977,,,ml-latest-small/ratings.csv
ml-latest-small,21,3869,4.0,1403460993,,,ml-latest-small/ratings.csv
ml-latest-small,21,3948,3.5,1421521749,,,ml-latest-small/ratings.csv
ml-latest-small,21,3984,4.5,1403460840,,,ml-latest-small/ratings.csv
ml-latest-small,21,3988,1.0,1418063141,,,ml-latest-small/ratings.csv
ml-latest-small,21,4005,4.0,1403460891,,,ml-latest-small/ratings.csv
ml-latest-small,21,4040,2.5,1419794718,,,ml-latest-small/ratings.csv
ml-latest-small,21,4085,3.5,1441826878,,,ml-latest-small/ratings.csv
ml-latest-small,21,4306,4.0,1418932197,,,ml-latest-small/ratings.csv
ml-latest-small,21,4446,3.5,1412967924,,,ml-latest-small/ratings.csv
ml-latest-small,21,4489,4.5,1441393840,,,ml-latest-small/ratings.csv
ml-latest-small,21,4545,4.0,1419025398,,,ml-latest-small/ratings.csv
ml-latest-small,21,4621,2.5,1419794704,,,ml-latest-small/ratings.csv
ml-latest-small,21,4638,4.0,1376823473,,,ml-latest-small/ratings.csv
ml-latest-small,21,4700,3.0,1500701884,,,ml-latest-small/ratings.csv
ml-latest-small,21,4701,3.5,1403459884,,,ml-latest-small/ratings.csv
ml-latest-small,21,4718,4.5,1376823727,,,ml-latest-small/ratings.csv
ml-latest-small,21,4886,3.5,1418932236,,,ml-latest-small/ratings.csv
ml-latest-small,21,4896,4.0,1418932147,,,ml-latest-small/ratings.csv
ml-latest-small,21,4963,4.5,1403460880,,,ml-latest-small/ratings.csv
ml-latest-small,21,4973,3.0,1403460991,,,ml-latest-small/ratings.csv
ml-latest-small,21,4993,1.5,1419025153,,,ml-latest-small/ratings.csv
ml-latest-small,21,5218,4.0,1407617661,,,ml-latest-small/ratings.csv
ml-latest-small,21,5219,3.0,1468113409,,,ml-latest-small/ratings.csv
ml-latest-small,21,5254,3.0,1452052112,,,ml-latest-small/ratings.csv
ml-latest-small,21,5266,1.0,1468113551,,,ml-latest-small/ratings.csv
ml-latest-small,21,5349,3.0,1441826946,,,ml-latest-small/ratings.csv
ml-latest-small,21,5378,4.0,1403459855,,,ml-latest-small/ratings.csv
ml-latest-small,21,5418,4.0,1412967834,,,ml-latest-small/ratings.csv
ml-latest-small,21,5445,4.5,1418932153,,,ml-latest-small/ratings.csv
ml-latest-small,21,5459,4.5,1376823441,,,ml-latest-small/ratings.csv
ml-latest-small,21,5481,3.0,1403459874,,,ml-latest-small/ratings.csv
ml-latest-small,21,5574,4.0,1407617614,,,ml-latest-small/ratings.csv
ml-latest-small,21,5796,2.0,1403460925,,,ml-latest-small/ratings.csv
ml-latest-small,21,5816,4.0,1418932149,,,ml-latest-small/ratings.csv
ml-latest-small,21,5872,5.0,1376822796,,,ml-latest-small/ratings.csv
ml-latest-small,21,5952,2.0,1419025155,,,ml-latest-small/ratings.csv
ml-latest-small,21,5989,3.5,1421521738,,,ml-latest-small/ratings.csv
ml-latest-small,21,6155,3.5,1500702115,,,ml-latest-small/ratings.csv
ml-latest-small,21,6166,2.0,1419794816,,,ml-latest-small/ratings.csv
ml-latest-small,21,6365,3.5,1418063571,,,ml-latest-small/ratings.csv
ml-latest-small,21,6373,3.0,1403459840,,,ml-latest-small/ratings.csv
ml-latest-small,21,6503,3.5,1376823470,,,ml-latest-small/ratings.csv
ml-latest-small,21,6539,4.0,1419795351,,,ml-latest-small/ratings.csv
ml-latest-small,21,6548,3.5,1421521954,,,ml-latest-small/ratings.csv
ml-latest-small,21,6874,1.5,1468113479,,,ml-latest-small/ratings.csv
ml-latest-small,21,6934,4.0,1403459862,,,ml-latest-small/ratings.csv
ml-latest-small,21,6942,4.0,1417378457,,,ml-latest-small/ratings.csv
ml-latest-small,21,7143,4.0,1412967530,,,ml-latest-small/ratings.csv
ml-latest-small,21,7153,1.5,1419025150,,,ml-latest-small/ratings.csv
ml-latest-small,21,7373,3.0,1452052088,,,ml-latest-small/ratings.csv
ml-latest-small,21,7438,1.5,1468113476,,,ml-latest-small/ratings.csv
ml-latest-small,21,7569,4.5,1403460592,,,ml-latest-small/ratings.csv
ml-latest-small,21,7570,4.5,1403459807,,,ml-latest-small/ratings.csv
ml-latest-small,21,7573,5.0,1403459786,,,ml-latest-small/ratings.csv
ml-latest-small,21,7701,2.5,1419794804,,,ml-latest-small/ratings.csv
ml-latest-small,21,8360,4.0,1419025402,,,ml-latest-small/ratings.csv
ml-latest-small,21,8368,4.0,1412968057,,,ml-latest-small/ratings.csv
ml-latest-small,21,8529,4.5,1407617755,,,ml-latest-small/ratings.csv
ml-latest-small,21,8574,0.5,1418063157,,,ml-latest-small/ratings.csv
ml-latest-small,21,8636,3.0,1441826943,,,ml-latest-small/ratings.csv
ml-latest-small,21,8644,4.0,1418063518,,,ml-latest-small/ratings.csv
ml-latest-small,21,8665,4.0,1407617301,,,ml-latest-small/ratings.csv
ml-latest-small,21,8798,4.0,1441826871,,,ml-latest-small/ratings.csv
ml-latest-small,21,8946,3.0,1418063030,,,ml-latest-small/ratings.csv
ml-latest-small,21,8961,3.5,1441393027,,,ml-latest-small/ratings.csv
ml-latest-small,21,8972,4.0,1421521732,,,ml-latest-small/ratings.csv
ml-latest-small,21,8984,4.5,1403459871,,,ml-latest-small/ratings.csv
ml-latest-small,21,26340,3.0,1418063547,,,ml-latest-small/ratings.csv
ml-latest-small,21,30793,3.5,1500701995,,,ml-latest-small/ratings.csv
ml-latest-small,21,30816,3.0,1418063364,,,ml-latest-small/ratings.csv
ml-latest-small,21,30825,3.5,1421521760,,,ml-latest-small/ratings.csv
ml-latest-small,21,31433,3.5,1427558524,,,ml-latest-small/ratings.csv
ml-latest-small,21,31685,3.5,1418926520,,,ml-latest-small/ratings.csv
ml-latest-small,21,32296,3.5,1500701989,,,ml-latest-small/ratings.csv
ml-latest-small,21,32587,3.0,1468113492,,,ml-latest-small/ratings.csv
ml-latest-small,21,33004,4.5,1419025243,,,ml-latest-small/ratings.csv
ml-latest-small,21,33493,4.5,1417378092,,,ml-latest-small/ratings.csv
ml-latest-small,21,33615,4.0,1413055282,,,ml-latest-small/ratings.csv
ml-latest-small,21,33679,4.0,1468113421,,,ml-latest-small/ratings.csv
ml-latest-small,21,33794,3.5,1441826836,,,ml-latest-small/ratings.csv
ml-latest-small,21,34048,3.5,1468113413,,,ml-latest-small/ratings.csv
ml-latest-small,21,34150,3.0,1468113542,,,ml-latest-small/ratings.csv
ml-latest-small,21,34162,3.0,1407617697,,,ml-latest-small/ratings.csv
ml-latest-small,21,36519,3.5,1468113445,,,ml-latest-small/ratings.csv
ml-latest-small,21,38038,1.5,1468114330,,,ml-latest-small/ratings.csv
ml-latest-small,21,39715,2.5,1376823734,,,ml-latest-small/ratings.csv
ml-latest-small,21,40629,1.5,1418926598,,,ml-latest-small/ratings.csv
ml-latest-small,21,40815,4.0,1403460886,,,ml-latest-small/ratings.csv
ml-latest-small,21,41566,3.0,1468113305,,,ml-latest-small/ratings.csv
ml-latest-small,21,44022,3.5,1427558491,,,ml-latest-small/ratings.csv
ml-latest-small,21,44191,2.5,1418932060,,,ml-latest-small/ratings.csv
ml-latest-small,21,45186,3.5,1423422539,,,ml-latest-small/ratings.csv
ml-latest-small,21,45447,3.5,1428775459,,,ml-latest-small/ratings.csv
ml-latest-small,21,45499,3.5,1418063317,,,ml-latest-small/ratings.csv
ml-latest-small,21,45672,3.0,1419794605,,,ml-latest-small/ratings.csv
ml-latest-small,21,46972,3.5,1419794505,,,ml-latest-small/ratings.csv
ml-latest-small,21,47566,4.0,1403460908,,,ml-latest-small/ratings.csv
ml-latest-small,21,47997,5.0,1500701943,,,ml-latest-small/ratings.csv
ml-latest-small,21,49272,4.0,1418063254,,,ml-latest-small/ratings.csv
ml-latest-small,21,49286,3.5,1417378121,,,ml-latest-small/ratings.csv
ml-latest-small,21,50189,2.0,1376823741,,,ml-latest-small/ratings.csv
ml-latest-small,21,50872,3.5,1452051990,,,ml-latest-small/ratings.csv
ml-latest-small,21,51084,3.5,1417378446,,,ml-latest-small/ratings.csv
ml-latest-small,21,51662,3.5,1452052044,,,ml-latest-small/ratings.csv
ml-latest-small,21,52730,0.5,1418063085,,,ml-latest-small/ratings.csv
ml-latest-small,21,52973,3.5,1418846853,,,ml-latest-small/ratings.csv
ml-latest-small,21,53121,4.5,1403460883,,,ml-latest-small/ratings.csv
ml-latest-small,21,53125,4.0,1427558171,,,ml-latest-small/ratings.csv
ml-latest-small,21,53322,4.5,1403637459,,,ml-latest-small/ratings.csv
ml-latest-small,21,53972,3.0,1403460418,,,ml-latest-small/ratings.csv
ml-latest-small,21,53996,3.5,1468113351,,,ml-latest-small/ratings.csv
ml-latest-small,21,54276,3.5,1427558503,,,ml-latest-small/ratings.csv
ml-latest-small,21,54286,4.0,1412967989,,,ml-latest-small/ratings.csv
ml-latest-small,21,56775,3.5,1427558186,,,ml-latest-small/ratings.csv
ml-latest-small,21,57640,3.0,1441826928,,,ml-latest-small/ratings.csv
ml-latest-small,21,58025,2.0,1468113562,,,ml-latest-small/ratings.csv
ml-latest-small,21,58559,3.5,1376823495,,,ml-latest-small/ratings.csv
ml-latest-small,21,58998,4.5,1441393230,,,ml-latest-small/ratings.csv
ml-latest-small,21,59315,4.0,1418063513,,,ml-latest-small/ratings.csv
ml-latest-small,21,59369,3.0,1419025209,,,ml-latest-small/ratings.csv
ml-latest-small,21,59429,2.5,1376823737,,,ml-latest-small/ratings.csv
ml-latest-small,21,59615,4.0,1421521751,,,ml-latest-small/ratings.csv
ml-latest-small,21,59784,3.5,1412967541,,,ml-latest-small/ratings.csv
ml-latest-small,21,59900,3.0,1427558545,,,ml-latest-small/ratings.csv
ml-latest-small,21,60074,3.5,1423422271,,,ml-latest-small/ratings.csv
ml-latest-small,21,60397,3.5,1500702119,,,ml-latest-small/ratings.csv
ml-latest-small,21,61160,1.0,1468113607,,,ml-latest-small/ratings.csv
ml-latest-small,21,63082,3.5,1468113389,,,ml-latest-small/ratings.csv
ml-latest-small,21,63113,3.5,1423422268,,,ml-latest-small/ratings.csv
ml-latest-small,21,63859,3.5,1412967546,,,ml-latest-small/ratings.csv
ml-latest-small,21,64032,2.5,1419794800,,,ml-latest-small/ratings.csv
ml-latest-small,21,66934,0.5,1419794430,,,ml-latest-small/ratings.csv
ml-latest-small,21,68791,3.5,1468113374,,,ml-latest-small/ratings.csv
ml-latest-small,21,68793,3.5,1419794523,,,ml-latest-small/ratings.csv
ml-latest-small,21,68954,4.5,1407617748,,,ml-latest-small/ratings.csv
ml-latest-small,21,69122,3.5,1500701830,,,ml-latest-small/ratings.csv
ml-latest-small,21,69406,3.5,1418926516,,,ml-latest-small/ratings.csv
ml-latest-small,21,69526,3.5,1468113535,,,ml-latest-small/ratings.csv
ml-latest-small,21,69644,4.0,1419025406,,,ml-latest-small/ratings.csv
ml-latest-small,21,69844,4.0,1412967862,,,ml-latest-small/ratings.csv
ml-latest-small,21,70286,3.5,1441826981,,,ml-latest-small/ratings.csv
ml-latest-small,21,72378,3.5,1468113532,,,ml-latest-small/ratings.csv
ml-latest-small,21,72641,3.0,1452051960,,,ml-latest-small/ratings.csv
ml-latest-small,21,72998,4.0,1418847046,,,ml-latest-small/ratings.csv
ml-latest-small,21,73017,2.5,1419795394,,,ml-latest-small/ratings.csv
ml-latest-small,21,73106,2.0,1376823744,,,ml-latest-small/ratings.csv
ml-latest-small,21,73319,3.0,1419794924,,,ml-latest-small/ratings.csv
ml-latest-small,21,73321,3.5,1468113317,,,ml-latest-small/ratings.csv
ml-latest-small,21,73858,1.5,1418063012,,,ml-latest-small/ratings.csv
ml-latest-small,21,74789,2.5,1423422284,,,ml-latest-small/ratings.csv
ml-latest-small,21,76093,3.5,1419795323,,,ml-latest-small/ratings.csv
ml-latest-small,21,76251,2.5,1441826938,,,ml-latest-small/ratings.csv
ml-latest-small,21,77561,4.0,1418847003,,,ml-latest-small/ratings.csv
ml-latest-small,21,78469,3.5,1468113385,,,ml-latest-small/ratings.csv
ml-latest-small,21,78499,4.0,1412968153,,,ml-latest-small/ratings.csv
ml-latest-small,21,78637,4.5,1419025376,,,ml-latest-small/ratings.csv
ml-latest-small,21,79132,3.5,1441393020,,,ml-latest-small/ratings.csv
ml-latest-small,21,79134,2.0,1419794777,,,ml-latest-small/ratings.csv
ml-latest-small,21,79185,4.0,1427558538,,,ml-latest-small/ratings.csv
ml-latest-small,21,79293,3.5,1452052079,,,ml-latest-small/ratings.csv
ml-latest-small,21,79592,3.5,1500701875,,,ml-latest-small/ratings.csv
ml-latest-small,21,80166,3.0,1418926532,,,ml-latest-small/ratings.csv
ml-latest-small,21,80463,3.0,1419025199,,,ml-latest-small/ratings.csv
ml-latest-small,21,81229,3.5,1419795367,,,ml-latest-small/ratings.csv
ml-latest-small,21,81564,2.5,1419794453,,,ml-latest-small/ratings.csv
ml-latest-small,21,81591,1.0,1418846850,,,ml-latest-small/ratings.csv
ml-latest-small,21,81834,3.0,1427558206,,,ml-latest-small/ratings.csv
ml-latest-small,21,81845,3.5,1418846865,,,ml-latest-small/ratings.csv
ml-latest-small,21,82202,4.0,1427558240,,,ml-latest-small/ratings.csv
ml-latest-small,21,84152,3.5,1421521681,,,ml-latest-small/ratings.csv
ml-latest-small,21,85259,4.0,1418932202,,,ml-latest-small/ratings.csv
ml-latest-small,21,86068,0.5,1418063166,,,ml-latest-small/ratings.csv
ml-latest-small,21,87232,3.5,1436989953,,,ml-latest-small/ratings.csv
ml-latest-small,21,87520,3.5,1468113498,,,ml-latest-small/ratings.csv
ml-latest-small,21,88125,4.0,1412967987,,,ml-latest-small/ratings.csv
ml-latest-small,21,88140,3.5,1441393049,,,ml-latest-small/ratings.csv
ml-latest-small,21,88405,2.5,1418926552,,,ml-latest-small/ratings.csv
ml-latest-small,21,88744,3.0,1441393053,,,ml-latest-small/ratings.csv
ml-latest-small,21,89745,4.0,1418063440,,,ml-latest-small/ratings.csv
ml-latest-small,21,90249,3.5,1468113329,,,ml-latest-small/ratings.csv
ml-latest-small,21,91500,3.5,1419795371,,,ml-latest-small/ratings.csv
ml-latest-small,21,91529,3.5,1418063237,,,ml-latest-small/ratings.csv
ml-latest-small,21,91535,3.5,1468113336,,,ml-latest-small/ratings.csv
ml-latest-small,21,91630,4.0,1423422327,,,ml-latest-small/ratings.csv
ml-latest-small,21,93510,3.0,1468114339,,,ml-latest-small/ratings.csv
ml-latest-small,21,94503,3.0,1427558499,,,ml-latest-small/ratings.csv
ml-latest-small,21,94677,4.0,1427558669,,,ml-latest-small/ratings.csv
ml-latest-small,21,94777,4.0,1423422377,,,ml-latest-small/ratings.csv
ml-latest-small,21,95067,3.0,1419794692,,,ml-latest-small/ratings.csv
ml-latest-small,21,95167,3.5,1468113332,,,ml-latest-small/ratings.csv
ml-latest-small,21,95170,4.0,1418062991,,,ml-latest-small/ratings.csv
ml-latest-small,21,95441,3.5,1419794434,,,ml-latest-small/ratings.csv
ml-latest-small,21,95510,3.5,1441826957,,,ml-latest-small/ratings.csv
ml-latest-small,21,95738,3.0,1418063017,,,ml-latest-small/ratings.csv
ml-latest-small,21,96004,2.0,1418063462,,,ml-latest-small/ratings.csv
ml-latest-small,21,96079,4.0,1419795339,,,ml-latest-small/ratings.csv
ml-latest-small,21,96588,3.5,1500701958,,,ml-latest-small/ratings.csv
ml-latest-small,21,97913,2.0,1468114333,,,ml-latest-small/ratings.csv
ml-latest-small,21,97938,3.5,1376823135,,,ml-latest-small/ratings.csv
ml-latest-small,21,98124,3.5,1418846981,,,ml-latest-small/ratings.csv
ml-latest-small,21,99114,3.5,1441826975,,,ml-latest-small/ratings.csv
ml-latest-small,21,99532,1.5,1418063469,,,ml-latest-small/ratings.csv
ml-latest-small,21,101864,4.5,1427558933,,,ml-latest-small/ratings.csv
ml-latest-small,21,102125,3.5,1441393005,,,ml-latest-small/ratings.csv
ml-latest-small,21,102481,4.0,1376823593,,,ml-latest-small/ratings.csv
ml-latest-small,21,102716,3.0,1376823571,,,ml-latest-small/ratings.csv
ml-latest-small,21,102993,2.0,1403461682,,,ml-latest-small/ratings.csv
ml-latest-small,21,103141,4.0,1418932178,,,ml-latest-small/ratings.csv
ml-latest-small,21,103228,3.5,1403460734,,,ml-latest-small/ratings.csv
ml-latest-small,21,103253,3.0,1403460742,,,ml-latest-small/ratings.csv
ml-latest-small,21,103335,4.0,1403460687,,,ml-latest-small/ratings.csv
ml-latest-small,21,103339,3.5,1403460758,,,ml-latest-small/ratings.csv
ml-latest-small,21,103372,3.5,1403461849,,,ml-latest-small/ratings.csv
ml-latest-small,21,103384,4.0,1403460773,,,ml-latest-small/ratings.csv
ml-latest-small,21,103801,0.5,1376823555,,,ml-latest-small/ratings.csv
ml-latest-small,21,103810,3.5,1403460755,,,ml-latest-small/ratings.csv
ml-latest-small,21,103819,1.5,1376823528,,,ml-latest-small/ratings.csv
ml-latest-small,21,103883,3.5,1403460744,,,ml-latest-small/ratings.csv
ml-latest-small,21,104211,4.0,1403460713,,,ml-latest-small/ratings.csv
ml-latest-small,21,104374,3.5,1403460501,,,ml-latest-small/ratings.csv
ml-latest-small,21,104841,4.0,1403460671,,,ml-latest-small/ratings.csv
ml-latest-small,21,105213,2.0,1403460712,,,ml-latest-small/ratings.csv
ml-latest-small,21,105653,4.0,1403460774,,,ml-latest-small/ratings.csv
ml-latest-small,21,105844,2.0,1403460491,,,ml-latest-small/ratings.csv
ml-latest-small,21,105954,3.5,1403461701,,,ml-latest-small/ratings.csv
ml-latest-small,21,106072,3.5,1403461833,,,ml-latest-small/ratings.csv
ml-latest-small,21,106487,4.0,1403460683,,,ml-latest-small/ratings.csv
ml-latest-small,21,106489,3.0,1418846905,,,ml-latest-small/ratings.csv
ml-latest-small,21,106491,3.5,1403460183,,,ml-latest-small/ratings.csv
ml-latest-small,21,106540,2.5,1403460178,,,ml-latest-small/ratings.csv
ml-latest-small,21,106696,4.0,1403460685,,,ml-latest-small/ratings.csv
ml-latest-small,21,106782,3.0,1403459964,,,ml-latest-small/ratings.csv
ml-latest-small,21,106916,3.0,1403460691,,,ml-latest-small/ratings.csv
ml-latest-small,21,106918,3.5,1403459951,,,ml-latest-small/ratings.csv
ml-latest-small,21,106920,2.5,1418846877,,,ml-latest-small/ratings.csv
ml-latest-small,21,107013,0.5,1418063180,,,ml-latest-small/ratings.csv
ml-latest-small,21,107141,4.0,1403460679,,,ml-latest-small/ratings.csv
ml-latest-small,21,107449,1.5,1418063184,,,ml-latest-small/ratings.csv
ml-latest-small,21,108156,3.0,1403460188,,,ml-latest-small/ratings.csv
ml-latest-small,21,108190,3.5,1500701759,,,ml-latest-small/ratings.csv
ml-latest-small,21,108932,1.0,1468113609,,,ml-latest-small/ratings.csv
ml-latest-small,21,108945,3.0,1403461870,,,ml-latest-small/ratings.csv
ml-latest-small,21,109374,3.5,1403460482,,,ml-latest-small/ratings.csv
ml-latest-small,21,109487,3.0,1423422297,,,ml-latest-small/ratings.csv
ml-latest-small,21,109576,2.5,1403460135,,,ml-latest-small/ratings.csv
ml-latest-small,21,109723,3.5,1403460128,,,ml-latest-small/ratings.csv
ml-latest-small,21,109864,1.5,1403460101,,,ml-latest-small/ratings.csv
ml-latest-small,21,110102,3.5,1407619805,,,ml-latest-small/ratings.csv
ml-latest-small,21,110130,4.0,1403460142,,,ml-latest-small/ratings.csv
ml-latest-small,21,110553,3.0,1468113465,,,ml-latest-small/ratings.csv
ml-latest-small,21,111113,2.5,1407617738,,,ml-latest-small/ratings.csv
ml-latest-small,21,111362,3.5,1412967458,,,ml-latest-small/ratings.csv
ml-latest-small,21,111617,4.0,1403460536,,,ml-latest-small/ratings.csv
ml-latest-small,21,111743,3.5,1403460530,,,ml-latest-small/ratings.csv
ml-latest-small,21,111759,4.5,1403460346,,,ml-latest-small/ratings.csv
ml-latest-small,21,111781,4.5,1439751899,,,ml-latest-small/ratings.csv
ml-latest-small,21,111844,3.5,1403460002,,,ml-latest-small/ratings.csv
ml-latest-small,21,112006,3.5,1418063411,,,ml-latest-small/ratings.csv
ml-latest-small,21,112138,3.5,1500701849,,,ml-latest-small/ratings.csv
ml-latest-small,21,112175,3.5,1418063384,,,ml-latest-small/ratings.csv
ml-latest-small,21,112852,4.0,1412967449,,,ml-latest-small/ratings.csv
ml-latest-small,21,114180,3.5,1468113309,,,ml-latest-small/ratings.csv
ml-latest-small,21,114818,1.0,1419794281,,,ml-latest-small/ratings.csv
ml-latest-small,21,115149,3.5,1452052151,,,ml-latest-small/ratings.csv
ml-latest-small,21,115502,3.5,1441393892,,,ml-latest-small/ratings.csv
ml-latest-small,21,115617,4.0,1441393075,,,ml-latest-small/ratings.csv
ml-latest-small,21,115877,3.5,1418063541,,,ml-latest-small/ratings.csv
ml-latest-small,21,116797,2.5,1423422308,,,ml-latest-small/ratings.csv
ml-latest-small,21,116823,3.5,1452051997,,,ml-latest-small/ratings.csv
ml-latest-small,21,117368,3.5,1418063202,,,ml-latest-small/ratings.csv
ml-latest-small,21,117529,4.0,1468113298,,,ml-latest-small/ratings.csv
ml-latest-small,21,117572,2.5,1419794255,,,ml-latest-small/ratings.csv
ml-latest-small,21,117590,3.5,1419794206,,,ml-latest-small/ratings.csv
ml-latest-small,21,117851,3.0,1419794218,,,ml-latest-small/ratings.csv
ml-latest-small,21,117922,3.5,1418063173,,,ml-latest-small/ratings.csv
ml-latest-small,21,119141,0.5,1419793939,,,ml-latest-small/ratings.csv
ml-latest-small,21,119145,4.0,1468113211,,,ml-latest-small/ratings.csv
ml-latest-small,21,119155,3.5,1419794090,,,ml-latest-small/ratings.csv
ml-latest-small,21,119964,2.0,1419794135,,,ml-latest-small/ratings.csv
ml-latest-small,21,122882,3.5,1436989603,,,ml-latest-small/ratings.csv
ml-latest-small,21,122886,4.0,1452051525,,,ml-latest-small/ratings.csv
ml-latest-small,21,122892,3.5,1441392878,,,ml-latest-small/ratings.csv
ml-latest-small,21,122896,4.0,1452052163,,,ml-latest-small/ratings.csv
ml-latest-small,21,122900,3.5,1452052140,,,ml-latest-small/ratings.csv
ml-latest-small,21,122904,3.5,1483340695,,,ml-latest-small/ratings.csv
ml-latest-small,21,122922,4.0,1500701517,,,ml-latest-small/ratings.csv
ml-latest-small,21,126548,3.0,1500701836,,,ml-latest-small/ratings.csv
ml-latest-small,21,130450,3.0,1452051910,,,ml-latest-small/ratings.csv
ml-latest-small,21,132157,2.5,1436989795,,,ml-latest-small/ratings.csv
ml-latest-small,21,133419,3.0,1436989597,,,ml-latest-small/ratings.csv
ml-latest-small,21,134368,3.5,1436989206,,,ml-latest-small/ratings.csv
ml-latest-small,21,134393,2.5,1439752061,,,ml-latest-small/ratings.csv
ml-latest-small,21,134853,4.0,1441392913,,,ml-latest-small/ratings.csv
ml-latest-small,21,135133,3.5,1452051811,,,ml-latest-small/ratings.csv
ml-latest-small,21,135536,3.5,1500701506,,,ml-latest-small/ratings.csv
ml-latest-small,21,135861,0.5,1436989145,,,ml-latest-small/ratings.csv
ml-latest-small,21,135887,4.5,1436989124,,,ml-latest-small/ratings.csv
ml-latest-small,21,136016,3.0,1452051788,,,ml-latest-small/ratings.csv
ml-latest-small,21,136020,4.0,1452051829,,,ml-latest-small/ratings.csv
ml-latest-small,21,138036,3.5,1500701931,,,ml-latest-small/ratings.csv
ml-latest-small,21,138186,0.5,1436989816,,,ml-latest-small/ratings.csv
ml-latest-small,21,139642,0.5,1441394002,,,ml-latest-small/ratings.csv
ml-latest-small,21,139717,0.5,1441394001,,,ml-latest-small/ratings.csv
ml-latest-small,21,139915,2.5,1441393919,,,ml-latest-small/ratings.csv
ml-latest-small,21,140301,3.0,1441393974,,,ml-latest-small/ratings.csv
ml-latest-small,21,142536,2.5,1452051867,,,ml-latest-small/ratings.csv
ml-latest-small,21,143245,1.5,1452051514,,,ml-latest-small/ratings.csv
ml-latest-small,21,143385,4.0,1452051884,,,ml-latest-small/ratings.csv
ml-latest-small,21,148675,2.0,1452051802,,,ml-latest-small/ratings.csv
ml-latest-small,21,149380,1.5,1452051859,,,ml-latest-small/ratings.csv
ml-latest-small,21,152081,4.0,1500701826,,,ml-latest-small/ratings.csv
ml-latest-small,21,160565,1.0,1468113965,,,ml-latest-small/ratings.csv
ml-latest-small,21,160872,0.5,1468113939,,,ml-latest-small/ratings.csv
ml-latest-small,21,164179,4.0,1500701551,,,ml-latest-small/ratings.csv
ml-latest-small,21,164909,3.5,1500702132,,,ml-latest-small/ratings.csv
ml-latest-small,21,166492,3.5,1483340772,,,ml-latest-small/ratings.csv
ml-latest-small,21,167036,4.0,1483340756,,,ml-latest-small/ratings.csv
ml-latest-small,21,168248,3.5,1500701525,,,ml-latest-small/ratings.csv
ml-latest-small,21,168252,3.0,1500701559,,,ml-latest-small/ratings.csv
ml-latest-small,21,173307,0.5,1500701120,,,ml-latest-small/ratings.csv
ml-latest-small,22,107,4.5,1268330607,,,ml-latest-small/ratings.csv
ml-latest-small,22,216,4.0,1268726081,,,ml-latest-small/ratings.csv
ml-latest-small,22,253,4.0,1268726368,,,ml-latest-small/ratings.csv
ml-latest-small,22,318,5.0,1268726193,,,ml-latest-small/ratings.csv
ml-latest-small,22,356,5.0,1268726309,,,ml-latest-small/ratings.csv
ml-latest-small,22,541,5.0,1268726271,,,ml-latest-small/ratings.csv
ml-latest-small,22,858,3.0,1268726337,,,ml-latest-small/ratings.csv
ml-latest-small,22,1042,3.0,1268726053,,,ml-latest-small/ratings.csv
ml-latest-small,22,1193,5.0,1268726374,,,ml-latest-small/ratings.csv
ml-latest-small,22,1223,4.0,1268330594,,,ml-latest-small/ratings.csv
ml-latest-small,22,1952,5.0,1268330620,,,ml-latest-small/ratings.csv
ml-latest-small,22,1953,4.5,1268726043,,,ml-latest-small/ratings.csv
ml-latest-small,22,2058,0.5,1268726061,,,ml-latest-small/ratings.csv
ml-latest-small,22,2160,4.0,1268330584,,,ml-latest-small/ratings.csv
ml-latest-small,22,2300,4.0,1268330627,,,ml-latest-small/ratings.csv
ml-latest-small,22,2541,3.5,1268726085,,,ml-latest-small/ratings.csv
ml-latest-small,22,2723,2.0,1268726093,,,ml-latest-small/ratings.csv
ml-latest-small,22,2959,3.5,1268726211,,,ml-latest-small/ratings.csv
ml-latest-small,22,2968,3.0,1268726071,,,ml-latest-small/ratings.csv
ml-latest-small,22,3006,4.0,1268726047,,,ml-latest-small/ratings.csv
ml-latest-small,22,3210,3.5,1268726113,,,ml-latest-small/ratings.csv
ml-latest-small,22,3481,0.5,1268726778,,,ml-latest-small/ratings.csv
ml-latest-small,22,3489,5.0,1268726106,,,ml-latest-small/ratings.csv
ml-latest-small,22,3578,4.0,1268727393,,,ml-latest-small/ratings.csv
ml-latest-small,22,3751,4.0,1268727157,,,ml-latest-small/ratings.csv
ml-latest-small,22,3911,4.0,1268726837,,,ml-latest-small/ratings.csv
ml-latest-small,22,3949,0.5,1268726317,,,ml-latest-small/ratings.csv
ml-latest-small,22,3996,4.5,1268726758,,,ml-latest-small/ratings.csv
ml-latest-small,22,4017,4.0,1268727100,,,ml-latest-small/ratings.csv
ml-latest-small,22,4027,2.5,1268726799,,,ml-latest-small/ratings.csv
ml-latest-small,22,4034,4.5,1268726741,,,ml-latest-small/ratings.csv
ml-latest-small,22,4036,4.5,1268727180,,,ml-latest-small/ratings.csv
ml-latest-small,22,4226,3.0,1268726490,,,ml-latest-small/ratings.csv
ml-latest-small,22,4306,3.0,1268727454,,,ml-latest-small/ratings.csv
ml-latest-small,22,4848,4.5,1268726967,,,ml-latest-small/ratings.csv
ml-latest-small,22,4878,1.5,1268726600,,,ml-latest-small/ratings.csv
ml-latest-small,22,4886,3.5,1268727375,,,ml-latest-small/ratings.csv
ml-latest-small,22,4903,4.0,1268727442,,,ml-latest-small/ratings.csv
ml-latest-small,22,4979,3.5,1268726990,,,ml-latest-small/ratings.csv
ml-latest-small,22,4993,1.0,1268726251,,,ml-latest-small/ratings.csv
ml-latest-small,22,4995,3.5,1268727353,,,ml-latest-small/ratings.csv
ml-latest-small,22,5013,0.5,1268727056,,,ml-latest-small/ratings.csv
ml-latest-small,22,5015,0.5,1268727162,,,ml-latest-small/ratings.csv
ml-latest-small,22,5388,3.0,1268727177,,,ml-latest-small/ratings.csv
ml-latest-small,22,5418,3.5,1268727381,,,ml-latest-small/ratings.csv
ml-latest-small,22,5464,2.0,1268727450,,,ml-latest-small/ratings.csv
ml-latest-small,22,5617,3.5,1268726826,,,ml-latest-small/ratings.csv
ml-latest-small,22,5669,4.5,1268726814,,,ml-latest-small/ratings.csv
ml-latest-small,22,5673,0.5,1268727068,,,ml-latest-small/ratings.csv
ml-latest-small,22,5816,0.5,1268726358,,,ml-latest-small/ratings.csv
ml-latest-small,22,5902,3.5,1268726753,,,ml-latest-small/ratings.csv
ml-latest-small,22,6377,3.5,1268727332,,,ml-latest-small/ratings.csv
ml-latest-small,22,6502,1.5,1268726926,,,ml-latest-small/ratings.csv
ml-latest-small,22,6539,2.5,1268727433,,,ml-latest-small/ratings.csv
ml-latest-small,22,6711,4.0,1268726851,,,ml-latest-small/ratings.csv
ml-latest-small,22,6870,4.0,1268726636,,,ml-latest-small/ratings.csv
ml-latest-small,22,6874,4.0,1268726782,,,ml-latest-small/ratings.csv
ml-latest-small,22,7147,0.5,1268726811,,,ml-latest-small/ratings.csv
ml-latest-small,22,7153,1.0,1268726287,,,ml-latest-small/ratings.csv
ml-latest-small,22,7361,3.5,1268726531,,,ml-latest-small/ratings.csv
ml-latest-small,22,7438,5.0,1268726785,,,ml-latest-small/ratings.csv
ml-latest-small,22,8464,0.5,1268726944,,,ml-latest-small/ratings.csv
ml-latest-small,22,8622,0.5,1268727113,,,ml-latest-small/ratings.csv
ml-latest-small,22,8784,2.0,1268727389,,,ml-latest-small/ratings.csv
ml-latest-small,22,8798,4.0,1268726866,,,ml-latest-small/ratings.csv
ml-latest-small,22,8958,2.0,1268727348,,,ml-latest-small/ratings.csv
ml-latest-small,22,8961,4.0,1268726703,,,ml-latest-small/ratings.csv
ml-latest-small,22,8970,3.5,1268727357,,,ml-latest-small/ratings.csv
ml-latest-small,22,30707,2.0,1268726686,,,ml-latest-small/ratings.csv
ml-latest-small,22,30749,0.5,1268726523,,,ml-latest-small/ratings.csv
ml-latest-small,22,31410,1.0,1268726502,,,ml-latest-small/ratings.csv
ml-latest-small,22,31658,2.5,1268727239,,,ml-latest-small/ratings.csv
ml-latest-small,22,33004,1.0,1268726235,,,ml-latest-small/ratings.csv
ml-latest-small,22,33794,2.5,1268726623,,,ml-latest-small/ratings.csv
ml-latest-small,22,34437,3.0,1268726958,,,ml-latest-small/ratings.csv
ml-latest-small,22,36529,2.5,1268727409,,,ml-latest-small/ratings.csv
ml-latest-small,22,37733,2.5,1268726871,,,ml-latest-small/ratings.csv
ml-latest-small,22,37741,3.5,1268726773,,,ml-latest-small/ratings.csv
ml-latest-small,22,38038,0.5,1268727279,,,ml-latest-small/ratings.csv
ml-latest-small,22,39183,2.5,1268726935,,,ml-latest-small/ratings.csv
ml-latest-small,22,41997,3.0,1268726734,,,ml-latest-small/ratings.csv
ml-latest-small,22,44191,0.5,1268727414,,,ml-latest-small/ratings.csv
ml-latest-small,22,46976,1.0,1268726712,,,ml-latest-small/ratings.csv
ml-latest-small,22,48394,1.5,1268726542,,,ml-latest-small/ratings.csv
ml-latest-small,22,48516,2.5,1268726520,,,ml-latest-small/ratings.csv
ml-latest-small,22,48780,4.0,1268726262,,,ml-latest-small/ratings.csv
ml-latest-small,22,49272,5.0,1268727326,,,ml-latest-small/ratings.csv
ml-latest-small,22,50872,1.5,1268726651,,,ml-latest-small/ratings.csv
ml-latest-small,22,51540,0.5,1268726807,,,ml-latest-small/ratings.csv
ml-latest-small,22,52281,0.5,1268726845,,,ml-latest-small/ratings.csv
ml-latest-small,22,53519,0.5,1268727137,,,ml-latest-small/ratings.csv
ml-latest-small,22,54286,2.5,1268727289,,,ml-latest-small/ratings.csv
ml-latest-small,22,54503,3.5,1268727474,,,ml-latest-small/ratings.csv
ml-latest-small,22,55290,1.0,1268726606,,,ml-latest-small/ratings.csv
ml-latest-small,22,55765,1.0,1268727308,,,ml-latest-small/ratings.csv
ml-latest-small,22,55820,4.0,1268726559,,,ml-latest-small/ratings.csv
ml-latest-small,22,56171,0.5,1268726349,,,ml-latest-small/ratings.csv
ml-latest-small,22,56367,0.5,1268727294,,,ml-latest-small/ratings.csv
ml-latest-small,22,56782,4.0,1268726640,,,ml-latest-small/ratings.csv
ml-latest-small,22,56788,1.0,1268726902,,,ml-latest-small/ratings.csv
ml-latest-small,22,58559,3.0,1268727214,,,ml-latest-small/ratings.csv
ml-latest-small,22,59315,0.5,1268727313,,,ml-latest-small/ratings.csv
ml-latest-small,22,60069,2.0,1268726549,,,ml-latest-small/ratings.csv
ml-latest-small,22,60766,0.5,1268726579,,,ml-latest-small/ratings.csv
ml-latest-small,22,60950,1.0,1268727036,,,ml-latest-small/ratings.csv
ml-latest-small,22,61323,0.5,1268727079,,,ml-latest-small/ratings.csv
ml-latest-small,22,63082,0.5,1268726299,,,ml-latest-small/ratings.csv
ml-latest-small,22,64575,3.5,1268726672,,,ml-latest-small/ratings.csv
ml-latest-small,22,66097,2.0,1268726278,,,ml-latest-small/ratings.csv
ml-latest-small,22,68157,4.0,1268726556,,,ml-latest-small/ratings.csv
ml-latest-small,22,68358,0.5,1268727244,,,ml-latest-small/ratings.csv
ml-latest-small,22,68536,4.0,1268726494,,,ml-latest-small/ratings.csv
ml-latest-small,22,68954,2.0,1268726512,,,ml-latest-small/ratings.csv
ml-latest-small,22,69122,0.5,1268727419,,,ml-latest-small/ratings.csv
ml-latest-small,22,69757,0.5,1268726748,,,ml-latest-small/ratings.csv
ml-latest-small,22,70286,0.5,1268726596,,,ml-latest-small/ratings.csv
ml-latest-small,22,71464,0.5,1268727107,,,ml-latest-small/ratings.csv
ml-latest-small,22,72998,3.5,1268726172,,,ml-latest-small/ratings.csv
ml-latest-small,22,74789,0.5,1268726132,,,ml-latest-small/ratings.csv
ml-latest-small,23,6,4.0,1107342267,,,ml-latest-small/ratings.csv
ml-latest-small,23,29,4.0,1107341574,,,ml-latest-small/ratings.csv
ml-latest-small,23,32,3.5,1107341750,,,ml-latest-small/ratings.csv
ml-latest-small,23,50,4.0,1107163741,,,ml-latest-small/ratings.csv
ml-latest-small,23,58,3.0,1107164183,,,ml-latest-small/ratings.csv
ml-latest-small,23,175,3.0,1107162721,,,ml-latest-small/ratings.csv
ml-latest-small,23,272,4.0,1107162524,,,ml-latest-small/ratings.csv
ml-latest-small,23,293,4.0,1107341697,,,ml-latest-small/ratings.csv
ml-latest-small,23,296,3.5,1107163773,,,ml-latest-small/ratings.csv
ml-latest-small,23,300,3.0,1107342187,,,ml-latest-small/ratings.csv
ml-latest-small,23,334,4.0,1107164085,,,ml-latest-small/ratings.csv
ml-latest-small,23,431,3.0,1107164178,,,ml-latest-small/ratings.csv
ml-latest-small,23,454,2.5,1107342160,,,ml-latest-small/ratings.csv
ml-latest-small,23,541,5.0,1107164433,,,ml-latest-small/ratings.csv
ml-latest-small,23,608,3.5,1107162895,,,ml-latest-small/ratings.csv
ml-latest-small,23,741,4.0,1107341586,,,ml-latest-small/ratings.csv
ml-latest-small,23,750,3.0,1107164374,,,ml-latest-small/ratings.csv
ml-latest-small,23,778,4.0,1107341701,,,ml-latest-small/ratings.csv
ml-latest-small,23,858,3.5,1107163336,,,ml-latest-small/ratings.csv
ml-latest-small,23,866,3.0,1107164206,,,ml-latest-small/ratings.csv
ml-latest-small,23,904,3.5,1107164418,,,ml-latest-small/ratings.csv
ml-latest-small,23,912,3.5,1107163409,,,ml-latest-small/ratings.csv
ml-latest-small,23,913,4.0,1107164441,,,ml-latest-small/ratings.csv
ml-latest-small,23,923,4.0,1107164855,,,ml-latest-small/ratings.csv
ml-latest-small,23,924,4.0,1107162966,,,ml-latest-small/ratings.csv
ml-latest-small,23,1036,3.0,1107342203,,,ml-latest-small/ratings.csv
ml-latest-small,23,1050,3.5,1107164077,,,ml-latest-small/ratings.csv
ml-latest-small,23,1080,3.5,1107341620,,,ml-latest-small/ratings.csv
ml-latest-small,23,1089,4.0,1107163817,,,ml-latest-small/ratings.csv
ml-latest-small,23,1136,3.0,1107341920,,,ml-latest-small/ratings.csv
ml-latest-small,23,1175,4.0,1107163646,,,ml-latest-small/ratings.csv
ml-latest-small,23,1193,3.5,1107163763,,,ml-latest-small/ratings.csv
ml-latest-small,23,1199,4.0,1107341582,,,ml-latest-small/ratings.csv
ml-latest-small,23,1200,3.0,1107341788,,,ml-latest-small/ratings.csv
ml-latest-small,23,1203,3.0,1107341565,,,ml-latest-small/ratings.csv
ml-latest-small,23,1206,4.0,1107341571,,,ml-latest-small/ratings.csv
ml-latest-small,23,1208,4.0,1107162888,,,ml-latest-small/ratings.csv
ml-latest-small,23,1212,5.0,1107162640,,,ml-latest-small/ratings.csv
ml-latest-small,23,1213,3.0,1107164469,,,ml-latest-small/ratings.csv
ml-latest-small,23,1214,4.0,1107341579,,,ml-latest-small/ratings.csv
ml-latest-small,23,1217,3.5,1107341647,,,ml-latest-small/ratings.csv
ml-latest-small,23,1218,3.5,1107164383,,,ml-latest-small/ratings.csv
ml-latest-small,23,1221,3.5,1107163341,,,ml-latest-small/ratings.csv
ml-latest-small,23,1222,5.0,1107341684,,,ml-latest-small/ratings.csv
ml-latest-small,23,1232,5.0,1107163618,,,ml-latest-small/ratings.csv
ml-latest-small,23,1233,5.0,1107162927,,,ml-latest-small/ratings.csv
ml-latest-small,23,1237,4.0,1107162947,,,ml-latest-small/ratings.csv
ml-latest-small,23,1243,3.5,1107341801,,,ml-latest-small/ratings.csv
ml-latest-small,23,1245,3.5,1107162670,,,ml-latest-small/ratings.csv
ml-latest-small,23,1248,3.0,1107162687,,,ml-latest-small/ratings.csv
ml-latest-small,23,1249,3.5,1107341734,,,ml-latest-small/ratings.csv
ml-latest-small,23,1252,4.5,1107163719,,,ml-latest-small/ratings.csv
ml-latest-small,23,1258,5.0,1107341607,,,ml-latest-small/ratings.csv
ml-latest-small,23,1266,4.0,1107341726,,,ml-latest-small/ratings.csv
ml-latest-small,23,1274,4.0,1107163495,,,ml-latest-small/ratings.csv
ml-latest-small,23,1284,5.0,1107162632,,,ml-latest-small/ratings.csv
ml-latest-small,23,1425,3.0,1107342166,,,ml-latest-small/ratings.csv
ml-latest-small,23,1464,4.0,1107163869,,,ml-latest-small/ratings.csv
ml-latest-small,23,1617,3.5,1107341560,,,ml-latest-small/ratings.csv
ml-latest-small,23,1711,4.0,1107162645,,,ml-latest-small/ratings.csv
ml-latest-small,23,1748,3.5,1107162537,,,ml-latest-small/ratings.csv
ml-latest-small,23,1809,3.5,1107163578,,,ml-latest-small/ratings.csv
ml-latest-small,23,1859,3.5,1107163015,,,ml-latest-small/ratings.csv
ml-latest-small,23,1884,3.0,1107162759,,,ml-latest-small/ratings.csv
ml-latest-small,23,1952,3.0,1107341802,,,ml-latest-small/ratings.csv
ml-latest-small,23,1960,3.0,1107162960,,,ml-latest-small/ratings.csv
ml-latest-small,23,2019,3.0,1107164361,,,ml-latest-small/ratings.csv
ml-latest-small,23,2194,3.0,1107342210,,,ml-latest-small/ratings.csv
ml-latest-small,23,2467,4.0,1107162749,,,ml-latest-small/ratings.csv
ml-latest-small,23,2542,3.0,1107162552,,,ml-latest-small/ratings.csv
ml-latest-small,23,2579,4.0,1107163393,,,ml-latest-small/ratings.csv
ml-latest-small,23,2686,4.0,1107164093,,,ml-latest-small/ratings.csv
ml-latest-small,23,2726,4.0,1108703148,,,ml-latest-small/ratings.csv
ml-latest-small,23,2730,2.0,1107164153,,,ml-latest-small/ratings.csv
ml-latest-small,23,2761,3.5,1107162827,,,ml-latest-small/ratings.csv
ml-latest-small,23,2912,3.5,1107162744,,,ml-latest-small/ratings.csv
ml-latest-small,23,2951,3.0,1107162689,,,ml-latest-small/ratings.csv
ml-latest-small,23,3000,3.5,1107164425,,,ml-latest-small/ratings.csv
ml-latest-small,23,3030,3.0,1107164365,,,ml-latest-small/ratings.csv
ml-latest-small,23,3108,3.5,1107164068,,,ml-latest-small/ratings.csv
ml-latest-small,23,3181,3.5,1107164248,,,ml-latest-small/ratings.csv
ml-latest-small,23,3265,4.5,1107163724,,,ml-latest-small/ratings.csv
ml-latest-small,23,3424,3.0,1107341807,,,ml-latest-small/ratings.csv
ml-latest-small,23,3462,3.0,1107341855,,,ml-latest-small/ratings.csv
ml-latest-small,23,3681,3.5,1107164464,,,ml-latest-small/ratings.csv
ml-latest-small,23,3822,3.5,1107164225,,,ml-latest-small/ratings.csv
ml-latest-small,23,3949,5.0,1107162656,,,ml-latest-small/ratings.csv
ml-latest-small,23,3996,3.5,1107163815,,,ml-latest-small/ratings.csv
ml-latest-small,23,4027,3.0,1107341758,,,ml-latest-small/ratings.csv
ml-latest-small,23,4226,4.5,1107163706,,,ml-latest-small/ratings.csv
ml-latest-small,23,4235,4.0,1107164493,,,ml-latest-small/ratings.csv
ml-latest-small,23,4973,3.5,1107163755,,,ml-latest-small/ratings.csv
ml-latest-small,23,5013,3.0,1107164209,,,ml-latest-small/ratings.csv
ml-latest-small,23,5333,4.0,1107163583,,,ml-latest-small/ratings.csv
ml-latest-small,23,5618,4.0,1107163683,,,ml-latest-small/ratings.csv
ml-latest-small,23,5782,4.0,1107164450,,,ml-latest-small/ratings.csv
ml-latest-small,23,5971,4.0,1107163678,,,ml-latest-small/ratings.csv
ml-latest-small,23,6234,3.5,1107342139,,,ml-latest-small/ratings.csv
ml-latest-small,23,6387,3.0,1107163993,,,ml-latest-small/ratings.csv
ml-latest-small,23,6440,5.0,1107341765,,,ml-latest-small/ratings.csv
ml-latest-small,23,6721,3.0,1107341613,,,ml-latest-small/ratings.csv
ml-latest-small,23,6773,4.5,1107164874,,,ml-latest-small/ratings.csv
ml-latest-small,23,6790,3.5,1107163498,,,ml-latest-small/ratings.csv
ml-latest-small,23,6807,3.5,1107164480,,,ml-latest-small/ratings.csv
ml-latest-small,23,6857,3.5,1107163501,,,ml-latest-small/ratings.csv
ml-latest-small,23,6874,3.0,1107162696,,,ml-latest-small/ratings.csv
ml-latest-small,23,6920,3.0,1107163588,,,ml-latest-small/ratings.csv
ml-latest-small,23,6989,3.5,1107164073,,,ml-latest-small/ratings.csv
ml-latest-small,23,7064,3.5,1107164411,,,ml-latest-small/ratings.csv
ml-latest-small,23,7069,3.0,1107341955,,,ml-latest-small/ratings.csv
ml-latest-small,23,7099,4.0,1107163471,,,ml-latest-small/ratings.csv
ml-latest-small,23,7123,4.5,1107164119,,,ml-latest-small/ratings.csv
ml-latest-small,23,7438,3.0,1107164467,,,ml-latest-small/ratings.csv
ml-latest-small,23,7587,5.0,1107162995,,,ml-latest-small/ratings.csv
ml-latest-small,23,7924,3.5,1107341502,,,ml-latest-small/ratings.csv
ml-latest-small,23,7932,3.0,1107341862,,,ml-latest-small/ratings.csv
ml-latest-small,23,8012,4.0,1107164430,,,ml-latest-small/ratings.csv
ml-latest-small,23,8228,4.0,1107162877,,,ml-latest-small/ratings.csv
ml-latest-small,23,8370,4.0,1107163825,,,ml-latest-small/ratings.csv
ml-latest-small,23,8636,3.0,1107162817,,,ml-latest-small/ratings.csv
ml-latest-small,23,8961,3.0,1107164371,,,ml-latest-small/ratings.csv
ml-latest-small,24,6,4.5,1458941767,,,ml-latest-small/ratings.csv
ml-latest-small,24,32,3.5,1458942033,,,ml-latest-small/ratings.csv
ml-latest-small,24,50,4.0,1458942023,,,ml-latest-small/ratings.csv
ml-latest-small,24,165,3.5,1458941746,,,ml-latest-small/ratings.csv
ml-latest-small,24,253,3.5,1458941225,,,ml-latest-small/ratings.csv
ml-latest-small,24,296,4.0,1458942020,,,ml-latest-small/ratings.csv
ml-latest-small,24,316,3.5,1458941812,,,ml-latest-small/ratings.csv
ml-latest-small,24,318,4.5,1458941989,,,ml-latest-small/ratings.csv
ml-latest-small,24,356,4.5,1458940987,,,ml-latest-small/ratings.csv
ml-latest-small,24,457,3.5,1458941545,,,ml-latest-small/ratings.csv
ml-latest-small,24,552,3.5,1458941837,,,ml-latest-small/ratings.csv
ml-latest-small,24,593,4.5,1458941983,,,ml-latest-small/ratings.csv
ml-latest-small,24,608,4.0,1458942040,,,ml-latest-small/ratings.csv
ml-latest-small,24,733,3.0,1458941618,,,ml-latest-small/ratings.csv
ml-latest-small,24,780,3.5,1458942032,,,ml-latest-small/ratings.csv
ml-latest-small,24,1047,2.0,1458941870,,,ml-latest-small/ratings.csv
ml-latest-small,24,1197,4.0,1458941008,,,ml-latest-small/ratings.csv
ml-latest-small,24,1198,4.5,1458941536,,,ml-latest-small/ratings.csv
ml-latest-small,24,1220,3.5,1458941742,,,ml-latest-small/ratings.csv
ml-latest-small,24,1246,4.0,1458942000,,,ml-latest-small/ratings.csv
ml-latest-small,24,1265,4.5,1458940991,,,ml-latest-small/ratings.csv
ml-latest-small,24,1297,3.0,1458943989,,,ml-latest-small/ratings.csv
ml-latest-small,24,1370,3.5,1458941866,,,ml-latest-small/ratings.csv
ml-latest-small,24,1396,4.0,1458941841,,,ml-latest-small/ratings.csv
ml-latest-small,24,1527,4.0,1458941643,,,ml-latest-small/ratings.csv
ml-latest-small,24,1580,4.0,1458941715,,,ml-latest-small/ratings.csv
ml-latest-small,24,1639,3.0,1458941213,,,ml-latest-small/ratings.csv
ml-latest-small,24,1653,3.0,1458941019,,,ml-latest-small/ratings.csv
ml-latest-small,24,1663,3.5,1458941784,,,ml-latest-small/ratings.csv
ml-latest-small,24,1682,3.5,1458942002,,,ml-latest-small/ratings.csv
ml-latest-small,24,1704,4.0,1458941929,,,ml-latest-small/ratings.csv
ml-latest-small,24,1784,4.0,1458940984,,,ml-latest-small/ratings.csv
ml-latest-small,24,2028,4.0,1458941924,,,ml-latest-small/ratings.csv
ml-latest-small,24,2115,4.0,1458941695,,,ml-latest-small/ratings.csv
ml-latest-small,24,2134,3.0,1458943936,,,ml-latest-small/ratings.csv
ml-latest-small,24,2273,3.5,1458941753,,,ml-latest-small/ratings.csv
ml-latest-small,24,2405,2.5,1458941272,,,ml-latest-small/ratings.csv
ml-latest-small,24,2421,3.5,1458941291,,,ml-latest-small/ratings.csv
ml-latest-small,24,2424,4.0,1458941144,,,ml-latest-small/ratings.csv
ml-latest-small,24,2571,4.0,1458941533,,,ml-latest-small/ratings.csv
ml-latest-small,24,2617,3.5,1458941896,,,ml-latest-small/ratings.csv
ml-latest-small,24,2686,4.0,1458943925,,,ml-latest-small/ratings.csv
ml-latest-small,24,2916,3.5,1458941823,,,ml-latest-small/ratings.csv
ml-latest-small,24,3147,4.5,1458941985,,,ml-latest-small/ratings.csv
ml-latest-small,24,3556,2.0,1458941220,,,ml-latest-small/ratings.csv
ml-latest-small,24,3578,4.0,1458941548,,,ml-latest-small/ratings.csv
ml-latest-small,24,4027,4.0,1458941850,,,ml-latest-small/ratings.csv
ml-latest-small,24,4262,4.0,1458941756,,,ml-latest-small/ratings.csv
ml-latest-small,24,4299,3.5,1458941231,,,ml-latest-small/ratings.csv
ml-latest-small,24,4489,4.0,1458943981,,,ml-latest-small/ratings.csv
ml-latest-small,24,4701,3.5,1458941858,,,ml-latest-small/ratings.csv
ml-latest-small,24,4855,4.0,1458941759,,,ml-latest-small/ratings.csv
ml-latest-small,24,4973,3.5,1458940978,,,ml-latest-small/ratings.csv
ml-latest-small,24,4995,3.5,1458940973,,,ml-latest-small/ratings.csv
ml-latest-small,24,5064,4.5,1458941650,,,ml-latest-small/ratings.csv
ml-latest-small,24,5418,4.0,1458941561,,,ml-latest-small/ratings.csv
ml-latest-small,24,5445,3.0,1458941621,,,ml-latest-small/ratings.csv
ml-latest-small,24,5673,4.0,1458941243,,,ml-latest-small/ratings.csv
ml-latest-small,24,5791,4.0,1458944146,,,ml-latest-small/ratings.csv
ml-latest-small,24,5903,3.0,1458941589,,,ml-latest-small/ratings.csv
ml-latest-small,24,5943,2.0,1458944234,,,ml-latest-small/ratings.csv
ml-latest-small,24,6350,4.5,1458941335,,,ml-latest-small/ratings.csv
ml-latest-small,24,7143,4.0,1458941625,,,ml-latest-small/ratings.csv
ml-latest-small,24,7293,3.5,1458941192,,,ml-latest-small/ratings.csv
ml-latest-small,24,8784,3.0,1458941029,,,ml-latest-small/ratings.csv
ml-latest-small,24,27773,4.5,1458941571,,,ml-latest-small/ratings.csv
ml-latest-small,24,31685,3.5,1458941948,,,ml-latest-small/ratings.csv
ml-latest-small,24,31696,3.0,1458941958,,,ml-latest-small/ratings.csv
ml-latest-small,24,33679,3.5,1458941855,,,ml-latest-small/ratings.csv
ml-latest-small,24,34437,3.5,1458941506,,,ml-latest-small/ratings.csv
ml-latest-small,24,35836,4.0,1458941084,,,ml-latest-small/ratings.csv
ml-latest-small,24,38061,4.0,1458941952,,,ml-latest-small/ratings.csv
ml-latest-small,24,44191,4.0,1458941565,,,ml-latest-small/ratings.csv
ml-latest-small,24,45672,3.0,1458944130,,,ml-latest-small/ratings.csv
ml-latest-small,24,46976,4.0,1458941000,,,ml-latest-small/ratings.csv
ml-latest-small,24,47610,3.0,1458941035,,,ml-latest-small/ratings.csv
ml-latest-small,24,49272,3.5,1458941633,,,ml-latest-small/ratings.csv
ml-latest-small,24,51662,4.0,1458941627,,,ml-latest-small/ratings.csv
ml-latest-small,24,52973,3.5,1458941098,,,ml-latest-small/ratings.csv
ml-latest-small,24,54286,4.0,1458941553,,,ml-latest-small/ratings.csv
ml-latest-small,24,57368,3.5,1458941859,,,ml-latest-small/ratings.csv
ml-latest-small,24,58559,4.0,1458941530,,,ml-latest-small/ratings.csv
ml-latest-small,24,58998,4.0,1458941057,,,ml-latest-small/ratings.csv
ml-latest-small,24,59615,3.5,1458941901,,,ml-latest-small/ratings.csv
ml-latest-small,24,61024,3.5,1458941725,,,ml-latest-small/ratings.csv
ml-latest-small,24,61132,3.0,1458941827,,,ml-latest-small/ratings.csv
ml-latest-small,24,63113,3.0,1458941780,,,ml-latest-small/ratings.csv
ml-latest-small,24,64957,4.0,1458941955,,,ml-latest-small/ratings.csv
ml-latest-small,24,64969,3.0,1458941086,,,ml-latest-small/ratings.csv
ml-latest-small,24,68157,3.0,1458941578,,,ml-latest-small/ratings.csv
ml-latest-small,24,68358,4.0,1458941567,,,ml-latest-small/ratings.csv
ml-latest-small,24,69406,3.0,1458941342,,,ml-latest-small/ratings.csv
ml-latest-small,24,70286,4.0,1458941613,,,ml-latest-small/ratings.csv
ml-latest-small,24,72011,4.0,1458943976,,,ml-latest-small/ratings.csv
ml-latest-small,24,79132,4.0,1458941535,,,ml-latest-small/ratings.csv
ml-latest-small,24,86882,4.0,1458944025,,,ml-latest-small/ratings.csv
ml-latest-small,24,91529,4.0,1458941551,,,ml-latest-small/ratings.csv
ml-latest-small,24,91542,3.5,1458941594,,,ml-latest-small/ratings.csv
ml-latest-small,24,94777,4.0,1458941732,,,ml-latest-small/ratings.csv
ml-latest-small,24,96079,3.5,1458941632,,,ml-latest-small/ratings.csv
ml-latest-small,24,96610,3.0,1458941709,,,ml-latest-small/ratings.csv
ml-latest-small,24,102407,3.5,1458941328,,,ml-latest-small/ratings.csv
ml-latest-small,24,111759,3.5,1458941550,,,ml-latest-small/ratings.csv
ml-latest-small,24,119145,4.0,1458941646,,,ml-latest-small/ratings.csv
ml-latest-small,24,122886,3.5,1458941967,,,ml-latest-small/ratings.csv
ml-latest-small,24,132660,4.0,1458976352,,,ml-latest-small/ratings.csv
ml-latest-small,24,134130,4.0,1458941964,,,ml-latest-small/ratings.csv
ml-latest-small,24,134393,2.5,1458941460,,,ml-latest-small/ratings.csv
ml-latest-small,24,134853,4.0,1458941969,,,ml-latest-small/ratings.csv
ml-latest-small,24,139385,3.0,1458942069,,,ml-latest-small/ratings.csv
ml-latest-small,25,231,4.0,1535470451,,,ml-latest-small/ratings.csv
ml-latest-small,25,260,5.0,1535470429,,,ml-latest-small/ratings.csv
ml-latest-small,25,527,5.0,1535470432,,,ml-latest-small/ratings.csv
ml-latest-small,25,1198,5.0,1535470495,,,ml-latest-small/ratings.csv
ml-latest-small,25,2028,5.0,1535470505,,,ml-latest-small/ratings.csv
ml-latest-small,25,2571,5.0,1535470427,,,ml-latest-small/ratings.csv
ml-latest-small,25,3578,5.0,1535470497,,,ml-latest-small/ratings.csv
ml-latest-small,25,4993,5.0,1535470421,,,ml-latest-small/ratings.csv
ml-latest-small,25,5952,5.0,1535470419,,,ml-latest-small/ratings.csv
ml-latest-small,25,7153,5.0,1535470418,,,ml-latest-small/ratings.csv
ml-latest-small,25,58559,5.0,1535470524,,,ml-latest-small/ratings.csv
ml-latest-small,25,59315,4.0,1535470521,,,ml-latest-small/ratings.csv
ml-latest-small,25,60069,5.0,1535470523,,,ml-latest-small/ratings.csv
ml-latest-small,25,68157,5.0,1535470515,,,ml-latest-small/ratings.csv
ml-latest-small,25,68954,5.0,1535470493,,,ml-latest-small/ratings.csv
ml-latest-small,25,74458,4.5,1535470529,,,ml-latest-small/ratings.csv
ml-latest-small,25,79132,5.0,1535470428,,,ml-latest-small/ratings.csv
ml-latest-small,25,91529,5.0,1535470498,,,ml-latest-small/ratings.csv
ml-latest-small,25,116797,5.0,1535470507,,,ml-latest-small/ratings.csv
ml-latest-small,25,122912,5.0,1535470461,,,ml-latest-small/ratings.csv
ml-latest-small,25,122916,4.5,1535470504,,,ml-latest-small/ratings.csv
ml-latest-small,25,176371,4.0,1535470469,,,ml-latest-small/ratings.csv
ml-latest-small,25,177593,5.0,1535470532,,,ml-latest-small/ratings.csv
ml-latest-small,25,180095,5.0,1535470476,,,ml-latest-small/ratings.csv
ml-latest-small,25,187541,4.0,1535470472,,,ml-latest-small/ratings.csv
ml-latest-small,25,187593,5.0,1535470534,,,ml-latest-small/ratings.csv
ml-latest-small,26,10,3.0,836950403,,,ml-latest-small/ratings.csv
ml-latest-small,26,34,3.0,836950483,,,ml-latest-small/ratings.csv
ml-latest-small,26,47,4.0,836950431,,,ml-latest-small/ratings.csv
ml-latest-small,26,150,3.0,836950245,,,ml-latest-small/ratings.csv
ml-latest-small,26,153,3.0,836950286,,,ml-latest-small/ratings.csv
ml-latest-small,26,165,4.0,836950286,,,ml-latest-small/ratings.csv
ml-latest-small,26,185,3.0,836950403,,,ml-latest-small/ratings.csv
ml-latest-small,26,208,2.0,836950403,,,ml-latest-small/ratings.csv
ml-latest-small,26,225,3.0,836950483,,,ml-latest-small/ratings.csv
ml-latest-small,26,288,3.0,836950431,,,ml-latest-small/ratings.csv
ml-latest-small,26,296,4.0,836950245,,,ml-latest-small/ratings.csv
ml-latest-small,26,300,3.0,836950431,,,ml-latest-small/ratings.csv
ml-latest-small,26,344,3.0,836950286,,,ml-latest-small/ratings.csv
ml-latest-small,26,349,3.0,836950286,,,ml-latest-small/ratings.csv
ml-latest-small,26,356,3.0,836950483,,,ml-latest-small/ratings.csv
ml-latest-small,26,380,3.0,836950245,,,ml-latest-small/ratings.csv
ml-latest-small,26,434,2.0,836950379,,,ml-latest-small/ratings.csv
ml-latest-small,26,454,4.0,836950483,,,ml-latest-small/ratings.csv
ml-latest-small,26,457,4.0,836950379,,,ml-latest-small/ratings.csv
ml-latest-small,26,592,4.0,836950245,,,ml-latest-small/ratings.csv
ml-latest-small,26,593,4.0,836950379,,,ml-latest-small/ratings.csv
ml-latest-small,27,1,3.0,962685262,,,ml-latest-small/ratings.csv
ml-latest-small,27,2,4.0,962685711,,,ml-latest-small/ratings.csv
ml-latest-small,27,34,5.0,962685351,,,ml-latest-small/ratings.csv
ml-latest-small,27,48,4.0,962685318,,,ml-latest-small/ratings.csv
ml-latest-small,27,60,3.0,962685387,,,ml-latest-small/ratings.csv
ml-latest-small,27,62,5.0,962684909,,,ml-latest-small/ratings.csv
ml-latest-small,27,126,2.0,962685762,,,ml-latest-small/ratings.csv
ml-latest-small,27,158,2.0,962685387,,,ml-latest-small/ratings.csv
ml-latest-small,27,238,3.0,962685525,,,ml-latest-small/ratings.csv
ml-latest-small,27,260,4.0,962686637,,,ml-latest-small/ratings.csv
ml-latest-small,27,316,4.0,962685941,,,ml-latest-small/ratings.csv
ml-latest-small,27,356,5.0,965149932,,,ml-latest-small/ratings.csv
ml-latest-small,27,364,4.0,962685351,,,ml-latest-small/ratings.csv
ml-latest-small,27,367,4.0,965150022,,,ml-latest-small/ratings.csv
ml-latest-small,27,421,3.0,962685262,,,ml-latest-small/ratings.csv
ml-latest-small,27,455,3.0,962685569,,,ml-latest-small/ratings.csv
ml-latest-small,27,480,4.0,962685912,,,ml-latest-small/ratings.csv
ml-latest-small,27,590,4.0,962685883,,,ml-latest-small/ratings.csv
ml-latest-small,27,595,4.0,962685262,,,ml-latest-small/ratings.csv
ml-latest-small,27,648,4.0,962685941,,,ml-latest-small/ratings.csv
ml-latest-small,27,661,3.0,962685569,,,ml-latest-small/ratings.csv
ml-latest-small,27,673,2.0,962685762,,,ml-latest-small/ratings.csv
ml-latest-small,27,736,3.0,962685941,,,ml-latest-small/ratings.csv
ml-latest-small,27,745,5.0,962686299,,,ml-latest-small/ratings.csv
ml-latest-small,27,780,3.0,962686571,,,ml-latest-small/ratings.csv
ml-latest-small,27,783,4.0,962685470,,,ml-latest-small/ratings.csv
ml-latest-small,27,801,2.0,962685525,,,ml-latest-small/ratings.csv
ml-latest-small,27,808,4.0,962685711,,,ml-latest-small/ratings.csv
ml-latest-small,27,902,4.0,965149631,,,ml-latest-small/ratings.csv
ml-latest-small,27,911,5.0,965149512,,,ml-latest-small/ratings.csv
ml-latest-small,27,913,4.0,965151031,,,ml-latest-small/ratings.csv
ml-latest-small,27,920,4.0,962686447,,,ml-latest-small/ratings.csv
ml-latest-small,27,924,2.0,962686660,,,ml-latest-small/ratings.csv
ml-latest-small,27,969,4.0,965149694,,,ml-latest-small/ratings.csv
ml-latest-small,27,986,4.0,962685883,,,ml-latest-small/ratings.csv
ml-latest-small,27,1010,2.0,962686260,,,ml-latest-small/ratings.csv
ml-latest-small,27,1015,4.0,962685966,,,ml-latest-small/ratings.csv
ml-latest-small,27,1021,4.0,962685525,,,ml-latest-small/ratings.csv
ml-latest-small,27,1022,4.0,965149756,,,ml-latest-small/ratings.csv
ml-latest-small,27,1035,5.0,965149533,,,ml-latest-small/ratings.csv
ml-latest-small,27,1083,4.0,965149552,,,ml-latest-small/ratings.csv
ml-latest-small,27,1097,5.0,962686711,,,ml-latest-small/ratings.csv
ml-latest-small,27,1101,4.0,965150230,,,ml-latest-small/ratings.csv
ml-latest-small,27,1127,4.0,962686730,,,ml-latest-small/ratings.csv
ml-latest-small,27,1148,5.0,962686041,,,ml-latest-small/ratings.csv
ml-latest-small,27,1196,4.0,962686386,,,ml-latest-small/ratings.csv
ml-latest-small,27,1197,5.0,965150190,,,ml-latest-small/ratings.csv
ml-latest-small,27,1198,5.0,965150190,,,ml-latest-small/ratings.csv
ml-latest-small,27,1200,1.0,962686447,,,ml-latest-small/ratings.csv
ml-latest-small,27,1201,4.0,965149552,,,ml-latest-small/ratings.csv
ml-latest-small,27,1207,5.0,962686825,,,ml-latest-small/ratings.csv
ml-latest-small,27,1210,4.0,962684909,,,ml-latest-small/ratings.csv
ml-latest-small,27,1222,1.0,962684822,,,ml-latest-small/ratings.csv
ml-latest-small,27,1247,2.0,965149490,,,ml-latest-small/ratings.csv
ml-latest-small,27,1250,4.0,962686417,,,ml-latest-small/ratings.csv
ml-latest-small,27,1262,5.0,962686386,,,ml-latest-small/ratings.csv
ml-latest-small,27,1270,5.0,965151115,,,ml-latest-small/ratings.csv
ml-latest-small,27,1276,4.0,965149456,,,ml-latest-small/ratings.csv
ml-latest-small,27,1287,5.0,965149756,,,ml-latest-small/ratings.csv
ml-latest-small,27,1304,3.0,965149456,,,ml-latest-small/ratings.csv
ml-latest-small,27,1356,3.0,962685883,,,ml-latest-small/ratings.csv
ml-latest-small,27,1387,2.0,962686343,,,ml-latest-small/ratings.csv
ml-latest-small,27,1396,3.0,962686682,,,ml-latest-small/ratings.csv
ml-latest-small,27,1474,3.0,962685802,,,ml-latest-small/ratings.csv
ml-latest-small,27,1566,2.0,962685318,,,ml-latest-small/ratings.csv
ml-latest-small,27,1580,3.0,962686758,,,ml-latest-small/ratings.csv
ml-latest-small,27,1584,4.0,962686711,,,ml-latest-small/ratings.csv
ml-latest-small,27,1588,2.0,962685470,,,ml-latest-small/ratings.csv
ml-latest-small,27,1592,3.0,962685525,,,ml-latest-small/ratings.csv
ml-latest-small,27,1721,5.0,965149814,,,ml-latest-small/ratings.csv
ml-latest-small,27,1876,4.0,965150368,,,ml-latest-small/ratings.csv
ml-latest-small,27,1907,4.0,962685318,,,ml-latest-small/ratings.csv
ml-latest-small,27,1920,2.0,962685711,,,ml-latest-small/ratings.csv
ml-latest-small,27,1947,5.0,965149512,,,ml-latest-small/ratings.csv
ml-latest-small,27,1960,3.0,962686509,,,ml-latest-small/ratings.csv
ml-latest-small,27,2012,4.0,965150068,,,ml-latest-small/ratings.csv
ml-latest-small,27,2032,2.0,962686805,,,ml-latest-small/ratings.csv
ml-latest-small,27,2040,2.0,962686260,,,ml-latest-small/ratings.csv
ml-latest-small,27,2046,4.0,962685470,,,ml-latest-small/ratings.csv
ml-latest-small,27,2054,4.0,965149992,,,ml-latest-small/ratings.csv
ml-latest-small,27,2059,3.0,962685470,,,ml-latest-small/ratings.csv
ml-latest-small,27,2080,4.0,965149710,,,ml-latest-small/ratings.csv
ml-latest-small,27,2085,3.0,965149586,,,ml-latest-small/ratings.csv
ml-latest-small,27,2094,4.0,965150412,,,ml-latest-small/ratings.csv
ml-latest-small,27,2100,4.0,965149969,,,ml-latest-small/ratings.csv
ml-latest-small,27,2115,4.0,965150230,,,ml-latest-small/ratings.csv
ml-latest-small,27,2142,3.0,962685569,,,ml-latest-small/ratings.csv
ml-latest-small,27,2150,5.0,965150954,,,ml-latest-small/ratings.csv
ml-latest-small,27,2151,5.0,965150942,,,ml-latest-small/ratings.csv
ml-latest-small,27,2161,4.0,965149969,,,ml-latest-small/ratings.csv
ml-latest-small,27,2174,2.0,965149969,,,ml-latest-small/ratings.csv
ml-latest-small,27,2294,2.0,962685318,,,ml-latest-small/ratings.csv
ml-latest-small,27,2311,2.0,965151086,,,ml-latest-small/ratings.csv
ml-latest-small,27,2355,3.0,962685318,,,ml-latest-small/ratings.csv
ml-latest-small,27,2406,4.0,965150256,,,ml-latest-small/ratings.csv
ml-latest-small,27,2407,4.0,965151172,,,ml-latest-small/ratings.csv
ml-latest-small,27,2478,5.0,965150090,,,ml-latest-small/ratings.csv
ml-latest-small,27,2529,4.0,965149571,,,ml-latest-small/ratings.csv
ml-latest-small,27,2530,3.0,965151252,,,ml-latest-small/ratings.csv
ml-latest-small,27,2532,3.0,965151214,,,ml-latest-small/ratings.csv
ml-latest-small,27,2565,5.0,965149694,,,ml-latest-small/ratings.csv
ml-latest-small,27,2628,5.0,965151428,,,ml-latest-small/ratings.csv
ml-latest-small,27,2640,4.0,962686758,,,ml-latest-small/ratings.csv
ml-latest-small,27,2687,4.0,962685387,,,ml-latest-small/ratings.csv
ml-latest-small,27,2709,3.0,962685711,,,ml-latest-small/ratings.csv
ml-latest-small,27,2876,2.0,962685525,,,ml-latest-small/ratings.csv
ml-latest-small,27,2886,2.0,962685470,,,ml-latest-small/ratings.csv
ml-latest-small,27,2944,4.0,965149533,,,ml-latest-small/ratings.csv
ml-latest-small,27,2951,4.0,965149552,,,ml-latest-small/ratings.csv
ml-latest-small,27,2985,1.0,965150213,,,ml-latest-small/ratings.csv
ml-latest-small,27,3033,2.0,965151190,,,ml-latest-small/ratings.csv
ml-latest-small,27,3037,4.0,965150115,,,ml-latest-small/ratings.csv
ml-latest-small,27,3062,4.0,962686486,,,ml-latest-small/ratings.csv
ml-latest-small,27,3104,4.0,965150213,,,ml-latest-small/ratings.csv
ml-latest-small,27,3114,4.0,962685262,,,ml-latest-small/ratings.csv
ml-latest-small,27,3157,3.0,962685262,,,ml-latest-small/ratings.csv
ml-latest-small,27,3168,2.0,965149621,,,ml-latest-small/ratings.csv
ml-latest-small,27,3247,3.0,962684796,,,ml-latest-small/ratings.csv
ml-latest-small,27,3350,4.0,965149469,,,ml-latest-small/ratings.csv
ml-latest-small,27,3448,4.0,962686549,,,ml-latest-small/ratings.csv
ml-latest-small,27,3451,5.0,965149512,,,ml-latest-small/ratings.csv
ml-latest-small,27,3471,4.0,962686637,,,ml-latest-small/ratings.csv
ml-latest-small,27,3479,4.0,965149969,,,ml-latest-small/ratings.csv
ml-latest-small,27,3489,5.0,965150022,,,ml-latest-small/ratings.csv
ml-latest-small,27,3508,4.0,965150115,,,ml-latest-small/ratings.csv
ml-latest-small,27,3519,3.0,965149901,,,ml-latest-small/ratings.csv
ml-latest-small,27,3555,4.0,962685074,,,ml-latest-small/ratings.csv
ml-latest-small,27,3654,4.0,962686529,,,ml-latest-small/ratings.csv
ml-latest-small,27,3681,4.0,965149571,,,ml-latest-small/ratings.csv
ml-latest-small,27,3697,1.0,965150504,,,ml-latest-small/ratings.csv
ml-latest-small,27,3751,3.0,962685032,,,ml-latest-small/ratings.csv
ml-latest-small,27,3791,3.0,965149357,,,ml-latest-small/ratings.csv
ml-latest-small,27,3809,1.0,965149421,,,ml-latest-small/ratings.csv
ml-latest-small,27,3836,4.0,965149368,,,ml-latest-small/ratings.csv
ml-latest-small,27,5060,2.0,962686409,,,ml-latest-small/ratings.csv
ml-latest-small,28,6,3.5,1234570483,,,ml-latest-small/ratings.csv
ml-latest-small,28,16,2.5,1234570375,,,ml-latest-small/ratings.csv
ml-latest-small,28,21,3.0,1242290535,,,ml-latest-small/ratings.csv
ml-latest-small,28,23,1.5,1242290862,,,ml-latest-small/ratings.csv
ml-latest-small,28,31,2.5,1234334920,,,ml-latest-small/ratings.csv
ml-latest-small,28,32,3.5,1234335329,,,ml-latest-small/ratings.csv
ml-latest-small,28,47,3.0,1235975946,,,ml-latest-small/ratings.csv
ml-latest-small,28,50,3.5,1234337966,,,ml-latest-small/ratings.csv
ml-latest-small,28,62,3.5,1242290542,,,ml-latest-small/ratings.csv
ml-latest-small,28,95,2.0,1234516201,,,ml-latest-small/ratings.csv
ml-latest-small,28,110,3.5,1234515793,,,ml-latest-small/ratings.csv
ml-latest-small,28,145,1.5,1242290926,,,ml-latest-small/ratings.csv
ml-latest-small,28,147,2.5,1242289858,,,ml-latest-small/ratings.csv
ml-latest-small,28,161,3.0,1242032929,,,ml-latest-small/ratings.csv
ml-latest-small,28,172,3.0,1277002294,,,ml-latest-small/ratings.csv
ml-latest-small,28,211,3.0,1242107980,,,ml-latest-small/ratings.csv
ml-latest-small,28,224,3.0,1234334917,,,ml-latest-small/ratings.csv
ml-latest-small,28,253,3.0,1242033136,,,ml-latest-small/ratings.csv
ml-latest-small,28,260,4.0,1234338579,,,ml-latest-small/ratings.csv
ml-latest-small,28,290,3.0,1234570350,,,ml-latest-small/ratings.csv
ml-latest-small,28,293,4.5,1234338073,,,ml-latest-small/ratings.csv
ml-latest-small,28,296,4.5,1234338046,,,ml-latest-small/ratings.csv
ml-latest-small,28,300,2.0,1242288446,,,ml-latest-small/ratings.csv
ml-latest-small,28,316,4.0,1277002153,,,ml-latest-small/ratings.csv
ml-latest-small,28,318,3.5,1234338000,,,ml-latest-small/ratings.csv
ml-latest-small,28,337,3.5,1242031731,,,ml-latest-small/ratings.csv
ml-latest-small,28,345,4.0,1242290330,,,ml-latest-small/ratings.csv
ml-latest-small,28,349,3.0,1234516073,,,ml-latest-small/ratings.csv
ml-latest-small,28,353,3.0,1242033139,,,ml-latest-small/ratings.csv
ml-latest-small,28,356,4.0,1243837724,,,ml-latest-small/ratings.csv
ml-latest-small,28,377,1.5,1234516131,,,ml-latest-small/ratings.csv
ml-latest-small,28,428,2.5,1240817486,,,ml-latest-small/ratings.csv
ml-latest-small,28,442,1.0,1234516283,,,ml-latest-small/ratings.csv
ml-latest-small,28,456,2.0,1235806094,,,ml-latest-small/ratings.csv
ml-latest-small,28,457,3.0,1234515692,,,ml-latest-small/ratings.csv
ml-latest-small,28,474,2.5,1234515703,,,ml-latest-small/ratings.csv
ml-latest-small,28,475,4.0,1234334912,,,ml-latest-small/ratings.csv
ml-latest-small,28,480,2.5,1234515708,,,ml-latest-small/ratings.csv
ml-latest-small,28,481,3.0,1242290652,,,ml-latest-small/ratings.csv
ml-latest-small,28,507,4.0,1242032956,,,ml-latest-small/ratings.csv
ml-latest-small,28,508,3.5,1242032407,,,ml-latest-small/ratings.csv
ml-latest-small,28,524,3.5,1242032861,,,ml-latest-small/ratings.csv
ml-latest-small,28,527,3.0,1234570054,,,ml-latest-small/ratings.csv
ml-latest-small,28,529,3.5,1234571468,,,ml-latest-small/ratings.csv
ml-latest-small,28,541,4.0,1234335500,,,ml-latest-small/ratings.csv
ml-latest-small,28,553,3.0,1242032366,,,ml-latest-small/ratings.csv
ml-latest-small,28,555,3.0,1234515790,,,ml-latest-small/ratings.csv
ml-latest-small,28,589,4.5,1234515689,,,ml-latest-small/ratings.csv
ml-latest-small,28,590,4.0,1242290279,,,ml-latest-small/ratings.csv
ml-latest-small,28,592,2.5,1234516064,,,ml-latest-small/ratings.csv
ml-latest-small,28,593,2.5,1234570144,,,ml-latest-small/ratings.csv
ml-latest-small,28,599,3.0,1234514490,,,ml-latest-small/ratings.csv
ml-latest-small,28,608,3.0,1243837137,,,ml-latest-small/ratings.csv
ml-latest-small,28,635,3.0,1242288183,,,ml-latest-small/ratings.csv
ml-latest-small,28,647,2.5,1242290414,,,ml-latest-small/ratings.csv
ml-latest-small,28,678,3.5,1240211636,,,ml-latest-small/ratings.csv
ml-latest-small,28,714,3.5,1234570614,,,ml-latest-small/ratings.csv
ml-latest-small,28,724,1.5,1234334947,,,ml-latest-small/ratings.csv
ml-latest-small,28,733,1.0,1234516070,,,ml-latest-small/ratings.csv
ml-latest-small,28,736,2.5,1234516417,,,ml-latest-small/ratings.csv
ml-latest-small,28,778,3.5,1235806117,,,ml-latest-small/ratings.csv
ml-latest-small,28,780,3.0,1234516111,,,ml-latest-small/ratings.csv
ml-latest-small,28,851,2.0,1242033023,,,ml-latest-small/ratings.csv
ml-latest-small,28,858,4.5,1234338178,,,ml-latest-small/ratings.csv
ml-latest-small,28,898,3.0,1243837286,,,ml-latest-small/ratings.csv
ml-latest-small,28,899,2.0,1234334934,,,ml-latest-small/ratings.csv
ml-latest-small,28,924,3.0,1234516770,,,ml-latest-small/ratings.csv
ml-latest-small,28,996,2.0,1234516298,,,ml-latest-small/ratings.csv
ml-latest-small,28,1036,2.0,1234515645,,,ml-latest-small/ratings.csv
ml-latest-small,28,1042,2.5,1242290453,,,ml-latest-small/ratings.csv
ml-latest-small,28,1047,3.5,1234334914,,,ml-latest-small/ratings.csv
ml-latest-small,28,1080,3.5,1243837515,,,ml-latest-small/ratings.csv
ml-latest-small,28,1089,3.0,1234338253,,,ml-latest-small/ratings.csv
ml-latest-small,28,1092,2.5,1242290949,,,ml-latest-small/ratings.csv
ml-latest-small,28,1095,3.0,1234570537,,,ml-latest-small/ratings.csv
ml-latest-small,28,1101,3.0,1234516135,,,ml-latest-small/ratings.csv
ml-latest-small,28,1120,3.0,1234334932,,,ml-latest-small/ratings.csv
ml-latest-small,28,1129,2.5,1234516167,,,ml-latest-small/ratings.csv
ml-latest-small,28,1136,3.5,1234338716,,,ml-latest-small/ratings.csv
ml-latest-small,28,1171,3.0,1243837744,,,ml-latest-small/ratings.csv
ml-latest-small,28,1196,4.0,1234338139,,,ml-latest-small/ratings.csv
ml-latest-small,28,1197,2.5,1243837364,,,ml-latest-small/ratings.csv
ml-latest-small,28,1198,2.5,1234569517,,,ml-latest-small/ratings.csv
ml-latest-small,28,1199,2.0,1243837575,,,ml-latest-small/ratings.csv
ml-latest-small,28,1200,4.0,1234338743,,,ml-latest-small/ratings.csv
ml-latest-small,28,1201,4.0,1234338285,,,ml-latest-small/ratings.csv
ml-latest-small,28,1206,2.5,1234516765,,,ml-latest-small/ratings.csv
ml-latest-small,28,1208,3.0,1234516758,,,ml-latest-small/ratings.csv
ml-latest-small,28,1209,3.0,1235805640,,,ml-latest-small/ratings.csv
ml-latest-small,28,1210,4.0,1234515113,,,ml-latest-small/ratings.csv
ml-latest-small,28,1213,4.0,1234338180,,,ml-latest-small/ratings.csv
ml-latest-small,28,1214,3.5,1234338454,,,ml-latest-small/ratings.csv
ml-latest-small,28,1215,3.5,1234515861,,,ml-latest-small/ratings.csv
ml-latest-small,28,1221,4.0,1234338282,,,ml-latest-small/ratings.csv
ml-latest-small,28,1222,4.0,1234338173,,,ml-latest-small/ratings.csv
ml-latest-small,28,1230,2.0,1243837368,,,ml-latest-small/ratings.csv
ml-latest-small,28,1233,3.5,1234338465,,,ml-latest-small/ratings.csv
ml-latest-small,28,1234,3.0,1234569526,,,ml-latest-small/ratings.csv
ml-latest-small,28,1240,4.5,1234515680,,,ml-latest-small/ratings.csv
ml-latest-small,28,1245,3.5,1234338202,,,ml-latest-small/ratings.csv
ml-latest-small,28,1249,4.0,1234515648,,,ml-latest-small/ratings.csv
ml-latest-small,28,1253,3.5,1277001848,,,ml-latest-small/ratings.csv
ml-latest-small,28,1256,4.0,1243837314,,,ml-latest-small/ratings.csv
ml-latest-small,28,1266,4.5,1234338735,,,ml-latest-small/ratings.csv
ml-latest-small,28,1271,2.0,1234334960,,,ml-latest-small/ratings.csv
ml-latest-small,28,1275,2.0,1234337747,,,ml-latest-small/ratings.csv
ml-latest-small,28,1276,3.5,1234338468,,,ml-latest-small/ratings.csv
ml-latest-small,28,1303,3.0,1235805655,,,ml-latest-small/ratings.csv
ml-latest-small,28,1356,3.5,1234337804,,,ml-latest-small/ratings.csv
ml-latest-small,28,1358,4.0,1234338775,,,ml-latest-small/ratings.csv
ml-latest-small,28,1371,4.0,1234334902,,,ml-latest-small/ratings.csv
ml-latest-small,28,1374,2.5,1234571939,,,ml-latest-small/ratings.csv
ml-latest-small,28,1459,2.5,1242290702,,,ml-latest-small/ratings.csv
ml-latest-small,28,1466,3.0,1234570448,,,ml-latest-small/ratings.csv
ml-latest-small,28,1480,3.0,1277002141,,,ml-latest-small/ratings.csv
ml-latest-small,28,1517,2.5,1242290662,,,ml-latest-small/ratings.csv
ml-latest-small,28,1527,4.5,1234336847,,,ml-latest-small/ratings.csv
ml-latest-small,28,1580,3.0,1234516117,,,ml-latest-small/ratings.csv
ml-latest-small,28,1584,3.5,1242290563,,,ml-latest-small/ratings.csv
ml-latest-small,28,1587,2.5,1234516422,,,ml-latest-small/ratings.csv
ml-latest-small,28,1590,3.0,1277002267,,,ml-latest-small/ratings.csv
ml-latest-small,28,1608,2.0,1242290718,,,ml-latest-small/ratings.csv
ml-latest-small,28,1610,4.5,1234515687,,,ml-latest-small/ratings.csv
ml-latest-small,28,1617,3.0,1235975955,,,ml-latest-small/ratings.csv
ml-latest-small,28,1625,2.0,1242032374,,,ml-latest-small/ratings.csv
ml-latest-small,28,1641,2.5,1242290294,,,ml-latest-small/ratings.csv
ml-latest-small,28,1645,2.5,1242033151,,,ml-latest-small/ratings.csv
ml-latest-small,28,1653,3.5,1234572121,,,ml-latest-small/ratings.csv
ml-latest-small,28,1678,2.0,1242289781,,,ml-latest-small/ratings.csv
ml-latest-small,28,1682,1.5,1242289815,,,ml-latest-small/ratings.csv
ml-latest-small,28,1704,3.0,1235806527,,,ml-latest-small/ratings.csv
ml-latest-small,28,1729,2.5,1242031770,,,ml-latest-small/ratings.csv
ml-latest-small,28,1732,4.0,1242031360,,,ml-latest-small/ratings.csv
ml-latest-small,28,1748,3.5,1277001863,,,ml-latest-small/ratings.csv
ml-latest-small,28,1754,3.0,1242032528,,,ml-latest-small/ratings.csv
ml-latest-small,28,1785,3.5,1242032383,,,ml-latest-small/ratings.csv
ml-latest-small,28,1884,2.5,1242032351,,,ml-latest-small/ratings.csv
ml-latest-small,28,1921,4.0,1234572108,,,ml-latest-small/ratings.csv
ml-latest-small,28,1953,4.0,1234338731,,,ml-latest-small/ratings.csv
ml-latest-small,28,1994,2.5,1234334964,,,ml-latest-small/ratings.csv
ml-latest-small,28,2000,2.0,1234515694,,,ml-latest-small/ratings.csv
ml-latest-small,28,2012,2.5,1242290920,,,ml-latest-small/ratings.csv
ml-latest-small,28,2021,5.0,1234334942,,,ml-latest-small/ratings.csv
ml-latest-small,28,2023,3.5,1234516183,,,ml-latest-small/ratings.csv
ml-latest-small,28,2028,3.5,1234515641,,,ml-latest-small/ratings.csv
ml-latest-small,28,2058,2.0,1242290303,,,ml-latest-small/ratings.csv
ml-latest-small,28,2060,1.5,1242290877,,,ml-latest-small/ratings.csv
ml-latest-small,28,2105,4.0,1234334929,,,ml-latest-small/ratings.csv
ml-latest-small,28,2193,3.5,1234337742,,,ml-latest-small/ratings.csv
ml-latest-small,28,2194,3.5,1234338803,,,ml-latest-small/ratings.csv
ml-latest-small,28,2231,2.5,1242288296,,,ml-latest-small/ratings.csv
ml-latest-small,28,2232,2.0,1242033049,,,ml-latest-small/ratings.csv
ml-latest-small,28,2268,3.0,1242031764,,,ml-latest-small/ratings.csv
ml-latest-small,28,2272,2.5,1242290244,,,ml-latest-small/ratings.csv
ml-latest-small,28,2278,4.0,1234515996,,,ml-latest-small/ratings.csv
ml-latest-small,28,2329,2.5,1234569909,,,ml-latest-small/ratings.csv
ml-latest-small,28,2353,2.5,1242290159,,,ml-latest-small/ratings.csv
ml-latest-small,28,2358,4.0,1242031785,,,ml-latest-small/ratings.csv
ml-latest-small,28,2403,2.0,1234516006,,,ml-latest-small/ratings.csv
ml-latest-small,28,2412,2.0,1234516502,,,ml-latest-small/ratings.csv
ml-latest-small,28,2427,3.5,1242290428,,,ml-latest-small/ratings.csv
ml-latest-small,28,2490,4.5,1234516086,,,ml-latest-small/ratings.csv
ml-latest-small,28,2502,2.0,1234338784,,,ml-latest-small/ratings.csv
ml-latest-small,28,2539,1.5,1242290775,,,ml-latest-small/ratings.csv
ml-latest-small,28,2542,3.0,1234338189,,,ml-latest-small/ratings.csv
ml-latest-small,28,2571,4.0,1234338350,,,ml-latest-small/ratings.csv
ml-latest-small,28,2580,3.5,1234335075,,,ml-latest-small/ratings.csv
ml-latest-small,28,2618,3.0,1242287649,,,ml-latest-small/ratings.csv
ml-latest-small,28,2628,4.0,1234516355,,,ml-latest-small/ratings.csv
ml-latest-small,28,2683,2.5,1242290871,,,ml-latest-small/ratings.csv
ml-latest-small,28,2686,3.0,1234569659,,,ml-latest-small/ratings.csv
ml-latest-small,28,2701,1.5,1234516443,,,ml-latest-small/ratings.csv
ml-latest-small,28,2706,3.0,1242290771,,,ml-latest-small/ratings.csv
ml-latest-small,28,2716,1.5,1234515987,,,ml-latest-small/ratings.csv
ml-latest-small,28,2762,3.0,1234570602,,,ml-latest-small/ratings.csv
ml-latest-small,28,2763,2.0,1242290637,,,ml-latest-small/ratings.csv
ml-latest-small,28,2841,2.5,1242289152,,,ml-latest-small/ratings.csv
ml-latest-small,28,2858,4.0,1234338144,,,ml-latest-small/ratings.csv
ml-latest-small,28,2908,3.0,1242288232,,,ml-latest-small/ratings.csv
ml-latest-small,28,2912,2.5,1242288441,,,ml-latest-small/ratings.csv
ml-latest-small,28,2916,3.0,1242290561,,,ml-latest-small/ratings.csv
ml-latest-small,28,2944,3.5,1234515124,,,ml-latest-small/ratings.csv
ml-latest-small,28,2951,3.0,1234515633,,,ml-latest-small/ratings.csv
ml-latest-small,28,2952,2.5,1242106555,,,ml-latest-small/ratings.csv
ml-latest-small,28,2959,3.5,1234338005,,,ml-latest-small/ratings.csv
ml-latest-small,28,2968,4.0,1234334945,,,ml-latest-small/ratings.csv
ml-latest-small,28,2985,3.0,1277002126,,,ml-latest-small/ratings.csv
ml-latest-small,28,2997,2.5,1243837492,,,ml-latest-small/ratings.csv
ml-latest-small,28,3006,2.5,1234334969,,,ml-latest-small/ratings.csv
ml-latest-small,28,3020,3.0,1242032934,,,ml-latest-small/ratings.csv
ml-latest-small,28,3033,3.0,1277002147,,,ml-latest-small/ratings.csv
ml-latest-small,28,3052,3.0,1242290417,,,ml-latest-small/ratings.csv
ml-latest-small,28,3100,4.0,1242032411,,,ml-latest-small/ratings.csv
ml-latest-small,28,3105,2.5,1242031396,,,ml-latest-small/ratings.csv
ml-latest-small,28,3107,2.0,1242290922,,,ml-latest-small/ratings.csv
ml-latest-small,28,3147,2.5,1234570479,,,ml-latest-small/ratings.csv
ml-latest-small,28,3156,2.5,1277002264,,,ml-latest-small/ratings.csv
ml-latest-small,28,3169,2.5,1234337236,,,ml-latest-small/ratings.csv
ml-latest-small,28,3173,2.0,1242290846,,,ml-latest-small/ratings.csv
ml-latest-small,28,3174,2.5,1242290443,,,ml-latest-small/ratings.csv
ml-latest-small,28,3175,1.5,1242290498,,,ml-latest-small/ratings.csv
ml-latest-small,28,3176,3.0,1242290485,,,ml-latest-small/ratings.csv
ml-latest-small,28,3178,2.5,1242031255,,,ml-latest-small/ratings.csv
ml-latest-small,28,3198,3.0,1235805650,,,ml-latest-small/ratings.csv
ml-latest-small,28,3246,2.5,1234570524,,,ml-latest-small/ratings.csv
ml-latest-small,28,3250,4.0,1242033046,,,ml-latest-small/ratings.csv
ml-latest-small,28,3252,3.0,1242032417,,,ml-latest-small/ratings.csv
ml-latest-small,28,3256,2.5,1242289707,,,ml-latest-small/ratings.csv
ml-latest-small,28,3260,3.0,1242289079,,,ml-latest-small/ratings.csv
ml-latest-small,28,3271,3.0,1234569650,,,ml-latest-small/ratings.csv
ml-latest-small,28,3272,4.0,1242290937,,,ml-latest-small/ratings.csv
ml-latest-small,28,3275,3.5,1234336470,,,ml-latest-small/ratings.csv
ml-latest-small,28,3300,4.0,1234338619,,,ml-latest-small/ratings.csv
ml-latest-small,28,3317,2.5,1236314754,,,ml-latest-small/ratings.csv
ml-latest-small,28,3328,4.0,1242288907,,,ml-latest-small/ratings.csv
ml-latest-small,28,3360,4.0,1234571883,,,ml-latest-small/ratings.csv
ml-latest-small,28,3386,2.5,1242288921,,,ml-latest-small/ratings.csv
ml-latest-small,28,3408,3.0,1242290472,,,ml-latest-small/ratings.csv
ml-latest-small,28,3429,3.5,1234338164,,,ml-latest-small/ratings.csv
ml-latest-small,28,3499,3.0,1242032361,,,ml-latest-small/ratings.csv
ml-latest-small,28,3508,4.5,1234338748,,,ml-latest-small/ratings.csv
ml-latest-small,28,3510,3.0,1242290213,,,ml-latest-small/ratings.csv
ml-latest-small,28,3535,4.0,1242033133,,,ml-latest-small/ratings.csv
ml-latest-small,28,3543,2.5,1243837349,,,ml-latest-small/ratings.csv
ml-latest-small,28,3555,3.5,1234516154,,,ml-latest-small/ratings.csv
ml-latest-small,28,3556,3.0,1242289161,,,ml-latest-small/ratings.csv
ml-latest-small,28,3578,4.0,1234515839,,,ml-latest-small/ratings.csv
ml-latest-small,28,3681,3.5,1234338535,,,ml-latest-small/ratings.csv
ml-latest-small,28,3683,2.5,1234338153,,,ml-latest-small/ratings.csv
ml-latest-small,28,3702,3.5,1234337751,,,ml-latest-small/ratings.csv
ml-latest-small,28,3755,2.0,1234334925,,,ml-latest-small/ratings.csv
ml-latest-small,28,3783,4.0,1236313787,,,ml-latest-small/ratings.csv
ml-latest-small,28,3793,3.5,1234516011,,,ml-latest-small/ratings.csv
ml-latest-small,28,3911,3.0,1234334923,,,ml-latest-small/ratings.csv
ml-latest-small,28,3916,3.5,1242031893,,,ml-latest-small/ratings.csv
ml-latest-small,28,3949,2.0,1234338572,,,ml-latest-small/ratings.csv
ml-latest-small,28,3950,3.0,1236315133,,,ml-latest-small/ratings.csv
ml-latest-small,28,3967,4.0,1236319976,,,ml-latest-small/ratings.csv
ml-latest-small,28,3980,3.0,1242290171,,,ml-latest-small/ratings.csv
ml-latest-small,28,3994,3.0,1242290656,,,ml-latest-small/ratings.csv
ml-latest-small,28,3996,2.5,1234515852,,,ml-latest-small/ratings.csv
ml-latest-small,28,4011,3.5,1234338576,,,ml-latest-small/ratings.csv
ml-latest-small,28,4017,3.0,1242290247,,,ml-latest-small/ratings.csv
ml-latest-small,28,4019,3.0,1242288498,,,ml-latest-small/ratings.csv
ml-latest-small,28,4022,3.5,1242290467,,,ml-latest-small/ratings.csv
ml-latest-small,28,4027,3.5,1242031777,,,ml-latest-small/ratings.csv
ml-latest-small,28,4034,3.0,1236313568,,,ml-latest-small/ratings.csv
ml-latest-small,28,4047,3.5,1242031374,,,ml-latest-small/ratings.csv
ml-latest-small,28,4211,2.0,1235976182,,,ml-latest-small/ratings.csv
ml-latest-small,28,4223,4.0,1242032494,,,ml-latest-small/ratings.csv
ml-latest-small,28,4226,3.5,1234337963,,,ml-latest-small/ratings.csv
ml-latest-small,28,4238,2.5,1242290762,,,ml-latest-small/ratings.csv
ml-latest-small,28,4251,2.0,1237619121,,,ml-latest-small/ratings.csv
ml-latest-small,28,4327,3.5,1234338745,,,ml-latest-small/ratings.csv
ml-latest-small,28,4343,2.5,1277002280,,,ml-latest-small/ratings.csv
ml-latest-small,28,4344,1.0,1234516387,,,ml-latest-small/ratings.csv
ml-latest-small,28,4370,3.0,1242290689,,,ml-latest-small/ratings.csv
ml-latest-small,28,4378,3.0,1242289915,,,ml-latest-small/ratings.csv
ml-latest-small,28,4446,3.5,1277002284,,,ml-latest-small/ratings.csv
ml-latest-small,28,4626,3.0,1235975740,,,ml-latest-small/ratings.csv
ml-latest-small,28,4688,2.5,1240817515,,,ml-latest-small/ratings.csv
ml-latest-small,28,4772,3.5,1236314250,,,ml-latest-small/ratings.csv
ml-latest-small,28,4776,2.0,1242290187,,,ml-latest-small/ratings.csv
ml-latest-small,28,4787,2.0,1242289083,,,ml-latest-small/ratings.csv
ml-latest-small,28,4855,2.5,1234514717,,,ml-latest-small/ratings.csv
ml-latest-small,28,4874,3.0,1277001932,,,ml-latest-small/ratings.csv
ml-latest-small,28,4878,4.0,1234335490,,,ml-latest-small/ratings.csv
ml-latest-small,28,4881,2.5,1236314736,,,ml-latest-small/ratings.csv
ml-latest-small,28,4993,3.0,1234338192,,,ml-latest-small/ratings.csv
ml-latest-small,28,4995,3.0,1236313511,,,ml-latest-small/ratings.csv
ml-latest-small,28,5009,2.5,1242290723,,,ml-latest-small/ratings.csv
ml-latest-small,28,5010,4.5,1234340468,,,ml-latest-small/ratings.csv
ml-latest-small,28,5055,2.5,1242289767,,,ml-latest-small/ratings.csv
ml-latest-small,28,5152,4.5,1234340571,,,ml-latest-small/ratings.csv
ml-latest-small,28,5267,3.0,1242289147,,,ml-latest-small/ratings.csv
ml-latest-small,28,5292,3.5,1243837736,,,ml-latest-small/ratings.csv
ml-latest-small,28,5329,3.0,1242288954,,,ml-latest-small/ratings.csv
ml-latest-small,28,5349,3.5,1234515706,,,ml-latest-small/ratings.csv
ml-latest-small,28,5378,4.0,1234516357,,,ml-latest-small/ratings.csv
ml-latest-small,28,5418,3.5,1234569648,,,ml-latest-small/ratings.csv
ml-latest-small,28,5445,3.5,1234516004,,,ml-latest-small/ratings.csv
ml-latest-small,28,5446,3.0,1237619224,,,ml-latest-small/ratings.csv
ml-latest-small,28,5464,3.0,1242288783,,,ml-latest-small/ratings.csv
ml-latest-small,28,5502,3.0,1277002131,,,ml-latest-small/ratings.csv
ml-latest-small,28,5577,2.0,1242289900,,,ml-latest-small/ratings.csv
ml-latest-small,28,5617,2.0,1234340430,,,ml-latest-small/ratings.csv
ml-latest-small,28,5630,2.5,1242290315,,,ml-latest-small/ratings.csv
ml-latest-small,28,5632,3.0,1234515119,,,ml-latest-small/ratings.csv
ml-latest-small,28,5682,2.5,1242108379,,,ml-latest-small/ratings.csv
ml-latest-small,28,5747,3.5,1234338175,,,ml-latest-small/ratings.csv
ml-latest-small,28,5782,4.5,1234338696,,,ml-latest-small/ratings.csv
ml-latest-small,28,5903,3.0,1234572104,,,ml-latest-small/ratings.csv
ml-latest-small,28,5945,3.0,1242290271,,,ml-latest-small/ratings.csv
ml-latest-small,28,5952,3.5,1234338346,,,ml-latest-small/ratings.csv
ml-latest-small,28,5955,3.0,1236319971,,,ml-latest-small/ratings.csv
ml-latest-small,28,5956,2.0,1242290554,,,ml-latest-small/ratings.csv
ml-latest-small,28,5989,3.5,1236314244,,,ml-latest-small/ratings.csv
ml-latest-small,28,5995,3.0,1234337599,,,ml-latest-small/ratings.csv
ml-latest-small,28,6157,1.5,1234516438,,,ml-latest-small/ratings.csv
ml-latest-small,28,6281,1.5,1242290481,,,ml-latest-small/ratings.csv
ml-latest-small,28,6333,2.5,1234515699,,,ml-latest-small/ratings.csv
ml-latest-small,28,6365,3.5,1234516336,,,ml-latest-small/ratings.csv
ml-latest-small,28,6378,2.0,1242290221,,,ml-latest-small/ratings.csv
ml-latest-small,28,6428,3.0,1234571930,,,ml-latest-small/ratings.csv
ml-latest-small,28,6502,3.0,1234572111,,,ml-latest-small/ratings.csv
ml-latest-small,28,6534,2.5,1234516304,,,ml-latest-small/ratings.csv
ml-latest-small,28,6537,4.0,1234516415,,,ml-latest-small/ratings.csv
ml-latest-small,28,6539,2.0,1242031882,,,ml-latest-small/ratings.csv
ml-latest-small,28,6548,1.5,1242290928,,,ml-latest-small/ratings.csv
ml-latest-small,28,6552,2.5,1237619395,,,ml-latest-small/ratings.csv
ml-latest-small,28,6565,3.5,1242288458,,,ml-latest-small/ratings.csv
ml-latest-small,28,6617,4.0,1242032404,,,ml-latest-small/ratings.csv
ml-latest-small,28,6711,2.5,1236314713,,,ml-latest-small/ratings.csv
ml-latest-small,28,6796,2.0,1240817387,,,ml-latest-small/ratings.csv
ml-latest-small,28,6807,2.5,1243837639,,,ml-latest-small/ratings.csv
ml-latest-small,28,6817,3.0,1242032439,,,ml-latest-small/ratings.csv
ml-latest-small,28,6867,4.0,1240211660,,,ml-latest-small/ratings.csv
ml-latest-small,28,6870,3.0,1236228466,,,ml-latest-small/ratings.csv
ml-latest-small,28,6874,4.0,1234515778,,,ml-latest-small/ratings.csv
ml-latest-small,28,6884,3.5,1242288799,,,ml-latest-small/ratings.csv
ml-latest-small,28,6934,3.5,1234516339,,,ml-latest-small/ratings.csv
ml-latest-small,28,6947,3.5,1234515870,,,ml-latest-small/ratings.csv
ml-latest-small,28,6953,3.0,1236313576,,,ml-latest-small/ratings.csv
ml-latest-small,28,6957,3.0,1242290204,,,ml-latest-small/ratings.csv
ml-latest-small,28,6974,3.0,1242033113,,,ml-latest-small/ratings.csv
ml-latest-small,28,6993,1.5,1243837374,,,ml-latest-small/ratings.csv
ml-latest-small,28,6997,3.0,1242289886,,,ml-latest-small/ratings.csv
ml-latest-small,28,7009,3.5,1242289903,,,ml-latest-small/ratings.csv
ml-latest-small,28,7025,2.5,1235805921,,,ml-latest-small/ratings.csv
ml-latest-small,28,7090,2.0,1236314730,,,ml-latest-small/ratings.csv
ml-latest-small,28,7123,3.0,1242032858,,,ml-latest-small/ratings.csv
ml-latest-small,28,7143,3.5,1242032883,,,ml-latest-small/ratings.csv
ml-latest-small,28,7153,3.5,1234338343,,,ml-latest-small/ratings.csv
ml-latest-small,28,7263,3.0,1240211839,,,ml-latest-small/ratings.csv
ml-latest-small,28,7361,2.5,1277001831,,,ml-latest-small/ratings.csv
ml-latest-small,28,7438,4.0,1234341377,,,ml-latest-small/ratings.csv
ml-latest-small,28,7445,2.0,1242288761,,,ml-latest-small/ratings.csv
ml-latest-small,28,7458,4.0,1234516149,,,ml-latest-small/ratings.csv
ml-latest-small,28,7481,4.5,1234337756,,,ml-latest-small/ratings.csv
ml-latest-small,28,7649,2.0,1235976155,,,ml-latest-small/ratings.csv
ml-latest-small,28,7706,4.0,1235975729,,,ml-latest-small/ratings.csv
ml-latest-small,28,7841,4.5,1234337227,,,ml-latest-small/ratings.csv
ml-latest-small,28,7842,5.0,1234337731,,,ml-latest-small/ratings.csv
ml-latest-small,28,7884,2.5,1243837355,,,ml-latest-small/ratings.csv
ml-latest-small,28,8010,4.0,1235806217,,,ml-latest-small/ratings.csv
ml-latest-small,28,8132,4.0,1234570622,,,ml-latest-small/ratings.csv
ml-latest-small,28,8207,3.5,1234338471,,,ml-latest-small/ratings.csv
ml-latest-small,28,8361,2.5,1234516204,,,ml-latest-small/ratings.csv
ml-latest-small,28,8378,4.0,1242290283,,,ml-latest-small/ratings.csv
ml-latest-small,28,8493,3.0,1237619403,,,ml-latest-small/ratings.csv
ml-latest-small,28,8495,2.5,1236311537,,,ml-latest-small/ratings.csv
ml-latest-small,28,8633,4.5,1234337791,,,ml-latest-small/ratings.csv
ml-latest-small,28,8636,3.0,1234572135,,,ml-latest-small/ratings.csv
ml-latest-small,28,8641,3.0,1242290779,,,ml-latest-small/ratings.csv
ml-latest-small,28,8644,4.0,1234516108,,,ml-latest-small/ratings.csv
ml-latest-small,28,8665,3.5,1236314239,,,ml-latest-small/ratings.csv
ml-latest-small,28,8798,3.5,1234340436,,,ml-latest-small/ratings.csv
ml-latest-small,28,8810,3.0,1234516426,,,ml-latest-small/ratings.csv
ml-latest-small,28,8874,2.0,1243837559,,,ml-latest-small/ratings.csv
ml-latest-small,28,8914,2.0,1234337380,,,ml-latest-small/ratings.csv
ml-latest-small,28,8937,2.5,1242289874,,,ml-latest-small/ratings.csv
ml-latest-small,28,8949,2.5,1236313688,,,ml-latest-small/ratings.csv
ml-latest-small,28,8950,4.0,1234338550,,,ml-latest-small/ratings.csv
ml-latest-small,28,8951,3.0,1234570527,,,ml-latest-small/ratings.csv
ml-latest-small,28,8961,3.5,1243837502,,,ml-latest-small/ratings.csv
ml-latest-small,28,8970,3.0,1236313795,,,ml-latest-small/ratings.csv
ml-latest-small,28,8977,2.5,1234516433,,,ml-latest-small/ratings.csv
ml-latest-small,28,8982,3.0,1242288165,,,ml-latest-small/ratings.csv
ml-latest-small,28,8983,2.0,1234515866,,,ml-latest-small/ratings.csv
ml-latest-small,28,26614,4.0,1235975723,,,ml-latest-small/ratings.csv
ml-latest-small,28,26649,4.0,1235975772,,,ml-latest-small/ratings.csv
ml-latest-small,28,26695,3.5,1242289677,,,ml-latest-small/ratings.csv
ml-latest-small,28,26750,3.5,1242031891,,,ml-latest-small/ratings.csv
ml-latest-small,28,26812,3.0,1234514493,,,ml-latest-small/ratings.csv
ml-latest-small,28,26901,2.5,1234850414,,,ml-latest-small/ratings.csv
ml-latest-small,28,27408,2.5,1242032514,,,ml-latest-small/ratings.csv
ml-latest-small,28,27450,2.5,1234850089,,,ml-latest-small/ratings.csv
ml-latest-small,28,27611,4.5,1234335514,,,ml-latest-small/ratings.csv
ml-latest-small,28,27788,1.0,1242290224,,,ml-latest-small/ratings.csv
ml-latest-small,28,27793,2.0,1234850044,,,ml-latest-small/ratings.csv
ml-latest-small,28,27831,3.5,1234338340,,,ml-latest-small/ratings.csv
ml-latest-small,28,30707,4.0,1234341382,,,ml-latest-small/ratings.csv
ml-latest-small,28,30749,4.0,1234337586,,,ml-latest-small/ratings.csv
ml-latest-small,28,30812,3.0,1242288990,,,ml-latest-small/ratings.csv
ml-latest-small,28,31101,3.0,1234570410,,,ml-latest-small/ratings.csv
ml-latest-small,28,31116,3.0,1235805645,,,ml-latest-small/ratings.csv
ml-latest-small,28,31225,3.0,1242288487,,,ml-latest-small/ratings.csv
ml-latest-small,28,31420,2.5,1242290865,,,ml-latest-small/ratings.csv
ml-latest-small,28,32587,3.5,1277001858,,,ml-latest-small/ratings.csv
ml-latest-small,28,33004,3.0,1277002101,,,ml-latest-small/ratings.csv
ml-latest-small,28,33166,2.0,1236313784,,,ml-latest-small/ratings.csv
ml-latest-small,28,33493,4.0,1234515711,,,ml-latest-small/ratings.csv
ml-latest-small,28,33558,3.0,1235806520,,,ml-latest-small/ratings.csv
ml-latest-small,28,33660,4.0,1234341077,,,ml-latest-small/ratings.csv
ml-latest-small,28,33679,2.0,1234516121,,,ml-latest-small/ratings.csv
ml-latest-small,28,33794,4.5,1234338148,,,ml-latest-small/ratings.csv
ml-latest-small,28,34048,3.5,1234516420,,,ml-latest-small/ratings.csv
ml-latest-small,28,34150,3.0,1234516309,,,ml-latest-small/ratings.csv
ml-latest-small,28,34319,3.0,1234516113,,,ml-latest-small/ratings.csv
ml-latest-small,28,34405,4.5,1234335507,,,ml-latest-small/ratings.csv
ml-latest-small,28,34437,3.5,1242288890,,,ml-latest-small/ratings.csv
ml-latest-small,28,34536,2.5,1242288187,,,ml-latest-small/ratings.csv
ml-latest-small,28,36517,2.5,1236314245,,,ml-latest-small/ratings.csv
ml-latest-small,28,36527,3.0,1242033038,,,ml-latest-small/ratings.csv
ml-latest-small,28,36529,4.0,1234337635,,,ml-latest-small/ratings.csv
ml-latest-small,28,37386,3.5,1277002259,,,ml-latest-small/ratings.csv
ml-latest-small,28,37731,2.5,1234570516,,,ml-latest-small/ratings.csv
ml-latest-small,28,37739,3.0,1235806532,,,ml-latest-small/ratings.csv
ml-latest-small,28,37741,2.0,1234341011,,,ml-latest-small/ratings.csv
ml-latest-small,28,38061,4.5,1234337997,,,ml-latest-small/ratings.csv
ml-latest-small,28,38886,2.0,1236313815,,,ml-latest-small/ratings.csv
ml-latest-small,28,39381,3.5,1234338567,,,ml-latest-small/ratings.csv
ml-latest-small,28,39444,3.5,1242290492,,,ml-latest-small/ratings.csv
ml-latest-small,28,40278,3.0,1242289778,,,ml-latest-small/ratings.csv
ml-latest-small,28,40414,3.0,1240816043,,,ml-latest-small/ratings.csv
ml-latest-small,28,40583,2.5,1242288972,,,ml-latest-small/ratings.csv
ml-latest-small,28,40629,2.0,1236313806,,,ml-latest-small/ratings.csv
ml-latest-small,28,40819,2.5,1236313271,,,ml-latest-small/ratings.csv
ml-latest-small,28,41566,2.5,1234516078,,,ml-latest-small/ratings.csv
ml-latest-small,28,41569,2.5,1242290573,,,ml-latest-small/ratings.csv
ml-latest-small,28,41863,4.5,1234341471,,,ml-latest-small/ratings.csv
ml-latest-small,28,41997,3.0,1234515787,,,ml-latest-small/ratings.csv
ml-latest-small,28,42004,2.5,1234340470,,,ml-latest-small/ratings.csv
ml-latest-small,28,43396,4.0,1234341071,,,ml-latest-small/ratings.csv
ml-latest-small,28,43921,3.0,1242033072,,,ml-latest-small/ratings.csv
ml-latest-small,28,43928,3.0,1277002331,,,ml-latest-small/ratings.csv
ml-latest-small,28,43936,2.5,1242290327,,,ml-latest-small/ratings.csv
ml-latest-small,28,44191,3.0,1234515844,,,ml-latest-small/ratings.csv
ml-latest-small,28,44195,4.5,1234338584,,,ml-latest-small/ratings.csv
ml-latest-small,28,44199,2.0,1235806205,,,ml-latest-small/ratings.csv
ml-latest-small,28,44204,3.0,1234571477,,,ml-latest-small/ratings.csv
ml-latest-small,28,44665,3.0,1234337349,,,ml-latest-small/ratings.csv
ml-latest-small,28,44761,2.0,1234337337,,,ml-latest-small/ratings.csv
ml-latest-small,28,45658,2.0,1236313534,,,ml-latest-small/ratings.csv
ml-latest-small,28,46578,2.0,1243837448,,,ml-latest-small/ratings.csv
ml-latest-small,28,46723,2.5,1236319973,,,ml-latest-small/ratings.csv
ml-latest-small,28,47099,3.0,1242288778,,,ml-latest-small/ratings.csv
ml-latest-small,28,47629,2.0,1234570360,,,ml-latest-small/ratings.csv
ml-latest-small,28,47644,3.0,1236314716,,,ml-latest-small/ratings.csv
ml-latest-small,28,47894,3.5,1234337674,,,ml-latest-small/ratings.csv
ml-latest-small,28,48326,2.5,1242290768,,,ml-latest-small/ratings.csv
ml-latest-small,28,48385,4.0,1242290334,,,ml-latest-small/ratings.csv
ml-latest-small,28,48516,2.5,1234340364,,,ml-latest-small/ratings.csv
ml-latest-small,28,48738,3.0,1234338028,,,ml-latest-small/ratings.csv
ml-latest-small,28,48774,3.0,1234335493,,,ml-latest-small/ratings.csv
ml-latest-small,28,48780,1.5,1234338427,,,ml-latest-small/ratings.csv
ml-latest-small,28,48783,2.5,1242032873,,,ml-latest-small/ratings.csv
ml-latest-small,28,48879,2.5,1242109131,,,ml-latest-small/ratings.csv
ml-latest-small,28,49265,4.0,1235975785,,,ml-latest-small/ratings.csv
ml-latest-small,28,49272,3.5,1234338817,,,ml-latest-small/ratings.csv
ml-latest-small,28,49278,2.5,1234572138,,,ml-latest-small/ratings.csv
ml-latest-small,28,49530,4.5,1234337638,,,ml-latest-small/ratings.csv
ml-latest-small,28,49651,2.5,1242290424,,,ml-latest-small/ratings.csv
ml-latest-small,28,49822,3.0,1242289880,,,ml-latest-small/ratings.csv
ml-latest-small,28,49961,3.0,1236228709,,,ml-latest-small/ratings.csv
ml-latest-small,28,50068,3.0,1234337590,,,ml-latest-small/ratings.csv
ml-latest-small,28,50442,2.0,1242290759,,,ml-latest-small/ratings.csv
ml-latest-small,28,51080,2.0,1242109122,,,ml-latest-small/ratings.csv
ml-latest-small,28,51255,1.0,1234338068,,,ml-latest-small/ratings.csv
ml-latest-small,28,51471,3.0,1234340433,,,ml-latest-small/ratings.csv
ml-latest-small,28,51540,2.0,1236313693,,,ml-latest-small/ratings.csv
ml-latest-small,28,51662,4.5,1234515873,,,ml-latest-small/ratings.csv
ml-latest-small,28,51935,2.5,1242289917,,,ml-latest-small/ratings.csv
ml-latest-small,28,52042,2.5,1240211511,,,ml-latest-small/ratings.csv
ml-latest-small,28,52241,2.0,1236313504,,,ml-latest-small/ratings.csv
ml-latest-small,28,52281,2.5,1234338628,,,ml-latest-small/ratings.csv
ml-latest-small,28,52328,2.5,1234572127,,,ml-latest-small/ratings.csv
ml-latest-small,28,52604,2.0,1242288430,,,ml-latest-small/ratings.csv
ml-latest-small,28,52952,3.5,1234338058,,,ml-latest-small/ratings.csv
ml-latest-small,28,53123,5.0,1234341270,,,ml-latest-small/ratings.csv
ml-latest-small,28,53322,1.5,1242290446,,,ml-latest-small/ratings.csv
ml-latest-small,28,53550,2.5,1234337605,,,ml-latest-small/ratings.csv
ml-latest-small,28,53953,1.0,1234335379,,,ml-latest-small/ratings.csv
ml-latest-small,28,53972,2.5,1242032400,,,ml-latest-small/ratings.csv
ml-latest-small,28,54286,4.0,1234338764,,,ml-latest-small/ratings.csv
ml-latest-small,28,54503,3.5,1242032422,,,ml-latest-small/ratings.csv
ml-latest-small,28,54736,2.5,1234340486,,,ml-latest-small/ratings.csv
ml-latest-small,28,54962,2.5,1234340488,,,ml-latest-small/ratings.csv
ml-latest-small,28,54997,3.5,1234338456,,,ml-latest-small/ratings.csv
ml-latest-small,28,55080,2.5,1242289755,,,ml-latest-small/ratings.csv
ml-latest-small,28,55094,3.5,1234570629,,,ml-latest-small/ratings.csv
ml-latest-small,28,55116,3.0,1234340443,,,ml-latest-small/ratings.csv
ml-latest-small,28,55118,4.0,1234338278,,,ml-latest-small/ratings.csv
ml-latest-small,28,55247,3.5,1234338544,,,ml-latest-small/ratings.csv
ml-latest-small,28,55274,2.5,1242288903,,,ml-latest-small/ratings.csv
ml-latest-small,28,55276,2.5,1234570192,,,ml-latest-small/ratings.csv
ml-latest-small,28,55290,3.0,1235975952,,,ml-latest-small/ratings.csv
ml-latest-small,28,55363,3.0,1236315140,,,ml-latest-small/ratings.csv
ml-latest-small,28,55721,3.5,1234340956,,,ml-latest-small/ratings.csv
ml-latest-small,28,55765,2.5,1234341008,,,ml-latest-small/ratings.csv
ml-latest-small,28,55820,4.5,1234338039,,,ml-latest-small/ratings.csv
ml-latest-small,28,55908,3.5,1234338625,,,ml-latest-small/ratings.csv
ml-latest-small,28,56145,1.0,1242032944,,,ml-latest-small/ratings.csv
ml-latest-small,28,56174,4.0,1277001923,,,ml-latest-small/ratings.csv
ml-latest-small,28,56367,2.5,1243837445,,,ml-latest-small/ratings.csv
ml-latest-small,28,56587,3.0,1242289053,,,ml-latest-small/ratings.csv
ml-latest-small,28,56607,2.5,1240211643,,,ml-latest-small/ratings.csv
ml-latest-small,28,56782,3.0,1234340899,,,ml-latest-small/ratings.csv
ml-latest-small,28,56921,2.0,1235805913,,,ml-latest-small/ratings.csv
ml-latest-small,28,57368,2.0,1242290495,,,ml-latest-small/ratings.csv
ml-latest-small,28,57528,2.0,1242289912,,,ml-latest-small/ratings.csv
ml-latest-small,28,57640,4.0,1242289883,,,ml-latest-small/ratings.csv
ml-latest-small,28,57669,4.0,1234338182,,,ml-latest-small/ratings.csv
ml-latest-small,28,58293,0.5,1234335308,,,ml-latest-small/ratings.csv
ml-latest-small,28,58559,3.5,1234337988,,,ml-latest-small/ratings.csv
ml-latest-small,28,58803,3.0,1242290671,,,ml-latest-small/ratings.csv
ml-latest-small,28,59018,4.5,1235806122,,,ml-latest-small/ratings.csv
ml-latest-small,28,59129,2.5,1234853569,,,ml-latest-small/ratings.csv
ml-latest-small,28,59315,4.5,1234338546,,,ml-latest-small/ratings.csv
ml-latest-small,28,59369,4.0,1234338711,,,ml-latest-small/ratings.csv
ml-latest-small,28,59387,2.0,1235975904,,,ml-latest-small/ratings.csv
ml-latest-small,28,60040,3.0,1234572131,,,ml-latest-small/ratings.csv
ml-latest-small,28,60046,3.5,1242033012,,,ml-latest-small/ratings.csv
ml-latest-small,28,60069,4.0,1234338025,,,ml-latest-small/ratings.csv
ml-latest-small,28,60389,4.0,1234335266,,,ml-latest-small/ratings.csv
ml-latest-small,28,60647,2.5,1242290262,,,ml-latest-small/ratings.csv
ml-latest-small,28,60674,2.5,1234853684,,,ml-latest-small/ratings.csv
ml-latest-small,28,60684,4.0,1240817508,,,ml-latest-small/ratings.csv
ml-latest-small,28,60735,2.5,1234853778,,,ml-latest-small/ratings.csv
ml-latest-small,28,60753,3.0,1234570390,,,ml-latest-small/ratings.csv
ml-latest-small,28,60941,3.0,1234854184,,,ml-latest-small/ratings.csv
ml-latest-small,28,60943,4.5,1234336526,,,ml-latest-small/ratings.csv
ml-latest-small,28,61011,2.0,1234850432,,,ml-latest-small/ratings.csv
ml-latest-small,28,61024,2.0,1234854178,,,ml-latest-small/ratings.csv
ml-latest-small,28,61132,2.0,1242290318,,,ml-latest-small/ratings.csv
ml-latest-small,28,61167,4.0,1234853871,,,ml-latest-small/ratings.csv
ml-latest-small,28,61210,3.5,1234850150,,,ml-latest-small/ratings.csv
ml-latest-small,28,61236,2.5,1234338142,,,ml-latest-small/ratings.csv
ml-latest-small,28,61248,2.0,1234854175,,,ml-latest-small/ratings.csv
ml-latest-small,28,61323,2.5,1234853862,,,ml-latest-small/ratings.csv
ml-latest-small,28,61350,3.5,1234335260,,,ml-latest-small/ratings.csv
ml-latest-small,28,61352,3.0,1234853868,,,ml-latest-small/ratings.csv
ml-latest-small,28,61628,2.0,1234853784,,,ml-latest-small/ratings.csv
ml-latest-small,28,61986,3.0,1234853673,,,ml-latest-small/ratings.csv
ml-latest-small,28,62374,2.5,1234338810,,,ml-latest-small/ratings.csv
ml-latest-small,28,62376,2.5,1234853561,,,ml-latest-small/ratings.csv
ml-latest-small,28,62394,2.0,1234853555,,,ml-latest-small/ratings.csv
ml-latest-small,28,62792,2.5,1234853233,,,ml-latest-small/ratings.csv
ml-latest-small,28,62799,3.0,1234853237,,,ml-latest-small/ratings.csv
ml-latest-small,28,62849,3.5,1234853223,,,ml-latest-small/ratings.csv
ml-latest-small,28,63033,3.5,1234335269,,,ml-latest-small/ratings.csv
ml-latest-small,28,63062,3.0,1242107787,,,ml-latest-small/ratings.csv
ml-latest-small,28,63082,4.0,1234337982,,,ml-latest-small/ratings.csv
ml-latest-small,28,63113,3.0,1234853160,,,ml-latest-small/ratings.csv
ml-latest-small,28,63433,2.0,1235975882,,,ml-latest-small/ratings.csv
ml-latest-small,28,64030,3.5,1234340334,,,ml-latest-small/ratings.csv
ml-latest-small,28,64497,3.0,1234850172,,,ml-latest-small/ratings.csv
ml-latest-small,28,64575,2.5,1235975894,,,ml-latest-small/ratings.csv
ml-latest-small,28,64614,4.0,1234570126,,,ml-latest-small/ratings.csv
ml-latest-small,28,64716,4.0,1234850141,,,ml-latest-small/ratings.csv
ml-latest-small,28,64839,3.0,1240816020,,,ml-latest-small/ratings.csv
ml-latest-small,28,64957,4.5,1234341141,,,ml-latest-small/ratings.csv
ml-latest-small,28,64983,2.5,1242288321,,,ml-latest-small/ratings.csv
ml-latest-small,28,64997,3.5,1234850075,,,ml-latest-small/ratings.csv
ml-latest-small,28,65216,3.5,1234850034,,,ml-latest-small/ratings.csv
ml-latest-small,28,65682,2.5,1234340341,,,ml-latest-small/ratings.csv
ml-latest-small,28,65982,3.0,1277002092,,,ml-latest-small/ratings.csv
ml-latest-small,28,67534,3.0,1242883379,,,ml-latest-small/ratings.csv
ml-latest-small,28,68205,3.0,1242883383,,,ml-latest-small/ratings.csv
ml-latest-small,28,68237,3.0,1277001822,,,ml-latest-small/ratings.csv
ml-latest-small,28,68319,3.5,1242883367,,,ml-latest-small/ratings.csv
ml-latest-small,28,68358,3.5,1242883340,,,ml-latest-small/ratings.csv
ml-latest-small,28,68791,4.5,1277002158,,,ml-latest-small/ratings.csv
ml-latest-small,28,69849,3.5,1277002828,,,ml-latest-small/ratings.csv
ml-latest-small,28,70286,4.5,1277001890,,,ml-latest-small/ratings.csv
ml-latest-small,28,70336,1.5,1277002289,,,ml-latest-small/ratings.csv
ml-latest-small,28,71106,2.5,1277001836,,,ml-latest-small/ratings.csv
ml-latest-small,28,71135,3.5,1277001895,,,ml-latest-small/ratings.csv
ml-latest-small,28,72378,2.0,1277002257,,,ml-latest-small/ratings.csv
ml-latest-small,28,72998,5.0,1277001853,,,ml-latest-small/ratings.csv
ml-latest-small,29,50,3.5,1308007653,,,ml-latest-small/ratings.csv
ml-latest-small,29,150,4.0,1362016794,,,ml-latest-small/ratings.csv
ml-latest-small,29,165,4.0,1362016840,,,ml-latest-small/ratings.csv
ml-latest-small,29,170,3.0,1307905797,,,ml-latest-small/ratings.csv
ml-latest-small,29,296,3.5,1362016789,,,ml-latest-small/ratings.csv
ml-latest-small,29,316,4.0,1362016849,,,ml-latest-small/ratings.csv
ml-latest-small,29,318,4.5,1307907071,,,ml-latest-small/ratings.csv
ml-latest-small,29,356,4.5,1362016780,,,ml-latest-small/ratings.csv
ml-latest-small,29,750,4.5,1310788122,,,ml-latest-small/ratings.csv
ml-latest-small,29,780,4.0,1362016798,,,ml-latest-small/ratings.csv
ml-latest-small,29,858,4.5,1307907013,,,ml-latest-small/ratings.csv
ml-latest-small,29,904,4.5,1307945605,,,ml-latest-small/ratings.csv
ml-latest-small,29,914,4.0,1362016608,,,ml-latest-small/ratings.csv
ml-latest-small,29,924,5.0,1307906672,,,ml-latest-small/ratings.csv
ml-latest-small,29,953,5.0,1307906372,,,ml-latest-small/ratings.csv
ml-latest-small,29,1100,3.5,1307905898,,,ml-latest-small/ratings.csv
ml-latest-small,29,1136,4.0,1308084085,,,ml-latest-small/ratings.csv
ml-latest-small,29,1198,4.5,1307906966,,,ml-latest-small/ratings.csv
ml-latest-small,29,1201,5.0,1307907031,,,ml-latest-small/ratings.csv
ml-latest-small,29,1204,4.5,1308084015,,,ml-latest-small/ratings.csv
ml-latest-small,29,1208,4.0,1308084034,,,ml-latest-small/ratings.csv
ml-latest-small,29,1209,4.5,1308025043,,,ml-latest-small/ratings.csv
ml-latest-small,29,1213,4.0,1308025032,,,ml-latest-small/ratings.csv
ml-latest-small,29,1222,4.0,1308084128,,,ml-latest-small/ratings.csv
ml-latest-small,29,1224,4.0,1307905945,,,ml-latest-small/ratings.csv
ml-latest-small,29,1242,4.0,1307908267,,,ml-latest-small/ratings.csv
ml-latest-small,29,1250,5.0,1308024986,,,ml-latest-small/ratings.csv
ml-latest-small,29,1262,4.5,1307906969,,,ml-latest-small/ratings.csv
ml-latest-small,29,1270,4.0,1307906647,,,ml-latest-small/ratings.csv
ml-latest-small,29,1272,5.0,1308084090,,,ml-latest-small/ratings.csv
ml-latest-small,29,1303,4.5,1308084157,,,ml-latest-small/ratings.csv
ml-latest-small,29,1385,2.0,1307905878,,,ml-latest-small/ratings.csv
ml-latest-small,29,1408,5.0,1405816272,,,ml-latest-small/ratings.csv
ml-latest-small,29,1617,5.0,1315262432,,,ml-latest-small/ratings.csv
ml-latest-small,29,1772,1.5,1307906072,,,ml-latest-small/ratings.csv
ml-latest-small,29,1792,3.0,1307905957,,,ml-latest-small/ratings.csv
ml-latest-small,29,1939,4.0,1362016593,,,ml-latest-small/ratings.csv
ml-latest-small,29,1945,4.5,1307905911,,,ml-latest-small/ratings.csv
ml-latest-small,29,2028,5.0,1362016835,,,ml-latest-small/ratings.csv
ml-latest-small,29,2301,4.0,1307905970,,,ml-latest-small/ratings.csv
ml-latest-small,29,2420,3.0,1307905816,,,ml-latest-small/ratings.csv
ml-latest-small,29,2761,3.5,1307905804,,,ml-latest-small/ratings.csv
ml-latest-small,29,2872,4.5,1307905862,,,ml-latest-small/ratings.csv
ml-latest-small,29,2944,4.0,1307905845,,,ml-latest-small/ratings.csv
ml-latest-small,29,2951,4.5,1307907122,,,ml-latest-small/ratings.csv
ml-latest-small,29,3363,4.5,1362016600,,,ml-latest-small/ratings.csv
ml-latest-small,29,3441,3.5,1307906080,,,ml-latest-small/ratings.csv
ml-latest-small,29,3578,5.0,1362016881,,,ml-latest-small/ratings.csv
ml-latest-small,29,3591,3.0,1307906057,,,ml-latest-small/ratings.csv
ml-latest-small,29,3681,4.0,1307907026,,,ml-latest-small/ratings.csv
ml-latest-small,29,4223,4.0,1405816293,,,ml-latest-small/ratings.csv
ml-latest-small,29,4327,4.0,1307906981,,,ml-latest-small/ratings.csv
ml-latest-small,29,4980,2.0,1307906020,,,ml-latest-small/ratings.csv
ml-latest-small,29,5010,4.0,1405816200,,,ml-latest-small/ratings.csv
ml-latest-small,29,5464,4.5,1405816207,,,ml-latest-small/ratings.csv
ml-latest-small,29,5995,5.0,1308084202,,,ml-latest-small/ratings.csv
ml-latest-small,29,6502,4.5,1405816264,,,ml-latest-small/ratings.csv
ml-latest-small,29,6787,4.5,1307945581,,,ml-latest-small/ratings.csv
ml-latest-small,29,7156,4.5,1307906727,,,ml-latest-small/ratings.csv
ml-latest-small,29,7379,3.5,1311834931,,,ml-latest-small/ratings.csv
ml-latest-small,29,26554,4.0,1309069525,,,ml-latest-small/ratings.csv
ml-latest-small,29,26729,4.0,1308138832,,,ml-latest-small/ratings.csv
ml-latest-small,29,27611,5.0,1362016752,,,ml-latest-small/ratings.csv
ml-latest-small,29,48516,4.5,1308084039,,,ml-latest-small/ratings.csv
ml-latest-small,29,48774,4.5,1307906679,,,ml-latest-small/ratings.csv
ml-latest-small,29,51540,4.0,1307948222,,,ml-latest-small/ratings.csv
ml-latest-small,29,55820,4.0,1308084198,,,ml-latest-small/ratings.csv
ml-latest-small,29,56174,4.0,1309069586,,,ml-latest-small/ratings.csv
ml-latest-small,29,64620,4.5,1310804277,,,ml-latest-small/ratings.csv
ml-latest-small,29,68237,5.0,1307906345,,,ml-latest-small/ratings.csv
ml-latest-small,29,70286,4.0,1307906685,,,ml-latest-small/ratings.csv
ml-latest-small,29,80489,4.0,1362016591,,,ml-latest-small/ratings.csv
ml-latest-small,29,81845,4.0,1307907049,,,ml-latest-small/ratings.csv
ml-latest-small,29,82459,5.0,1310787896,,,ml-latest-small/ratings.csv
ml-latest-small,29,87232,3.5,1307906652,,,ml-latest-small/ratings.csv
ml-latest-small,29,87306,4.5,1309585079,,,ml-latest-small/ratings.csv
ml-latest-small,29,98961,4.5,1362016565,,,ml-latest-small/ratings.csv
ml-latest-small,29,99114,4.5,1362016549,,,ml-latest-small/ratings.csv
ml-latest-small,29,104841,4.0,1405816277,,,ml-latest-small/ratings.csv
ml-latest-small,29,111362,4.5,1405816130,,,ml-latest-small/ratings.csv
ml-latest-small,29,111759,4.0,1405816122,,,ml-latest-small/ratings.csv
ml-latest-small,30,110,5.0,1500370456,,,ml-latest-small/ratings.csv
ml-latest-small,30,260,5.0,1500370339,,,ml-latest-small/ratings.csv
ml-latest-small,30,318,5.0,1500370344,,,ml-latest-small/ratings.csv
ml-latest-small,30,589,3.5,1500370430,,,ml-latest-small/ratings.csv
ml-latest-small,30,1036,4.0,1500370436,,,ml-latest-small/ratings.csv
ml-latest-small,30,1196,5.0,1500370341,,,ml-latest-small/ratings.csv
ml-latest-small,30,1198,5.0,1500370343,,,ml-latest-small/ratings.csv
ml-latest-small,30,1200,3.0,1500370434,,,ml-latest-small/ratings.csv
ml-latest-small,30,1210,5.0,1500370347,,,ml-latest-small/ratings.csv
ml-latest-small,30,1240,3.5,1500370449,,,ml-latest-small/ratings.csv
ml-latest-small,30,1291,5.0,1500370351,,,ml-latest-small/ratings.csv
ml-latest-small,30,2571,5.0,1500370345,,,ml-latest-small/ratings.csv
ml-latest-small,30,4993,5.0,1500370423,,,ml-latest-small/ratings.csv
ml-latest-small,30,5952,5.0,1500370399,,,ml-latest-small/ratings.csv
ml-latest-small,30,7153,5.0,1500370349,,,ml-latest-small/ratings.csv
ml-latest-small,30,33794,5.0,1500370439,,,ml-latest-small/ratings.csv
ml-latest-small,30,58559,5.0,1500370398,,,ml-latest-small/ratings.csv
ml-latest-small,30,59315,5.0,1500370444,,,ml-latest-small/ratings.csv
ml-latest-small,30,60069,5.0,1500370453,,,ml-latest-small/ratings.csv
ml-latest-small,30,68358,5.0,1500370441,,,ml-latest-small/ratings.csv
ml-latest-small,30,68954,5.0,1500370450,,,ml-latest-small/ratings.csv
ml-latest-small,30,79132,5.0,1500370425,,,ml-latest-small/ratings.csv
ml-latest-small,30,91529,5.0,1500370452,,,ml-latest-small/ratings.csv
ml-latest-small,30,93510,5.0,1500370378,,,ml-latest-small/ratings.csv
ml-latest-small,30,95510,5.0,1500370369,,,ml-latest-small/ratings.csv
ml-latest-small,30,96821,5.0,1500370373,,,ml-latest-small/ratings.csv
ml-latest-small,30,97913,4.0,1500370371,,,ml-latest-small/ratings.csv
ml-latest-small,30,108932,4.0,1500370367,,,ml-latest-small/ratings.csv
ml-latest-small,30,109487,5.0,1500370443,,,ml-latest-small/ratings.csv
ml-latest-small,30,111759,5.0,1500370446,,,ml-latest-small/ratings.csv
ml-latest-small,30,112852,5.0,1500370426,,,ml-latest-small/ratings.csv
ml-latest-small,30,115617,5.0,1500370457,,,ml-latest-small/ratings.csv
ml-latest-small,30,116823,4.0,1500370376,,,ml-latest-small/ratings.csv
ml-latest-small,30,122904,5.0,1500370440,,,ml-latest-small/ratings.csv
ml-latest-small,31,1,5.0,850466616,,,ml-latest-small/ratings.csv
ml-latest-small,31,5,3.0,850466642,,,ml-latest-small/ratings.csv
ml-latest-small,31,7,4.0,850466642,,,ml-latest-small/ratings.csv
ml-latest-small,31,10,4.0,850467366,,,ml-latest-small/ratings.csv
ml-latest-small,31,17,3.0,850466616,,,ml-latest-small/ratings.csv
ml-latest-small,31,25,2.0,850466616,,,ml-latest-small/ratings.csv
ml-latest-small,31,62,4.0,850466616,,,ml-latest-small/ratings.csv
ml-latest-small,31,141,4.0,850466616,,,ml-latest-small/ratings.csv
ml-latest-small,31,165,4.0,850467366,,,ml-latest-small/ratings.csv
ml-latest-small,31,339,4.0,850467366,,,ml-latest-small/ratings.csv
ml-latest-small,31,344,3.0,850467365,,,ml-latest-small/ratings.csv
ml-latest-small,31,377,5.0,850467368,,,ml-latest-small/ratings.csv
ml-latest-small,31,588,5.0,850467365,,,ml-latest-small/ratings.csv
ml-latest-small,31,605,4.0,852207559,,,ml-latest-small/ratings.csv
ml-latest-small,31,612,3.0,852208599,,,ml-latest-small/ratings.csv
ml-latest-small,31,648,5.0,850466616,,,ml-latest-small/ratings.csv
ml-latest-small,31,733,5.0,850466642,,,ml-latest-small/ratings.csv
ml-latest-small,31,736,4.0,850466616,,,ml-latest-small/ratings.csv
ml-latest-small,31,780,4.0,850466616,,,ml-latest-small/ratings.csv
ml-latest-small,31,783,4.0,850466660,,,ml-latest-small/ratings.csv
ml-latest-small,31,784,5.0,850466810,,,ml-latest-small/ratings.csv
ml-latest-small,31,788,2.0,850466679,,,ml-latest-small/ratings.csv
ml-latest-small,31,852,4.0,850467118,,,ml-latest-small/ratings.csv
ml-latest-small,31,912,5.0,850467425,,,ml-latest-small/ratings.csv
ml-latest-small,31,1036,5.0,850467468,,,ml-latest-small/ratings.csv
ml-latest-small,31,1057,5.0,850466810,,,ml-latest-small/ratings.csv
ml-latest-small,31,1073,4.0,850467063,,,ml-latest-small/ratings.csv
ml-latest-small,31,1099,2.0,850467444,,,ml-latest-small/ratings.csv
ml-latest-small,31,1136,3.0,850467408,,,ml-latest-small/ratings.csv
ml-latest-small,31,1196,4.0,850467408,,,ml-latest-small/ratings.csv
ml-latest-small,31,1197,5.0,850467408,,,ml-latest-small/ratings.csv
ml-latest-small,31,1198,4.0,850467408,,,ml-latest-small/ratings.csv
ml-latest-small,31,1200,3.0,850467408,,,ml-latest-small/ratings.csv
ml-latest-small,31,1214,4.0,850467425,,,ml-latest-small/ratings.csv
ml-latest-small,31,1231,3.0,850467468,,,ml-latest-small/ratings.csv
ml-latest-small,31,1240,4.0,850467408,,,ml-latest-small/ratings.csv
ml-latest-small,31,1246,3.0,850467468,,,ml-latest-small/ratings.csv
ml-latest-small,31,1265,2.0,850467444,,,ml-latest-small/ratings.csv
ml-latest-small,31,1270,4.0,850467468,,,ml-latest-small/ratings.csv
ml-latest-small,31,1278,5.0,850467425,,,ml-latest-small/ratings.csv
ml-latest-small,31,1282,5.0,850467485,,,ml-latest-small/ratings.csv
ml-latest-small,31,1302,4.0,850467485,,,ml-latest-small/ratings.csv
ml-latest-small,31,1353,4.0,850467078,,,ml-latest-small/ratings.csv
ml-latest-small,31,1356,4.0,850466719,,,ml-latest-small/ratings.csv
ml-latest-small,31,1361,5.0,850466810,,,ml-latest-small/ratings.csv
ml-latest-small,31,1363,5.0,850466810,,,ml-latest-small/ratings.csv
ml-latest-small,31,1391,5.0,850466810,,,ml-latest-small/ratings.csv
ml-latest-small,31,1393,3.0,852207084,,,ml-latest-small/ratings.csv
ml-latest-small,31,1405,1.0,852207053,,,ml-latest-small/ratings.csv
ml-latest-small,31,5060,5.0,850467468,,,ml-latest-small/ratings.csv
ml-latest-small,32,1,3.0,856736119,,,ml-latest-small/ratings.csv
ml-latest-small,32,3,3.0,856736172,,,ml-latest-small/ratings.csv
ml-latest-small,32,6,3.0,856736172,,,ml-latest-small/ratings.csv
ml-latest-small,32,7,4.0,856736173,,,ml-latest-small/ratings.csv
ml-latest-small,32,21,4.0,856737002,,,ml-latest-small/ratings.csv
ml-latest-small,32,24,3.0,856737205,,,ml-latest-small/ratings.csv
ml-latest-small,32,25,4.0,856736119,,,ml-latest-small/ratings.csv
ml-latest-small,32,26,4.0,856736347,,,ml-latest-small/ratings.csv
ml-latest-small,32,32,4.0,856736119,,,ml-latest-small/ratings.csv
ml-latest-small,32,36,4.0,856736172,,,ml-latest-small/ratings.csv
ml-latest-small,32,39,3.0,856737205,,,ml-latest-small/ratings.csv
ml-latest-small,32,50,5.0,856737002,,,ml-latest-small/ratings.csv
ml-latest-small,32,52,3.0,856736227,,,ml-latest-small/ratings.csv
ml-latest-small,32,58,5.0,856736227,,,ml-latest-small/ratings.csv
ml-latest-small,32,62,3.0,856736119,,,ml-latest-small/ratings.csv
ml-latest-small,32,74,4.0,856736316,,,ml-latest-small/ratings.csv
ml-latest-small,32,78,4.0,856736477,,,ml-latest-small/ratings.csv
ml-latest-small,32,95,3.0,856736119,,,ml-latest-small/ratings.csv
ml-latest-small,32,100,4.0,856736290,,,ml-latest-small/ratings.csv
ml-latest-small,32,140,3.0,856736262,,,ml-latest-small/ratings.csv
ml-latest-small,32,141,4.0,856736119,,,ml-latest-small/ratings.csv
ml-latest-small,32,153,3.0,856737123,,,ml-latest-small/ratings.csv
ml-latest-small,32,194,5.0,856737270,,,ml-latest-small/ratings.csv
ml-latest-small,32,203,4.0,856737166,,,ml-latest-small/ratings.csv
ml-latest-small,32,224,4.0,856737388,,,ml-latest-small/ratings.csv
ml-latest-small,32,236,3.0,856737081,,,ml-latest-small/ratings.csv
ml-latest-small,32,246,4.0,856737338,,,ml-latest-small/ratings.csv
ml-latest-small,32,252,3.0,856737082,,,ml-latest-small/ratings.csv
ml-latest-small,32,260,5.0,856736227,,,ml-latest-small/ratings.csv
ml-latest-small,32,265,5.0,856737045,,,ml-latest-small/ratings.csv
ml-latest-small,32,272,5.0,856737123,,,ml-latest-small/ratings.csv
ml-latest-small,32,282,4.0,856737338,,,ml-latest-small/ratings.csv
ml-latest-small,32,296,5.0,856737001,,,ml-latest-small/ratings.csv
ml-latest-small,32,314,4.0,856737002,,,ml-latest-small/ratings.csv
ml-latest-small,32,318,5.0,856737003,,,ml-latest-small/ratings.csv
ml-latest-small,32,327,3.0,856737165,,,ml-latest-small/ratings.csv
ml-latest-small,32,337,3.0,856737205,,,ml-latest-small/ratings.csv
ml-latest-small,32,339,4.0,856737123,,,ml-latest-small/ratings.csv
ml-latest-small,32,345,5.0,856737044,,,ml-latest-small/ratings.csv
ml-latest-small,32,353,3.0,856737270,,,ml-latest-small/ratings.csv
ml-latest-small,32,357,3.0,856737165,,,ml-latest-small/ratings.csv
ml-latest-small,32,361,4.0,856737270,,,ml-latest-small/ratings.csv
ml-latest-small,32,376,3.0,856736227,,,ml-latest-small/ratings.csv
ml-latest-small,32,410,3.0,856737082,,,ml-latest-small/ratings.csv
ml-latest-small,32,440,4.0,856737270,,,ml-latest-small/ratings.csv
ml-latest-small,32,471,3.0,856737165,,,ml-latest-small/ratings.csv
ml-latest-small,32,497,5.0,856737045,,,ml-latest-small/ratings.csv
ml-latest-small,32,527,4.0,856737205,,,ml-latest-small/ratings.csv
ml-latest-small,32,529,4.0,856737044,,,ml-latest-small/ratings.csv
ml-latest-small,32,538,5.0,856737123,,,ml-latest-small/ratings.csv
ml-latest-small,32,539,4.0,856737123,,,ml-latest-small/ratings.csv
ml-latest-small,32,553,3.0,856737338,,,ml-latest-small/ratings.csv
ml-latest-small,32,592,5.0,856737044,,,ml-latest-small/ratings.csv
ml-latest-small,32,593,5.0,856737081,,,ml-latest-small/ratings.csv
ml-latest-small,32,608,5.0,856736172,,,ml-latest-small/ratings.csv
ml-latest-small,32,627,4.0,856736505,,,ml-latest-small/ratings.csv
ml-latest-small,32,628,3.0,856736262,,,ml-latest-small/ratings.csv
ml-latest-small,32,648,3.0,856736119,,,ml-latest-small/ratings.csv
ml-latest-small,32,653,3.0,856736227,,,ml-latest-small/ratings.csv
ml-latest-small,32,661,3.0,856736262,,,ml-latest-small/ratings.csv
ml-latest-small,32,694,3.0,856736374,,,ml-latest-small/ratings.csv
ml-latest-small,32,708,4.0,856736227,,,ml-latest-small/ratings.csv
ml-latest-small,32,719,3.0,856736290,,,ml-latest-small/ratings.csv
ml-latest-small,32,733,4.0,856736172,,,ml-latest-small/ratings.csv
ml-latest-small,32,736,3.0,856736119,,,ml-latest-small/ratings.csv
ml-latest-small,32,761,4.0,856736316,,,ml-latest-small/ratings.csv
ml-latest-small,32,780,3.0,856736119,,,ml-latest-small/ratings.csv
ml-latest-small,32,784,3.0,856736227,,,ml-latest-small/ratings.csv
ml-latest-small,32,786,3.0,856736173,,,ml-latest-small/ratings.csv
ml-latest-small,32,788,1.0,856736227,,,ml-latest-small/ratings.csv
ml-latest-small,32,799,3.0,856736405,,,ml-latest-small/ratings.csv
