dataset,item_id,title,genres,category,metadata_json,source
ml-latest-small,1,Toy Story (1995),Adventure|Animation|Children|Comedy|Fantasy,Adventure,"{""release_year"": 1995, ""primary_genre"": ""Adventure""}",ml-latest-small/movies.csv
ml-latest-small,2,Jumanji (1995),Adventure|Children|Fantasy,Adventure,"{""release_year"": 1995, ""primary_genre"": ""Adventure""}",ml-latest-small/movies.csv
ml-latest-small,3,Grumpier Old Men (1995),Comedy|Romance,Comedy,"{""release_year"": 1995, ""primary_genre"": ""Comedy""}",ml-latest-small/movies.csv
ml-latest-small,4,Waiting to Exhale (1995),Comedy|Drama|Romance,Comedy,"{""release_year"": 1995, ""primary_genre"": ""Comedy""}",ml-latest-small/movies.csv
ml-latest-small,5,Father of the Bride Part II (1995),Comedy,Comedy,"{""release_year"": 1995, ""primary_genre"": ""Comedy""}",ml-latest-small/movies.csv
ml-latest-small,6,Heat (1995),Action|Crime|Thriller,Action,"{""release_year"": 1995, ""primary_genre"": ""Action""}",ml-latest-small/movies.csv
ml-latest-small,7,Sabrina (1995),Comedy|Romance,Comedy,"{""release_year"": 1995, ""primary_genre"": ""Comedy""}",ml-latest-small/movies.csv
ml-latest-small,8,Tom and Huck (1995),Adventure|Children,Adventure,"{""release_year"": 1995, ""primary_genre"": ""Adventure""}",ml-latest-small/movies.csv
ml-latest-small,9,Sudden Death (1995),Action,Action,"{""release_year"": 1995, ""primary_genre"": ""Action""}",ml-latest-small/movies.csv
ml-latest-small,10,GoldenEye (1995),Action|Adventure|Thriller,Action,"{""release_year"": 1995, ""primary_genre"": ""Action""}",ml-latest-small/movies.csv
ml-latest-small,11,"American President, The (1995)",Comedy|Drama|Romance,Comedy,"{""release_year"": 1995, ""primary_genre"": ""Comedy""}",ml-latest-small/movies.csv
ml-latest-small,12,Dracula: Dead and Loving It (1995),Comedy|Horror,Comedy,"{""release_year"": 1995, ""primary_genre"": ""Comedy""}",ml-latest-small/movies.csv
ml-latest-small,13,Balto (1995),Adventure|Animation|Children,Adventure,"{""release_year"": 1995, ""primary_genre"": ""Adventure""}",ml-latest-small/movies.csv
ml-latest-small,14,Nixon (1995),Drama,Drama,"{""release_year"": 1995, ""primary_genre"": ""Drama""}",ml-latest-small/movies.csv
ml-latest-small,15,Cutthroat Island (1995),Action|Adventure|Romance,Action,"{""release_year"": 1995, ""primary_genre"": ""Action""}",ml-latest-small/movies.csv
ml-latest-small,16,Casino (1995),Crime|Drama,Crime,"{""release_year"": 1995, ""primary_genre"": ""Crime""}",ml-latest-small/movies.csv
ml-latest-small,17,Sense and Sensibility (1995),Drama|Romance,Drama,"{""release_year"": 1995, ""primary_genre"": ""Drama""}",ml-latest-small/movies.csv
ml-latest-small,18,Four Rooms (1995),Comedy,Comedy,"{""release_year"": 1995, ""primary_genre"": ""Comedy""}",ml-latest-small/movies.csv
ml-latest-small,19,Ace Ventura: When Nature Calls (1995),Comedy,Comedy,"{""release_year"": 1995, ""primary_genre"": ""Comedy""}",ml-latest-small/movies.csv
ml-latest-small,20,Money Train (1995),Action|Comedy|Crime|Drama|Thriller,Action,"{""release_year"": 1995, ""primary_genre"": ""Action""}",ml-latest-small/movies.csv
ml-latest-small,21,Get Shorty (1995),Comedy|Crime|Thriller,Comedy,"{""release_year"": 1995, ""primary_genre"": ""Comedy""}",ml-latest-small/movies.csv
ml-latest-small,22,Copycat (1995),Crime|Drama|Horror|Mystery|Thriller,Crime,"{""release_year"": 1995, ""primary_genre"": ""Crime""}",ml-latest-small/movies.csv
ml-latest-small,23,Assassins (1995),Action|Crime|Thriller,Action,"{""release_year"": 1995, ""primary_genre"": ""Action""}",ml-latest-small/movies.csv
ml-latest-small,24,Powder (1995),Drama|Sci-Fi,Drama,"{""release_year"": 1995, ""primary_genre"": ""Drama""}",ml-latest-small/movies.csv
ml-latest-small,25,Leaving Las Vegas (1995),Drama|Romance,Drama,"{""release_year"": 1995, ""primary_genre"": ""Drama""}",ml-latest-small/movies.csv
ml-latest-small,26,Othello (1995),Drama,Drama,"{""release_year"": 1995, ""primary_genre"": ""Drama""}",ml-latest-small/movies.csv
ml-latest-small,27,Now and Then (1995),Children|Drama,Children,"{""release_year"": 1995, ""primary_genre"": ""Children""}",ml-latest-small/movies.csv
ml-latest-small,28,Persuasion (1995),Drama|Romance,Drama,"{""release_year"": 1995, ""primary_genre"": ""Drama""}",ml-latest-small/movies.csv
ml-latest-small,29,"City of Lost Children, The (Cité des enfants perdus, La) (1995)",Adventure|Drama|Fantasy|Mystery|Sci-Fi,Adventure,"{""release_year"": 1995, ""primary_genre"": ""Adventure""}",ml-latest-small/movies.csv
ml-latest-small,30,Shanghai Triad (Yao a yao yao dao waipo qiao) (1995),Crime|Drama,Crime,"{""release_year"": 1995, ""primary_genre"": ""Crime""}",ml-latest-small/movies.csv
ml-latest-small,31,Dangerous Minds (1995),Drama,Drama,"{""release_year"": 1995, ""primary_genre"": ""Drama""}",ml-latest-small/movies.csv
ml-latest-small,32,Twelve Monkeys (a.k.a. 12 Monkeys) (1995),Mystery|Sci-Fi|Thriller,Mystery,"{""release_year"": 1995, ""primary_genre"": ""Mystery""}",ml-latest-small/movies.csv
ml-latest-small,34,Babe (1995),Children|Drama,Children,"{""release_year"": 1995, ""primary_genre"": ""Children""}",ml-latest-small/movies.csv
ml-latest-small,36,Dead Man Walking (1995),Crime|Drama,Crime,"{""release_year"": 1995, ""primary_genre"": ""Crime""}",ml-latest-small/movies.csv
ml-latest-small,38,It Takes Two (1995),Children|Comedy,Children,"{""release_year"": 1995, ""primary_genre"": ""Children""}",ml-latest-small/movies.csv
ml-latest-small,39,Clueless (1995),Comedy|Romance,Comedy,"{""release_year"": 1995, ""primary_genre"": ""Comedy""}",ml-latest-small/movies.csv
ml-latest-small,40,"Cry, the Beloved Country (1995)",Drama,Drama,"{""release_year"": 1995, ""primary_genre"": ""Drama""}",ml-latest-small/movies.csv
ml-latest-small,41,Richard III (1995),Drama|War,Drama,"{""release_year"": 1995, ""primary_genre"": ""Drama""}",ml-latest-small/movies.csv
ml-latest-small,42,Dead Presidents (1995),Action|Crime|Drama,Action,"{""release_year"": 1995, ""primary_genre"": ""Action""}",ml-latest-small/movies.csv
ml-latest-small,43,Restoration (1995),Drama,Drama,"{""release_year"": 1995, ""primary_genre"": ""Drama""}",ml-latest-small/movies.csv
ml-latest-small,44,Mortal Kombat (1995),Action|Adventure|Fantasy,Action,"{""release_year"": 1995, ""primary_genre"": ""Action""}",ml-latest-small/movies.csv
ml-latest-small,45,To Die For (1995),Comedy|Drama|Thriller,Comedy,"{""release_year"": 1995, ""primary_genre"": ""Comedy""}",ml-latest-small/movies.csv
ml-latest-small,46,How to Make an American Quilt (1995),Drama|Romance,Drama,"{""release_year"": 1995, ""primary_genre"": ""Drama""}",ml-latest-small/movies.csv
ml-latest-small,47,Seven (a.k.a. Se7en) (1995),Mystery|Thriller,Mystery,"{""release_year"": 1995, ""primary_genre"": ""Mystery""}",ml-latest-small/movies.csv
ml-latest-small,48,Pocahontas (1995),Animation|Children|Drama|Musical|Romance,Animation,"{""release_year"": 1995, ""primary_genre"": ""Animation""}",ml-latest-small/movies.csv
ml-latest-small,49,When Night Is Falling (1995),Drama|Romance,Drama,"{""release_year"": 1995, ""primary_genre"": ""Drama""}",ml-latest-small/movies.csv
ml-latest-small,50,"Usual Suspects, The (1995)",Crime|Mystery|Thriller,Crime,"{""release_year"": 1995, ""primary_genre"": ""Crime""}",ml-latest-small/movies.csv
ml-latest-small,52,Mighty Aphrodite (1995),Comedy|Drama|Romance,Comedy,"{""release_year"": 1995, ""primary_genre"": ""Comedy""}",ml-latest-small/movies.csv
ml-latest-small,53,Lamerica (1994),Adventure|Drama,Adventure,"{""release_year"": 1994, ""primary_genre"": ""Adventure""}",ml-latest-small/movies.csv
ml-latest-small,54,"Big Green, The (1995)",Children|Comedy,Children,"{""release_year"": 1995, ""primary_genre"": ""Children""}",ml-latest-small/movies.csv
ml-latest-small,55,Georgia (1995),Drama,Drama,"{""release_year"": 1995, ""primary_genre"": ""Drama""}",ml-latest-small/movies.csv
ml-latest-small,57,Home for the Holidays (1995),Drama,Drama,"{""release_year"": 1995, ""primary_genre"": ""Drama""}",ml-latest-small/movies.csv
ml-latest-small,58,"Postman, The (Postino, Il) (1994)",Comedy|Drama|Romance,Comedy,"{""release_year"": 1994, ""primary_genre"": ""Comedy""}",ml-latest-small/movies.csv
ml-latest-small,60,"Indian in the Cupboard, The (1995)",Adventure|Children|Fantasy,Adventure,"{""release_year"": 1995, ""primary_genre"": ""Adventure""}",ml-latest-small/movies.csv
ml-latest-small,61,Eye for an Eye (1996),Drama|Thriller,Drama,"{""release_year"": 1996, ""primary_genre"": ""Drama""}",ml-latest-small/movies.csv
ml-latest-small,62,Mr. Holland's Opus (1995),Drama,Drama,"{""release_year"": 1995, ""primary_genre"": ""Drama""}",ml-latest-small/movies.csv
ml-latest-small,63,Don't Be a Menace to South Central While Drinking Your Juice in the Hood (1996),Comedy|Crime,Comedy,"{""release_year"": 1996, ""primary_genre"": ""Comedy""}",ml-latest-small/movies.csv
ml-latest-small,64,Two if by Sea (1996),Comedy|Romance,Comedy,"{""release_year"": 1996, ""primary_genre"": ""Comedy""}",ml-latest-small/movies.csv
ml-latest-small,65,Bio-Dome (1996),Comedy,Comedy,"{""release_year"": 1996, ""primary_genre"": ""Comedy""}",ml-latest-small/movies.csv
ml-latest-small,66,Lawnmower Man 2: Beyond Cyberspace (1996),Action|Sci-Fi|Thriller,Action,"{""release_year"": 1996, ""primary_genre"": ""Action""}",ml-latest-small/movies.csv
ml-latest-small,68,French Twist (Gazon maudit) (1995),Comedy|Romance,Comedy,"{""release_year"": 1995, ""primary_genre"": ""Comedy""}",ml-latest-small/movies.csv
ml-latest-small,69,Friday (1995),Comedy,Comedy,"{""release_year"": 1995, ""primary_genre"": ""Comedy""}",ml-latest-small/movies.csv
ml-latest-small,70,From Dusk Till Dawn (1996),Action|Comedy|Horror|Thriller,Action,"{""release_year"": 1996, ""primary_genre"": ""Action""}",ml-latest-small/movies.csv
ml-latest-small,71,Fair Game (1995),Action,Action,"{""release_year"": 1995, ""primary_genre"": ""Action""}",ml-latest-small/movies.csv
ml-latest-small,72,Kicking and Screaming (1995),Comedy|Drama,Comedy,"{""release_year"": 1995, ""primary_genre"": ""Comedy""}",ml-latest-small/movies.csv
ml-latest-small,73,"Misérables, Les (1995)",Drama|War,Drama,"{""release_year"": 1995, ""primary_genre"": ""Drama""}",ml-latest-small/movies.csv
ml-latest-small,74,Bed of Roses (1996),Drama|Romance,Drama,"{""release_year"": 1996, ""primary_genre"": ""Drama""}",ml-latest-small/movies.csv
ml-latest-small,75,Big Bully (1996),Comedy|Drama,Comedy,"{""release_year"": 1996, ""primary_genre"": ""Comedy""}",ml-latest-small/movies.csv
ml-latest-small,76,Screamers (1995),Action|Sci-Fi|Thriller,Action,"{""release_year"": 1995, ""primary_genre"": ""Action""}",ml-latest-small/movies.csv
ml-latest-small,77,Nico Icon (1995),Documentary,Documentary,"{""release_year"": 1995, ""primary_genre"": ""Documentary""}",ml-latest-small/movies.csv
ml-latest-small,78,"Crossing Guard, The (1995)",Action|Crime|Drama|Thriller,Action,"{""release_year"": 1995, ""primary_genre"": ""Action""}",ml-latest-small/movies.csv
ml-latest-small,79,"Juror, The (1996)",Drama|Thriller,Drama,"{""release_year"": 1996, ""primary_genre"": ""Drama""}",ml-latest-small/movies.csv
ml-latest-small,80,"White Balloon, The (Badkonake sefid) (1995)",Children|Drama,Children,"{""release_year"": 1995, ""primary_genre"": ""Children""}",ml-latest-small/movies.csv
ml-latest-small,81,Things to Do in Denver When You're Dead (1995),Crime|Drama|Romance,Crime,"{""release_year"": 1995, ""primary_genre"": ""Crime""}",ml-latest-small/movies.csv
ml-latest-small,82,Antonia's Line (Antonia) (1995),Comedy|Drama,Comedy,"{""release_year"": 1995, ""primary_genre"": ""Comedy""}",ml-latest-small/movies.csv
ml-latest-small,83,Once Upon a Time... When We Were Colored (1995),Drama|Romance,Drama,"{""release_year"": 1995, ""primary_genre"": ""Drama""}",ml-latest-small/movies.csv
ml-latest-small,85,Angels and Insects (1995),Drama|Romance,Drama,"{""release_year"": 1995, ""primary_genre"": ""Drama""}",ml-latest-small/movies.csv
ml-latest-small,86,White Squall (1996),Action|Adventure|Drama,Action,"{""release_year"": 1996, ""primary_genre"": ""Action""}",ml-latest-small/movies.csv
ml-latest-small,87,Dunston Checks In (1996),Children|Comedy,Children,"{""release_year"": 1996, ""primary_genre"": ""Children""}",ml-latest-small/movies.csv
ml-latest-small,88,Black Sheep (1996),Comedy,Comedy,"{""release_year"": 1996, ""primary_genre"": ""Comedy""}",ml-latest-small/movies.csv
ml-latest-small,89,Nick of Time (1995),Action|Thriller,Action,"{""release_year"": 1995, ""primary_genre"": ""Action""}",ml-latest-small/movies.csv
ml-latest-small,92,Mary Reilly (1996),Drama|Horror|Thriller,Drama,"{""release_year"": 1996, ""primary_genre"": ""Drama""}",ml-latest-small/movies.csv
ml-latest-small,93,Vampire in Brooklyn (1995),Comedy|Horror|Romance,Comedy,"{""release_year"": 1995, ""primary_genre"": ""Comedy""}",ml-latest-small/movies.csv
ml-latest-small,94,Beautiful Girls (1996),Comedy|Drama|Romance,Comedy,"{""release_year"": 1996, ""primary_genre"": ""Comedy""}",ml-latest-small/movies.csv
ml-latest-small,95,Broken Arrow (1996),Action|Adventure|Thriller,Action,"{""release_year"": 1996, ""primary_genre"": ""Action""}",ml-latest-small/movies.csv
ml-latest-small,96,In the Bleak Midwinter (1995),Comedy|Drama,Comedy,"{""release_year"": 1995, ""primary_genre"": ""Comedy""}",ml-latest-small/movies.csv
ml-latest-small,97,"Hate (Haine, La) (1995)",Crime|Drama,Crime,"{""release_year"": 1995, ""primary_genre"": ""Crime""}",ml-latest-small/movies.csv
ml-latest-small,99,Heidi Fleiss: Hollywood Madam (1995),Documentary,Documentary,"{""release_year"": 1995, ""primary_genre"": ""Documentary""}",ml-latest-small/movies.csv
ml-latest-small,100,City Hall (1996),Drama|Thriller,Drama,"{""release_year"": 1996, ""primary_genre"": ""Drama""}",ml-latest-small/movies.csv
ml-latest-small,101,Bottle Rocket (1996),Adventure|Comedy|Crime|Romance,Adventure,"{""release_year"": 1996, ""primary_genre"": ""Adventure""}",ml-latest-small/movies.csv
ml-latest-small,102,Mr. Wrong (1996),Comedy,Comedy,"{""release_year"": 1996, ""primary_genre"": ""Comedy""}",ml-latest-small/movies.csv
ml-latest-small,103,Unforgettable (1996),Mystery|Sci-Fi|Thriller,Mystery,"{""release_year"": 1996, ""primary_genre"": ""Mystery""}",ml-latest-small/movies.csv
ml-latest-small,104,Happy Gilmore (1996),Comedy,Comedy,"{""release_year"": 1996, ""primary_genre"": ""Comedy""}",ml-latest-small/movies.csv
ml-latest-small,105,"Bridges of Madison County, The (1995)",Drama|Romance,Drama,"{""release_year"": 1995, ""primary_genre"": ""Drama""}",ml-latest-small/movies.csv
ml-latest-small,106,Nobody Loves Me (Keiner liebt mich) (1994),Comedy|Drama,Comedy,"{""release_year"": 1994, ""primary_genre"": ""Comedy""}",ml-latest-small/movies.csv
ml-latest-small,107,Muppet Treasure Island (1996),Adventure|Children|Comedy|Musical,Adventure,"{""release_year"": 1996, ""primary_genre"": ""Adventure""}",ml-latest-small/movies.csv
ml-latest-small,108,Catwalk (1996),Documentary,Documentary,"{""release_year"": 1996, ""primary_genre"": ""Documentary""}",ml-latest-small/movies.csv
ml-latest-small,110,Braveheart (1995),Action|Drama|War,Action,"{""release_year"": 1995, ""primary_genre"": ""Action""}",ml-latest-small/movies.csv
ml-latest-small,111,Taxi Driver (1976),Crime|Drama|Thriller,Crime,"{""release_year"": 1976, ""primary_genre"": ""Crime""}",ml-latest-small/movies.csv
ml-latest-small,112,Rumble in the Bronx (Hont faan kui) (1995),Action|Adventure|Comedy|Crime,Action,"{""release_year"": 1995, ""primary_genre"": ""Action""}",ml-latest-small/movies.csv
ml-latest-small,113,Before and After (1996),Drama|Mystery,Drama,"{""release_year"": 1996, ""primary_genre"": ""Drama""}",ml-latest-small/movies.csv
ml-latest-small,116,Anne Frank Remembered (1995),Documentary,Documentary,"{""release_year"": 1995, ""primary_genre"": ""Documentary""}",ml-latest-small/movies.csv
ml-latest-small,117,"Young Poisoner's Handbook, The (1995)",Crime|Drama,Crime,"{""release_year"": 1995, ""primary_genre"": ""Crime""}",ml-latest-small/movies.csv
ml-latest-small,118,If Lucy Fell (1996),Comedy|Romance,Comedy,"{""release_year"": 1996, ""primary_genre"": ""Comedy""}",ml-latest-small/movies.csv
ml-latest-small,119,"Steal Big, Steal Little (1995)",Comedy,Comedy,"{""release_year"": 1995, ""primary_genre"": ""Comedy""}",ml-latest-small/movies.csv
ml-latest-small,121,"Boys of St. Vincent, The (1992)",Drama,Drama,"{""release_year"": 1992, ""primary_genre"": ""Drama""}",ml-latest-small/movies.csv
ml-latest-small,122,Boomerang (1992),Comedy|Romance,Comedy,"{""release_year"": 1992, ""primary_genre"": ""Comedy""}",ml-latest-small/movies.csv
ml-latest-small,123,Chungking Express (Chung Hing sam lam) (1994),Drama|Mystery|Romance,Drama,"{""release_year"": 1994, ""primary_genre"": ""Drama""}",ml-latest-small/movies.csv
ml-latest-small,125,Flirting With Disaster (1996),Comedy,Comedy,"{""release_year"": 1996, ""primary_genre"": ""Comedy""}",ml-latest-small/movies.csv
ml-latest-small,126,"NeverEnding Story III, The (1994)",Adventure|Children|Fantasy,Adventure,"{""release_year"": 1994, ""primary_genre"": ""Adventure""}",ml-latest-small/movies.csv
ml-latest-small,128,Jupiter's Wife (1994),Documentary,Documentary,"{""release_year"": 1994, ""primary_genre"": ""Documentary""}",ml-latest-small/movies.csv
ml-latest-small,129,Pie in the Sky (1996),Comedy|Romance,Comedy,"{""release_year"": 1996, ""primary_genre"": ""Comedy""}",ml-latest-small/movies.csv
ml-latest-small,132,Jade (1995),Thriller,Thriller,"{""release_year"": 1995, ""primary_genre"": ""Thriller""}",ml-latest-small/movies.csv
ml-latest-small,135,Down Periscope (1996),Comedy,Comedy,"{""release_year"": 1996, ""primary_genre"": ""Comedy""}",ml-latest-small/movies.csv
ml-latest-small,137,Man of the Year (1995),Documentary,Documentary,"{""release_year"": 1995, ""primary_genre"": ""Documentary""}",ml-latest-small/movies.csv
ml-latest-small,140,Up Close and Personal (1996),Drama|Romance,Drama,"{""release_year"": 1996, ""primary_genre"": ""Drama""}",ml-latest-small/movies.csv
ml-latest-small,141,"Birdcage, The (1996)",Comedy,Comedy,"{""release_year"": 1996, ""primary_genre"": ""Comedy""}",ml-latest-small/movies.csv
ml-latest-small,144,"Brothers McMullen, The (1995)",Comedy,Comedy,"{""release_year"": 1995, ""primary_genre"": ""Comedy""}",ml-latest-small/movies.csv
ml-latest-small,145,Bad Boys (1995),Action|Comedy|Crime|Drama|Thriller,Action,"{""release_year"": 1995, ""primary_genre"": ""Action""}",ml-latest-small/movies.csv
ml-latest-small,146,"Amazing Panda Adventure, The (1995)",Adventure|Children,Adventure,"{""release_year"": 1995, ""primary_genre"": ""Adventure""}",ml-latest-small/movies.csv
ml-latest-small,147,"Basketball Diaries, The (1995)",Drama,Drama,"{""release_year"": 1995, ""primary_genre"": ""Drama""}",ml-latest-small/movies.csv
ml-latest-small,148,"Awfully Big Adventure, An (1995)",Drama,Drama,"{""release_year"": 1995, ""primary_genre"": ""Drama""}",ml-latest-small/movies.csv
ml-latest-small,149,Amateur (1994),Crime|Drama|Thriller,Crime,"{""release_year"": 1994, ""primary_genre"": ""Crime""}",ml-latest-small/movies.csv
ml-latest-small,150,Apollo 13 (1995),Adventure|Drama|IMAX,Adventure,"{""release_year"": 1995, ""primary_genre"": ""Adventure""}",ml-latest-small/movies.csv
ml-latest-small,151,Rob Roy (1995),Action|Drama|Romance|War,Action,"{""release_year"": 1995, ""primary_genre"": ""Action""}",ml-latest-small/movies.csv
ml-latest-small,152,"Addiction, The (1995)",Drama|Horror,Drama,"{""release_year"": 1995, ""primary_genre"": ""Drama""}",ml-latest-small/movies.csv
ml-latest-small,153,Batman Forever (1995),Action|Adventure|Comedy|Crime,Action,"{""release_year"": 1995, ""primary_genre"": ""Action""}",ml-latest-small/movies.csv
ml-latest-small,154,Beauty of the Day (Belle de jour) (1967),Drama,Drama,"{""release_year"": 1967, ""primary_genre"": ""Drama""}",ml-latest-small/movies.csv
ml-latest-small,155,Beyond Rangoon (1995),Adventure|Drama|War,Adventure,"{""release_year"": 1995, ""primary_genre"": ""Adventure""}",ml-latest-small/movies.csv
ml-latest-small,156,Blue in the Face (1995),Comedy|Drama,Comedy,"{""release_year"": 1995, ""primary_genre"": ""Comedy""}",ml-latest-small/movies.csv
ml-latest-small,157,Canadian Bacon (1995),Comedy|War,Comedy,"{""release_year"": 1995, ""primary_genre"": ""Comedy""}",ml-latest-small/movies.csv
ml-latest-small,158,Casper (1995),Adventure|Children,Adventure,"{""release_year"": 1995, ""primary_genre"": ""Adventure""}",ml-latest-small/movies.csv
ml-latest-small,159,Clockers (1995),Crime|Drama|Mystery,Crime,"{""release_year"": 1995, ""primary_genre"": ""Crime""}",ml-latest-small/movies.csv
ml-latest-small,160,Congo (1995),Action|Adventure|Mystery|Sci-Fi,Action,"{""release_year"": 1995, ""primary_genre"": ""Action""}",ml-latest-small/movies.csv
ml-latest-small,161,Crimson Tide (1995),Drama|Thriller|War,Drama,"{""release_year"": 1995, ""primary_genre"": ""Drama""}",ml-latest-small/movies.csv
ml-latest-small,162,Crumb (1994),Documentary,Documentary,"{""release_year"": 1994, ""primary_genre"": ""Documentary""}",ml-latest-small/movies.csv
ml-latest-small,163,Desperado (1995),Action|Romance|Western,Action,"{""release_year"": 1995, ""primary_genre"": ""Action""}",ml-latest-small/movies.csv
ml-latest-small,164,Devil in a Blue Dress (1995),Crime|Film-Noir|Mystery|Thriller,Crime,"{""release_year"": 1995, ""primary_genre"": ""Crime""}",ml-latest-small/movies.csv
ml-latest-small,165,Die Hard: With a Vengeance (1995),Action|Crime|Thriller,Action,"{""release_year"": 1995, ""primary_genre"": ""Action""}",ml-latest-small/movies.csv
ml-latest-small,166,"Doom Generation, The (1995)",Comedy|Crime|Drama,Comedy,"{""release_year"": 1995, ""primary_genre"": ""Comedy""}",ml-latest-small/movies.csv
ml-latest-small,168,First Knight (1995),Action|Drama|Romance,Action,"{""release_year"": 1995, ""primary_genre"": ""Action""}",ml-latest-small/movies.csv
ml-latest-small,169,Free Willy 2: The Adventure Home (1995),Adventure|Children|Drama,Adventure,"{""release_year"": 1995, ""primary_genre"": ""Adventure""}",ml-latest-small/movies.csv
ml-latest-small,170,Hackers (1995),Action|Adventure|Crime|Thriller,Action,"{""release_year"": 1995, ""primary_genre"": ""Action""}",ml-latest-small/movies.csv
ml-latest-small,171,Jeffrey (1995),Comedy|Drama,Comedy,"{""release_year"": 1995, ""primary_genre"": ""Comedy""}",ml-latest-small/movies.csv
ml-latest-small,172,Johnny Mnemonic (1995),Action|Sci-Fi|Thriller,Action,"{""release_year"": 1995, ""primary_genre"": ""Action""}",ml-latest-small/movies.csv
ml-latest-small,173,Judge Dredd (1995),Action|Crime|Sci-Fi,Action,"{""release_year"": 1995, ""primary_genre"": ""Action""}",ml-latest-small/movies.csv
ml-latest-small,174,Jury Duty (1995),Comedy,Comedy,"{""release_year"": 1995, ""primary_genre"": ""Comedy""}",ml-latest-small/movies.csv
ml-latest-small,175,Kids (1995),Drama,Drama,"{""release_year"": 1995, ""primary_genre"": ""Drama""}",ml-latest-small/movies.csv
ml-latest-small,176,Living in Oblivion (1995),Comedy,Comedy,"{""release_year"": 1995, ""primary_genre"": ""Comedy""}",ml-latest-small/movies.csv
ml-latest-small,177,Lord of Illusions (1995),Horror,Horror,"{""release_year"": 1995, ""primary_genre"": ""Horror""}",ml-latest-small/movies.csv
ml-latest-small,178,Love & Human Remains (1993),Comedy|Drama,Comedy,"{""release_year"": 1993, ""primary_genre"": ""Comedy""}",ml-latest-small/movies.csv
ml-latest-small,179,Mad Love (1995),Drama|Romance,Drama,"{""release_year"": 1995, ""primary_genre"": ""Drama""}",ml-latest-small/movies.csv
ml-latest-small,180,Mallrats (1995),Comedy|Romance,Comedy,"{""release_year"": 1995, ""primary_genre"": ""Comedy""}",ml-latest-small/movies.csv
ml-latest-small,181,Mighty Morphin Power Rangers: The Movie (1995),Action|Children,Action,"{""release_year"": 1995, ""primary_genre"": ""Action""}",ml-latest-small/movies.csv
ml-latest-small,183,Mute Witness (1994),Comedy|Horror|Thriller,Comedy,"{""release_year"": 1994, ""primary_genre"": ""Comedy""}",ml-latest-small/movies.csv
ml-latest-small,184,Nadja (1994),Drama,Drama,"{""release_year"": 1994, ""primary_genre"": ""Drama""}",ml-latest-small/movies.csv
ml-latest-small,185,"Net, The (1995)",Action|Crime|Thriller,Action,"{""release_year"": 1995, ""primary_genre"": ""Action""}",ml-latest-small/movies.csv
ml-latest-small,186,Nine Months (1995),Comedy|Romance,Comedy,"{""release_year"": 1995, ""primary_genre"": ""Comedy""}",ml-latest-small/movies.csv
ml-latest-small,187,Party Girl (1995),Comedy,Comedy,"{""release_year"": 1995, ""primary_genre"": ""Comedy""}",ml-latest-small/movies.csv
ml-latest-small,188,"Prophecy, The (1995)",Fantasy|Horror|Mystery,Fantasy,"{""release_year"": 1995, ""primary_genre"": ""Fantasy""}",ml-latest-small/movies.csv
ml-latest-small,189,Reckless (1995),Comedy|Fantasy,Comedy,"{""release_year"": 1995, ""primary_genre"": ""Comedy""}",ml-latest-small/movies.csv
ml-latest-small,190,Safe (1995),Thriller,Thriller,"{""release_year"": 1995, ""primary_genre"": ""Thriller""}",ml-latest-small/movies.csv
ml-latest-small,191,"Scarlet Letter, The (1995)",Drama|Romance,Drama,"{""release_year"": 1995, ""primary_genre"": ""Drama""}",ml-latest-small/movies.csv
ml-latest-small,193,Showgirls (1995),Drama,Drama,"{""release_year"": 1995, ""primary_genre"": ""Drama""}",ml-latest-small/movies.csv
ml-latest-small,194,Smoke (1995),Comedy|Drama,Comedy,"{""release_year"": 1995, ""primary_genre"": ""Comedy""}",ml-latest-small/movies.csv
ml-latest-small,195,Something to Talk About (1995),Comedy|Drama|Romance,Comedy,"{""release_year"": 1995, ""primary_genre"": ""Comedy""}",ml-latest-small/movies.csv
ml-latest-small,196,Species (1995),Horror|Sci-Fi,Horror,"{""release_year"": 1995, ""primary_genre"": ""Horror""}",ml-latest-small/movies.csv
ml-latest-small,198,Strange Days (1995),Action|Crime|Drama|Mystery|Sci-Fi|Thriller,Action,"{""release_year"": 1995, ""primary_genre"": ""Action""}",ml-latest-small/movies.csv
ml-latest-small,199,"Umbrellas of Cherbourg, The (Parapluies de Cherbourg, Les) (1964)",Drama|Musical|Romance,Drama,"{""release_year"": 1964, ""primary_genre"": ""Drama""}",ml-latest-small/movies.csv
ml-latest-small,201,Three Wishes (1995),Drama|Fantasy,Drama,"{""release_year"": 1995, ""primary_genre"": ""Drama""}",ml-latest-small/movies.csv
ml-latest-small,202,Total Eclipse (1995),Drama|Romance,Drama,"{""release_year"": 1995, ""primary_genre"": ""Drama""}",ml-latest-small/movies.csv
ml-latest-small,203,"To Wong Foo, Thanks for Everything! Julie Newmar (1995)",Comedy,Comedy,"{""release_year"": 1995, ""primary_genre"": ""Comedy""}",ml-latest-small/movies.csv
ml-latest-small,204,Under Siege 2: Dark Territory (1995),Action,Action,"{""release_year"": 1995, ""primary_genre"": ""Action""}",ml-latest-small/movies.csv
ml-latest-small,205,Unstrung Heroes (1995),Comedy|Drama,Comedy,"{""release_year"": 1995, ""primary_genre"": ""Comedy""}",ml-latest-small/movies.csv
ml-latest-small,206,Unzipped (1995),Documentary,Documentary,"{""release_year"": 1995, ""primary_genre"": ""Documentary""}",ml-latest-small/movies.csv
ml-latest-small,207,"Walk in the Clouds, A (1995)",Drama|Romance,Drama,"{""release_year"": 1995, ""primary_genre"": ""Drama""}",ml-latest-small/movies.csv
ml-latest-small,208,Waterworld (1995),Action|Adventure|Sci-Fi,Action,"{""release_year"": 1995, ""primary_genre"": ""Action""}",ml-latest-small/movies.csv
ml-latest-small,209,White Man's Burden (1995),Drama,Drama,"{""release_year"": 1995, ""primary_genre"": ""Drama""}",ml-latest-small/movies.csv
ml-latest-small,210,Wild Bill (1995),Western,Western,"{""release_year"": 1995, ""primary_genre"": ""Western""}",ml-latest-small/movies.csv
ml-latest-small,211,"Browning Version, The (1994)",Drama,Drama,"{""release_year"": 1994, ""primary_genre"": ""Drama""}",ml-latest-small/movies.csv
ml-latest-small,212,Bushwhacked (1995),Adventure|Comedy|Crime|Mystery,Adventure,"{""release_year"": 1995, ""primary_genre"": ""Adventure""}",ml-latest-small/movies.csv
ml-latest-small,213,Burnt by the Sun (Utomlyonnye solntsem) (1994),Drama,Drama,"{""release_year"": 1994, ""primary_genre"": ""Drama""}",ml-latest-small/movies.csv
ml-latest-small,214,Before the Rain (Pred dozhdot) (1994),Drama|War,Drama,"{""release_year"": 1994, ""primary_genre"": ""Drama""}",ml-latest-small/movies.csv
ml-latest-small,215,Before Sunrise (1995),Drama|Romance,Drama,"{""release_year"": 1995, ""primary_genre"": ""Drama""}",ml-latest-small/movies.csv
ml-latest-small,216,Billy Madison (1995),Comedy,Comedy,"{""release_year"": 1995, ""primary_genre"": ""Comedy""}",ml-latest-small/movies.csv
ml-latest-small,217,"Babysitter, The (1995)",Drama|Thriller,Drama,"{""release_year"": 1995, ""primary_genre"": ""Drama""}",ml-latest-small/movies.csv
ml-latest-small,218,Boys on the Side (1995),Comedy|Drama,Comedy,"{""release_year"": 1995, ""primary_genre"": ""Comedy""}",ml-latest-small/movies.csv
ml-latest-small,219,"Cure, The (1995)",Drama,Drama,"{""release_year"": 1995, ""primary_genre"": ""Drama""}",ml-latest-small/movies.csv
ml-latest-small,220,Castle Freak (1995),Horror,Horror,"{""release_year"": 1995, ""primary_genre"": ""Horror""}",ml-latest-small/movies.csv
ml-latest-small,222,Circle of Friends (1995),Drama|Romance,Drama,"{""release_year"": 1995, ""primary_genre"": ""Drama""}",ml-latest-small/movies.csv
ml-latest-small,223,Clerks (1994),Comedy,Comedy,"{""release_year"": 1994, ""primary_genre"": ""Comedy""}",ml-latest-small/movies.csv
ml-latest-small,224,Don Juan DeMarco (1995),Comedy|Drama|Romance,Comedy,"{""release_year"": 1995, ""primary_genre"": ""Comedy""}",ml-latest-small/movies.csv
ml-latest-small,225,Disclosure (1994),Drama|Thriller,Drama,"{""release_year"": 1994, ""primary_genre"": ""Drama""}",ml-latest-small/movies.csv
ml-latest-small,227,Drop Zone (1994),Action|Thriller,Action,"{""release_year"": 1994, ""primary_genre"": ""Action""}",ml-latest-small/movies.csv
ml-latest-small,228,Destiny Turns on the Radio (1995),Comedy,Comedy,"{""release_year"": 1995, ""primary_genre"": ""Comedy""}",ml-latest-small/movies.csv
ml-latest-small,229,Death and the Maiden (1994),Drama|Thriller,Drama,"{""release_year"": 1994, ""primary_genre"": ""Drama""}",ml-latest-small/movies.csv
ml-latest-small,230,Dolores Claiborne (1995),Drama|Thriller,Drama,"{""release_year"": 1995, ""primary_genre"": ""Drama""}",ml-latest-small/movies.csv
ml-latest-small,231,Dumb & Dumber (Dumb and Dumber) (1994),Adventure|Comedy,Adventure,"{""release_year"": 1994, ""primary_genre"": ""Adventure""}",ml-latest-small/movies.csv
ml-latest-small,232,Eat Drink Man Woman (Yin shi nan nu) (1994),Comedy|Drama|Romance,Comedy,"{""release_year"": 1994, ""primary_genre"": ""Comedy""}",ml-latest-small/movies.csv
ml-latest-small,233,Exotica (1994),Drama,Drama,"{""release_year"": 1994, ""primary_genre"": ""Drama""}",ml-latest-small/movies.csv
ml-latest-small,234,Exit to Eden (1994),Comedy,Comedy,"{""release_year"": 1994, ""primary_genre"": ""Comedy""}",ml-latest-small/movies.csv
ml-latest-small,235,Ed Wood (1994),Comedy|Drama,Comedy,"{""release_year"": 1994, ""primary_genre"": ""Comedy""}",ml-latest-small/movies.csv
ml-latest-small,236,French Kiss (1995),Action|Comedy|Romance,Action,"{""release_year"": 1995, ""primary_genre"": ""Action""}",ml-latest-small/movies.csv
ml-latest-small,237,Forget Paris (1995),Comedy|Romance,Comedy,"{""release_year"": 1995, ""primary_genre"": ""Comedy""}",ml-latest-small/movies.csv
ml-latest-small,238,Far From Home: The Adventures of Yellow Dog (1995),Adventure|Children,Adventure,"{""release_year"": 1995, ""primary_genre"": ""Adventure""}",ml-latest-small/movies.csv
ml-latest-small,239,"Goofy Movie, A (1995)",Animation|Children|Comedy|Romance,Animation,"{""release_year"": 1995, ""primary_genre"": ""Animation""}",ml-latest-small/movies.csv
ml-latest-small,240,Hideaway (1995),Thriller,Thriller,"{""release_year"": 1995, ""primary_genre"": ""Thriller""}",ml-latest-small/movies.csv
ml-latest-small,241,Fluke (1995),Children|Drama,Children,"{""release_year"": 1995, ""primary_genre"": ""Children""}",ml-latest-small/movies.csv
ml-latest-small,242,Farinelli: il castrato (1994),Drama|Musical,Drama,"{""release_year"": 1994, ""primary_genre"": ""Drama""}",ml-latest-small/movies.csv
ml-latest-small,243,Gordy (1995),Children|Comedy|Fantasy,Children,"{""release_year"": 1995, ""primary_genre"": ""Children""}",ml-latest-small/movies.csv
ml-latest-small,246,Hoop Dreams (1994),Documentary,Documentary,"{""release_year"": 1994, ""primary_genre"": ""Documentary""}",ml-latest-small/movies.csv
ml-latest-small,247,Heavenly Creatures (1994),Crime|Drama,Crime,"{""release_year"": 1994, ""primary_genre"": ""Crime""}",ml-latest-small/movies.csv
ml-latest-small,248,Houseguest (1994),Comedy,Comedy,"{""release_year"": 1994, ""primary_genre"": ""Comedy""}",ml-latest-small/movies.csv
ml-latest-small,249,Immortal Beloved (1994),Drama|Romance,Drama,"{""release_year"": 1994, ""primary_genre"": ""Drama""}",ml-latest-small/movies.csv
ml-latest-small,250,Heavyweights (Heavy Weights) (1995),Children|Comedy,Children,"{""release_year"": 1995, ""primary_genre"": ""Children""}",ml-latest-small/movies.csv
ml-latest-small,251,"Hunted, The (1995)",Action,Action,"{""release_year"": 1995, ""primary_genre"": ""Action""}",ml-latest-small/movies.csv
ml-latest-small,252,I.Q. (1994),Comedy|Romance,Comedy,"{""release_year"": 1994, ""primary_genre"": ""Comedy""}",ml-latest-small/movies.csv
ml-latest-small,253,Interview with the Vampire: The Vampire Chronicles (1994),Drama|Horror,Drama,"{""release_year"": 1994, ""primary_genre"": ""Drama""}",ml-latest-small/movies.csv
ml-latest-small,254,Jefferson in Paris (1995),Drama,Drama,"{""release_year"": 1995, ""primary_genre"": ""Drama""}",ml-latest-small/movies.csv
ml-latest-small,255,"Jerky Boys, The (1995)",Comedy,Comedy,"{""release_year"": 1995, ""primary_genre"": ""Comedy""}",ml-latest-small/movies.csv
ml-latest-small,256,Junior (1994),Comedy|Sci-Fi,Comedy,"{""release_year"": 1994, ""primary_genre"": ""Comedy""}",ml-latest-small/movies.csv
ml-latest-small,257,Just Cause (1995),Mystery|Thriller,Mystery,"{""release_year"": 1995, ""primary_genre"": ""Mystery""}",ml-latest-small/movies.csv
ml-latest-small,258,"Kid in King Arthur's Court, A (1995)",Adventure|Children|Comedy|Fantasy|Romance,Adventure,"{""release_year"": 1995, ""primary_genre"": ""Adventure""}",ml-latest-small/movies.csv
ml-latest-small,259,Kiss of Death (1995),Crime|Drama|Thriller,Crime,"{""release_year"": 1995, ""primary_genre"": ""Crime""}",ml-latest-small/movies.csv
ml-latest-small,260,Star Wars: Episode IV - A New Hope (1977),Action|Adventure|Sci-Fi,Action,"{""release_year"": 1977, ""primary_genre"": ""Action""}",ml-latest-small/movies.csv
ml-latest-small,261,Little Women (1994),Drama,Drama,"{""release_year"": 1994, ""primary_genre"": ""Drama""}",ml-latest-small/movies.csv
ml-latest-small,262,"Little Princess, A (1995)",Children|Drama,Children,"{""release_year"": 1995, ""primary_genre"": ""Children""}",ml-latest-small/movies.csv
ml-latest-small,263,Ladybird Ladybird (1994),Drama,Drama,"{""release_year"": 1994, ""primary_genre"": ""Drama""}",ml-latest-small/movies.csv
ml-latest-small,265,Like Water for Chocolate (Como agua para chocolate) (1992),Drama|Fantasy|Romance,Drama,"{""release_year"": 1992, ""primary_genre"": ""Drama""}",ml-latest-small/movies.csv
ml-latest-small,266,Legends of the Fall (1994),Drama|Romance|War|Western,Drama,"{""release_year"": 1994, ""primary_genre"": ""Drama""}",ml-latest-small/movies.csv
ml-latest-small,267,Major Payne (1995),Comedy,Comedy,"{""release_year"": 1995, ""primary_genre"": ""Comedy""}",ml-latest-small/movies.csv
ml-latest-small,269,My Crazy Life (Mi vida loca) (1993),Drama,Drama,"{""release_year"": 1993, ""primary_genre"": ""Drama""}",ml-latest-small/movies.csv
ml-latest-small,270,Love Affair (1994),Drama|Romance,Drama,"{""release_year"": 1994, ""primary_genre"": ""Drama""}",ml-latest-small/movies.csv
ml-latest-small,271,Losing Isaiah (1995),Drama,Drama,"{""release_year"": 1995, ""primary_genre"": ""Drama""}",ml-latest-small/movies.csv
ml-latest-small,272,"Madness of King George, The (1994)",Comedy|Drama,Comedy,"{""release_year"": 1994, ""primary_genre"": ""Comedy""}",ml-latest-small/movies.csv
ml-latest-small,273,Mary Shelley's Frankenstein (Frankenstein) (1994),Drama|Horror|Sci-Fi,Drama,"{""release_year"": 1994, ""primary_genre"": ""Drama""}",ml-latest-small/movies.csv
ml-latest-small,274,Man of the House (1995),Comedy,Comedy,"{""release_year"": 1995, ""primary_genre"": ""Comedy""}",ml-latest-small/movies.csv
ml-latest-small,275,Mixed Nuts (1994),Comedy,Comedy,"{""release_year"": 1994, ""primary_genre"": ""Comedy""}",ml-latest-small/movies.csv
ml-latest-small,276,Milk Money (1994),Comedy|Romance,Comedy,"{""release_year"": 1994, ""primary_genre"": ""Comedy""}",ml-latest-small/movies.csv
ml-latest-small,277,Miracle on 34th Street (1994),Drama,Drama,"{""release_year"": 1994, ""primary_genre"": ""Drama""}",ml-latest-small/movies.csv
ml-latest-small,278,Miami Rhapsody (1995),Comedy,Comedy,"{""release_year"": 1995, ""primary_genre"": ""Comedy""}",ml-latest-small/movies.csv
ml-latest-small,279,My Family (1995),Drama,Drama,"{""release_year"": 1995, ""primary_genre"": ""Drama""}",ml-latest-small/movies.csv
ml-latest-small,280,Murder in the First (1995),Drama|Thriller,Drama,"{""release_year"": 1995, ""primary_genre"": ""Drama""}",ml-latest-small/movies.csv
ml-latest-small,281,Nobody's Fool (1994),Comedy|Drama|Romance,Comedy,"{""release_year"": 1994, ""primary_genre"": ""Comedy""}",ml-latest-small/movies.csv
ml-latest-small,282,Nell (1994),Drama,Drama,"{""release_year"": 1994, ""primary_genre"": ""Drama""}",ml-latest-small/movies.csv
ml-latest-small,283,New Jersey Drive (1995),Crime|Drama,Crime,"{""release_year"": 1995, ""primary_genre"": ""Crime""}",ml-latest-small/movies.csv
ml-latest-small,284,New York Cop (Nyû Yôku no koppu) (1993),Action|Crime,Action,"{""release_year"": 1993, ""primary_genre"": ""Action""}",ml-latest-small/movies.csv
ml-latest-small,285,Beyond Bedlam (1993),Drama|Horror,Drama,"{""release_year"": 1993, ""primary_genre"": ""Drama""}",ml-latest-small/movies.csv
ml-latest-small,287,Nina Takes a Lover (1994),Comedy|Romance,Comedy,"{""release_year"": 1994, ""primary_genre"": ""Comedy""}",ml-latest-small/movies.csv
ml-latest-small,288,Natural Born Killers (1994),Action|Crime|Thriller,Action,"{""release_year"": 1994, ""primary_genre"": ""Action""}",ml-latest-small/movies.csv
ml-latest-small,289,Only You (1994),Comedy|Romance,Comedy,"{""release_year"": 1994, ""primary_genre"": ""Comedy""}",ml-latest-small/movies.csv
ml-latest-small,290,Once Were Warriors (1994),Crime|Drama,Crime,"{""release_year"": 1994, ""primary_genre"": ""Crime""}",ml-latest-small/movies.csv
ml-latest-small,291,Poison Ivy II (1996),Drama|Thriller,Drama,"{""release_year"": 1996, ""primary_genre"": ""Drama""}",ml-latest-small/movies.csv
ml-latest-small,292,Outbreak (1995),Action|Drama|Sci-Fi|Thriller,Action,"{""release_year"": 1995, ""primary_genre"": ""Action""}",ml-latest-small/movies.csv
ml-latest-small,293,Léon: The Professional (a.k.a. The Professional) (Léon) (1994),Action|Crime|Drama|Thriller,Action,"{""release_year"": 1994, ""primary_genre"": ""Action""}",ml-latest-small/movies.csv
ml-latest-small,294,"Perez Family, The (1995)",Comedy|Romance,Comedy,"{""release_year"": 1995, ""primary_genre"": ""Comedy""}",ml-latest-small/movies.csv
ml-latest-small,295,"Pyromaniac's Love Story, A (1995)",Comedy|Romance,Comedy,"{""release_year"": 1995, ""primary_genre"": ""Comedy""}",ml-latest-small/movies.csv
ml-latest-small,296,Pulp Fiction (1994),Comedy|Crime|Drama|Thriller,Comedy,"{""release_year"": 1994, ""primary_genre"": ""Comedy""}",ml-latest-small/movies.csv
ml-latest-small,298,Pushing Hands (Tui shou) (1992),Drama,Drama,"{""release_year"": 1992, ""primary_genre"": ""Drama""}",ml-latest-small/movies.csv
ml-latest-small,299,Priest (1994),Drama,Drama,"{""release_year"": 1994, ""primary_genre"": ""Drama""}",ml-latest-small/movies.csv
ml-latest-small,300,Quiz Show (1994),Drama,Drama,"{""release_year"": 1994, ""primary_genre"": ""Drama""}",ml-latest-small/movies.csv
ml-latest-small,301,Picture Bride (Bijo photo) (1994),Drama|Romance,Drama,"{""release_year"": 1994, ""primary_genre"": ""Drama""}",ml-latest-small/movies.csv
ml-latest-small,302,"Queen Margot (Reine Margot, La) (1994)",Drama|Romance,Drama,"{""release_year"": 1994, ""primary_genre"": ""Drama""}",ml-latest-small/movies.csv
ml-latest-small,303,"Quick and the Dead, The (1995)",Action|Thriller|Western,Action,"{""release_year"": 1995, ""primary_genre"": ""Action""}",ml-latest-small/movies.csv
ml-latest-small,304,Roommates (1995),Comedy|Drama,Comedy,"{""release_year"": 1995, ""primary_genre"": ""Comedy""}",ml-latest-small/movies.csv
ml-latest-small,305,Ready to Wear (Pret-A-Porter) (1994),Comedy,Comedy,"{""release_year"": 1994, ""primary_genre"": ""Comedy""}",ml-latest-small/movies.csv
ml-latest-small,306,Three Colors: Red (Trois couleurs: Rouge) (1994),Drama,Drama,"{""release_year"": 1994, ""primary_genre"": ""Drama""}",ml-latest-small/movies.csv
ml-latest-small,307,Three Colors: Blue (Trois couleurs: Bleu) (1993),Drama,Drama,"{""release_year"": 1993, ""primary_genre"": ""Drama""}",ml-latest-small/movies.csv
ml-latest-small,308,Three Colors: White (Trzy kolory: Bialy) (1994),Comedy|Drama,Comedy,"{""release_year"": 1994, ""primary_genre"": ""Comedy""}",ml-latest-small/movies.csv
ml-latest-small,310,Rent-a-Kid (1995),Comedy,Comedy,"{""release_year"": 1995, ""primary_genre"": ""Comedy""}",ml-latest-small/movies.csv
ml-latest-small,311,Relative Fear (1994),Horror|Thriller,Horror,"{""release_year"": 1994, ""primary_genre"": ""Horror""}",ml-latest-small/movies.csv
ml-latest-small,312,Stuart Saves His Family (1995),Comedy,Comedy,"{""release_year"": 1995, ""primary_genre"": ""Comedy""}",ml-latest-small/movies.csv
ml-latest-small,313,"Swan Princess, The (1994)",Animation|Children,Animation,"{""release_year"": 1994, ""primary_genre"": ""Animation""}",ml-latest-small/movies.csv
ml-latest-small,314,"Secret of Roan Inish, The (1994)",Children|Drama|Fantasy|Mystery,Children,"{""release_year"": 1994, ""primary_genre"": ""Children""}",ml-latest-small/movies.csv
ml-latest-small,315,"Specialist, The (1994)",Action|Drama|Thriller,Action,"{""release_year"": 1994, ""primary_genre"": ""Action""}",ml-latest-small/movies.csv
ml-latest-small,316,Stargate (1994),Action|Adventure|Sci-Fi,Action,"{""release_year"": 1994, ""primary_genre"": ""Action""}",ml-latest-small/movies.csv
ml-latest-small,317,"Santa Clause, The (1994)",Comedy|Drama|Fantasy,Comedy,"{""release_year"": 1994, ""primary_genre"": ""Comedy""}",ml-latest-small/movies.csv
ml-latest-small,318,"Shawshank Redemption, The (1994)",Crime|Drama,Crime,"{""release_year"": 1994, ""primary_genre"": ""Crime""}",ml-latest-small/movies.csv
ml-latest-small,319,Shallow Grave (1994),Comedy|Drama|Thriller,Comedy,"{""release_year"": 1994, ""primary_genre"": ""Comedy""}",ml-latest-small/movies.csv
ml-latest-small,320,Suture (1993),Film-Noir|Thriller,Film-Noir,"{""release_year"": 1993, ""primary_genre"": ""Film-Noir""}",ml-latest-small/movies.csv
ml-latest-small,321,Strawberry and Chocolate (Fresa y chocolate) (1993),Drama,Drama,"{""release_year"": 1993, ""primary_genre"": ""Drama""}",ml-latest-small/movies.csv
ml-latest-small,322,Swimming with Sharks (1995),Comedy|Drama,Comedy,"{""release_year"": 1995, ""primary_genre"": ""Comedy""}",ml-latest-small/movies.csv
ml-latest-small,324,"Sum of Us, The (1994)",Comedy|Drama,Comedy,"{""release_year"": 1994, ""primary_genre"": ""Comedy""}",ml-latest-small/movies.csv
ml-latest-small,325,National Lampoon's Senior Trip (1995),Comedy,Comedy,"{""release_year"": 1995, ""primary_genre"": ""Comedy""}",ml-latest-small/movies.csv
ml-latest-small,326,To Live (Huozhe) (1994),Drama,Drama,"{""release_year"": 1994, ""primary_genre"": ""Drama""}",ml-latest-small/movies.csv
ml-latest-small,327,Tank Girl (1995),Action|Comedy|Sci-Fi,Action,"{""release_year"": 1995, ""primary_genre"": ""Action""}",ml-latest-small/movies.csv
ml-latest-small,328,Tales from the Crypt Presents: Demon Knight (1995),Horror|Thriller,Horror,"{""release_year"": 1995, ""primary_genre"": ""Horror""}",ml-latest-small/movies.csv
ml-latest-small,329,Star Trek: Generations (1994),Adventure|Drama|Sci-Fi,Adventure,"{""release_year"": 1994, ""primary_genre"": ""Adventure""}",ml-latest-small/movies.csv
ml-latest-small,330,Tales from the Hood (1995),Action|Crime|Horror,Action,"{""release_year"": 1995, ""primary_genre"": ""Action""}",ml-latest-small/movies.csv
ml-latest-small,331,Tom & Viv (1994),Drama,Drama,"{""release_year"": 1994, ""primary_genre"": ""Drama""}",ml-latest-small/movies.csv
ml-latest-small,332,Village of the Damned (1995),Horror|Sci-Fi,Horror,"{""release_year"": 1995, ""primary_genre"": ""Horror""}",ml-latest-small/movies.csv
ml-latest-small,333,Tommy Boy (1995),Comedy,Comedy,"{""release_year"": 1995, ""primary_genre"": ""Comedy""}",ml-latest-small/movies.csv
ml-latest-small,334,Vanya on 42nd Street (1994),Drama,Drama,"{""release_year"": 1994, ""primary_genre"": ""Drama""}",ml-latest-small/movies.csv
ml-latest-small,335,Underneath (1995),Mystery|Thriller,Mystery,"{""release_year"": 1995, ""primary_genre"": ""Mystery""}",ml-latest-small/movies.csv
ml-latest-small,336,"Walking Dead, The (1995)",Drama|War,Drama,"{""release_year"": 1995, ""primary_genre"": ""Drama""}",ml-latest-small/movies.csv
ml-latest-small,337,What's Eating Gilbert Grape (1993),Drama,Drama,"{""release_year"": 1993, ""primary_genre"": ""Drama""}",ml-latest-small/movies.csv
ml-latest-small,338,Virtuosity (1995),Action|Sci-Fi|Thriller,Action,"{""release_year"": 1995, ""primary_genre"": ""Action""}",ml-latest-small/movies.csv
ml-latest-small,339,While You Were Sleeping (1995),Comedy|Romance,Comedy,"{""release_year"": 1995, ""primary_genre"": ""Comedy""}",ml-latest-small/movies.csv
ml-latest-small,340,"War, The (1994)",Adventure|Drama|War,Adventure,"{""release_year"": 1994, ""primary_genre"": ""Adventure""}",ml-latest-small/movies.csv
ml-latest-small,341,Double Happiness (1994),Drama,Drama,"{""release_year"": 1994, ""primary_genre"": ""Drama""}",ml-latest-small/movies.csv
ml-latest-small,342,Muriel's Wedding (1994),Comedy,Comedy,"{""release_year"": 1994, ""primary_genre"": ""Comedy""}",ml-latest-small/movies.csv
ml-latest-small,343,"Baby-Sitters Club, The (1995)",Children,Children,"{""release_year"": 1995, ""primary_genre"": ""Children""}",ml-latest-small/movies.csv
ml-latest-small,344,Ace Ventura: Pet Detective (1994),Comedy,Comedy,"{""release_year"": 1994, ""primary_genre"": ""Comedy""}",ml-latest-small/movies.csv
ml-latest-small,345,"Adventures of Priscilla, Queen of the Desert, The (1994)",Comedy|Drama,Comedy,"{""release_year"": 1994, ""primary_genre"": ""Comedy""}",ml-latest-small/movies.csv
ml-latest-small,346,Backbeat (1993),Drama|Musical,Drama,"{""release_year"": 1993, ""primary_genre"": ""Drama""}",ml-latest-small/movies.csv
ml-latest-small,347,Bitter Moon (1992),Drama|Film-Noir|Romance,Drama,"{""release_year"": 1992, ""primary_genre"": ""Drama""}",ml-latest-small/movies.csv
ml-latest-small,348,Bullets Over Broadway (1994),Comedy,Comedy,"{""release_year"": 1994, ""primary_genre"": ""Comedy""}",ml-latest-small/movies.csv
ml-latest-small,349,Clear and Present Danger (1994),Action|Crime|Drama|Thriller,Action,"{""release_year"": 1994, ""primary_genre"": ""Action""}",ml-latest-small/movies.csv
ml-latest-small,350,"Client, The (1994)",Drama|Mystery|Thriller,Drama,"{""release_year"": 1994, ""primary_genre"": ""Drama""}",ml-latest-small/movies.csv
ml-latest-small,351,"Corrina, Corrina (1994)",Comedy|Drama|Romance,Comedy,"{""release_year"": 1994, ""primary_genre"": ""Comedy""}",ml-latest-small/movies.csv
ml-latest-small,352,Crooklyn (1994),Comedy|Drama,Comedy,"{""release_year"": 1994, ""primary_genre"": ""Comedy""}",ml-latest-small/movies.csv
ml-latest-small,353,"Crow, The (1994)",Action|Crime|Fantasy|Thriller,Action,"{""release_year"": 1994, ""primary_genre"": ""Action""}",ml-latest-small/movies.csv
ml-latest-small,354,Cobb (1994),Drama,Drama,"{""release_year"": 1994, ""primary_genre"": ""Drama""}",ml-latest-small/movies.csv
ml-latest-small,355,"Flintstones, The (1994)",Children|Comedy|Fantasy,Children,"{""release_year"": 1994, ""primary_genre"": ""Children""}",ml-latest-small/movies.csv
ml-latest-small,356,Forrest Gump (1994),Comedy|Drama|Romance|War,Comedy,"{""release_year"": 1994, ""primary_genre"": ""Comedy""}",ml-latest-small/movies.csv
ml-latest-small,357,Four Weddings and a Funeral (1994),Comedy|Romance,Comedy,"{""release_year"": 1994, ""primary_genre"": ""Comedy""}",ml-latest-small/movies.csv
ml-latest-small,358,Higher Learning (1995),Drama,Drama,"{""release_year"": 1995, ""primary_genre"": ""Drama""}",ml-latest-small/movies.csv
ml-latest-small,359,I Like It Like That (1994),Comedy|Drama|Romance,Comedy,"{""release_year"": 1994, ""primary_genre"": ""Comedy""}",ml-latest-small/movies.csv
ml-latest-small,360,I Love Trouble (1994),Action|Comedy,Action,"{""release_year"": 1994, ""primary_genre"": ""Action""}",ml-latest-small/movies.csv
ml-latest-small,361,It Could Happen to You (1994),Comedy|Drama|Romance,Comedy,"{""release_year"": 1994, ""primary_genre"": ""Comedy""}",ml-latest-small/movies.csv
ml-latest-small,362,"Jungle Book, The (1994)",Adventure|Children|Romance,Adventure,"{""release_year"": 1994, ""primary_genre"": ""Adventure""}",ml-latest-small/movies.csv
ml-latest-small,363,"Wonderful, Horrible Life of Leni Riefenstahl, The (Macht der Bilder: Leni Riefenstahl, Die) (1993)",Documentary,Documentary,"{""release_year"": 1993, ""primary_genre"": ""Documentary""}",ml-latest-small/movies.csv
ml-latest-small,364,"Lion King, The (1994)",Adventure|Animation|Children|Drama|Musical|IMAX,Adventure,"{""release_year"": 1994, ""primary_genre"": ""Adventure""}",ml-latest-small/movies.csv
ml-latest-small,365,Little Buddha (1993),Drama,Drama,"{""release_year"": 1993, ""primary_genre"": ""Drama""}",ml-latest-small/movies.csv
ml-latest-small,366,"Wes Craven's New Nightmare (Nightmare on Elm Street Part 7: Freddy's Finale, A) (1994)",Drama|Horror|Mystery|Thriller,Drama,"{""release_year"": 1994, ""primary_genre"": ""Drama""}",ml-latest-small/movies.csv
ml-latest-small,367,"Mask, The (1994)",Action|Comedy|Crime|Fantasy,Action,"{""release_year"": 1994, ""primary_genre"": ""Action""}",ml-latest-small/movies.csv
ml-latest-small,368,Maverick (1994),Adventure|Comedy|Western,Adventure,"{""release_year"": 1994, ""primary_genre"": ""Adventure""}",ml-latest-small/movies.csv
ml-latest-small,369,Mrs. Parker and the Vicious Circle (1994),Drama,Drama,"{""release_year"": 1994, ""primary_genre"": ""Drama""}",ml-latest-small/movies.csv
ml-latest-small,370,Naked Gun 33 1/3: The Final Insult (1994),Action|Comedy,Action,"{""release_year"": 1994, ""primary_genre"": ""Action""}",ml-latest-small/movies.csv
ml-latest-small,371,"Paper, The (1994)",Comedy|Drama,Comedy,"{""release_year"": 1994, ""primary_genre"": ""Comedy""}",ml-latest-small/movies.csv
ml-latest-small,372,Reality Bites (1994),Comedy|Drama|Romance,Comedy,"{""release_year"": 1994, ""primary_genre"": ""Comedy""}",ml-latest-small/movies.csv
ml-latest-small,373,Red Rock West (1992),Thriller,Thriller,"{""release_year"": 1992, ""primary_genre"": ""Thriller""}",ml-latest-small/movies.csv
ml-latest-small,374,Richie Rich (1994),Children|Comedy,Children,"{""release_year"": 1994, ""primary_genre"": ""Children""}",ml-latest-small/movies.csv
ml-latest-small,376,"River Wild, The (1994)",Action|Thriller,Action,"{""release_year"": 1994, ""primary_genre"": ""Action""}",ml-latest-small/movies.csv
ml-latest-small,377,Speed (1994),Action|Romance|Thriller,Action,"{""release_year"": 1994, ""primary_genre"": ""Action""}",ml-latest-small/movies.csv
ml-latest-small,378,Speechless (1994),Comedy|Romance,Comedy,"{""release_year"": 1994, ""primary_genre"": ""Comedy""}",ml-latest-small/movies.csv
ml-latest-small,379,Timecop (1994),Action|Sci-Fi|Thriller,Action,"{""release_year"": 1994, ""primary_genre"": ""Action""}",ml-latest-small/movies.csv
ml-latest-small,380,True Lies (1994),Action|Adventure|Comedy|Romance|Thriller,Action,"{""release_year"": 1994, ""primary_genre"": ""Action""}",ml-latest-small/movies.csv
ml-latest-small,381,When a Man Loves a Woman (1994),Drama|Romance,Drama,"{""release_year"": 1994, ""primary_genre"": ""Drama""}",ml-latest-small/movies.csv
ml-latest-small,382,Wolf (1994),Drama|Horror|Romance|Thriller,Drama,"{""release_year"": 1994, ""primary_genre"": ""Drama""}",ml-latest-small/movies.csv
ml-latest-small,383,Wyatt Earp (1994),Western,Western,"{""release_year"": 1994, ""primary_genre"": ""Western""}",ml-latest-small/movies.csv
ml-latest-small,384,Bad Company (1995),Action|Crime|Drama,Action,"{""release_year"": 1995, ""primary_genre"": ""Action""}",ml-latest-small/movies.csv
ml-latest-small,385,"Man of No Importance, A (1994)",Drama,Drama,"{""release_year"": 1994, ""primary_genre"": ""Drama""}",ml-latest-small/movies.csv
ml-latest-small,386,S.F.W. (1994),Drama,Drama,"{""release_year"": 1994, ""primary_genre"": ""Drama""}",ml-latest-small/movies.csv
ml-latest-small,387,"Low Down Dirty Shame, A (1994)",Action|Comedy,Action,"{""release_year"": 1994, ""primary_genre"": ""Action""}",ml-latest-small/movies.csv
ml-latest-small,388,Boys Life (1995),Drama,Drama,"{""release_year"": 1995, ""primary_genre"": ""Drama""}",ml-latest-small/movies.csv
ml-latest-small,389,"Colonel Chabert, Le (1994)",Drama|Romance|War,Drama,"{""release_year"": 1994, ""primary_genre"": ""Drama""}",ml-latest-small/movies.csv
ml-latest-small,390,Faster Pussycat! Kill! Kill! (1965),Action|Crime|Drama,Action,"{""release_year"": 1965, ""primary_genre"": ""Action""}",ml-latest-small/movies.csv
ml-latest-small,391,Jason's Lyric (1994),Crime|Drama,Crime,"{""release_year"": 1994, ""primary_genre"": ""Crime""}",ml-latest-small/movies.csv
ml-latest-small,393,Street Fighter (1994),Action|Adventure|Fantasy,Action,"{""release_year"": 1994, ""primary_genre"": ""Action""}",ml-latest-small/movies.csv
ml-latest-small,405,Highlander III: The Sorcerer (a.k.a. Highlander: The Final Dimension) (1994),Action|Fantasy,Action,"{""release_year"": 1994, ""primary_genre"": ""Action""}",ml-latest-small/movies.csv
ml-latest-small,406,Federal Hill (1994),Drama,Drama,"{""release_year"": 1994, ""primary_genre"": ""Drama""}",ml-latest-small/movies.csv
ml-latest-small,407,In the Mouth of Madness (1995),Horror|Thriller,Horror,"{""release_year"": 1995, ""primary_genre"": ""Horror""}",ml-latest-small/movies.csv
ml-latest-small,408,8 Seconds (1994),Drama,Drama,"{""release_year"": 1994, ""primary_genre"": ""Drama""}",ml-latest-small/movies.csv
ml-latest-small,409,Above the Rim (1994),Crime|Drama,Crime,"{""release_year"": 1994, ""primary_genre"": ""Crime""}",ml-latest-small/movies.csv
ml-latest-small,410,Addams Family Values (1993),Children|Comedy|Fantasy,Children,"{""release_year"": 1993, ""primary_genre"": ""Children""}",ml-latest-small/movies.csv
ml-latest-small,412,"Age of Innocence, The (1993)",Drama,Drama,"{""release_year"": 1993, ""primary_genre"": ""Drama""}",ml-latest-small/movies.csv
ml-latest-small,413,Airheads (1994),Comedy,Comedy,"{""release_year"": 1994, ""primary_genre"": ""Comedy""}",ml-latest-small/movies.csv
ml-latest-small,414,"Air Up There, The (1994)",Comedy,Comedy,"{""release_year"": 1994, ""primary_genre"": ""Comedy""}",ml-latest-small/movies.csv
ml-latest-small,415,Another Stakeout (1993),Comedy|Thriller,Comedy,"{""release_year"": 1993, ""primary_genre"": ""Comedy""}",ml-latest-small/movies.csv
ml-latest-small,416,Bad Girls (1994),Western,Western,"{""release_year"": 1994, ""primary_genre"": ""Western""}",ml-latest-small/movies.csv
ml-latest-small,417,Barcelona (1994),Comedy|Romance,Comedy,"{""release_year"": 1994, ""primary_genre"": ""Comedy""}",ml-latest-small/movies.csv
ml-latest-small,418,Being Human (1993),Drama,Drama,"{""release_year"": 1993, ""primary_genre"": ""Drama""}",ml-latest-small/movies.csv
ml-latest-small,419,"Beverly Hillbillies, The (1993)",Comedy,Comedy,"{""release_year"": 1993, ""primary_genre"": ""Comedy""}",ml-latest-small/movies.csv
ml-latest-small,420,Beverly Hills Cop III (1994),Action|Comedy|Crime|Thriller,Action,"{""release_year"": 1994, ""primary_genre"": ""Action""}",ml-latest-small/movies.csv
ml-latest-small,421,Black Beauty (1994),Adventure|Children|Drama,Adventure,"{""release_year"": 1994, ""primary_genre"": ""Adventure""}",ml-latest-small/movies.csv
ml-latest-small,422,Blink (1994),Thriller,Thriller,"{""release_year"": 1994, ""primary_genre"": ""Thriller""}",ml-latest-small/movies.csv
ml-latest-small,423,Blown Away (1994),Action|Thriller,Action,"{""release_year"": 1994, ""primary_genre"": ""Action""}",ml-latest-small/movies.csv
ml-latest-small,424,Blue Chips (1994),Drama,Drama,"{""release_year"": 1994, ""primary_genre"": ""Drama""}",ml-latest-small/movies.csv
ml-latest-small,425,Blue Sky (1994),Drama|Romance,Drama,"{""release_year"": 1994, ""primary_genre"": ""Drama""}",ml-latest-small/movies.csv
ml-latest-small,426,Body Snatchers (1993),Horror|Sci-Fi|Thriller,Horror,"{""release_year"": 1993, ""primary_genre"": ""Horror""}",ml-latest-small/movies.csv
ml-latest-small,427,Boxing Helena (1993),Drama|Mystery|Romance|Thriller,Drama,"{""release_year"": 1993, ""primary_genre"": ""Drama""}",ml-latest-small/movies.csv
ml-latest-small,428,"Bronx Tale, A (1993)",Drama,Drama,"{""release_year"": 1993, ""primary_genre"": ""Drama""}",ml-latest-small/movies.csv
ml-latest-small,429,Cabin Boy (1994),Comedy,Comedy,"{""release_year"": 1994, ""primary_genre"": ""Comedy""}",ml-latest-small/movies.csv
ml-latest-small,430,Calendar Girl (1993),Comedy|Drama,Comedy,"{""release_year"": 1993, ""primary_genre"": ""Comedy""}",ml-latest-small/movies.csv
ml-latest-small,431,Carlito's Way (1993),Crime|Drama,Crime,"{""release_year"": 1993, ""primary_genre"": ""Crime""}",ml-latest-small/movies.csv
ml-latest-small,432,City Slickers II: The Legend of Curly's Gold (1994),Adventure|Comedy|Western,Adventure,"{""release_year"": 1994, ""primary_genre"": ""Adventure""}",ml-latest-small/movies.csv
ml-latest-small,433,Clean Slate (1994),Comedy,Comedy,"{""release_year"": 1994, ""primary_genre"": ""Comedy""}",ml-latest-small/movies.csv
ml-latest-small,434,Cliffhanger (1993),Action|Adventure|Thriller,Action,"{""release_year"": 1993, ""primary_genre"": ""Action""}",ml-latest-small/movies.csv
ml-latest-small,435,Coneheads (1993),Comedy|Sci-Fi,Comedy,"{""release_year"": 1993, ""primary_genre"": ""Comedy""}",ml-latest-small/movies.csv
ml-latest-small,436,Color of Night (1994),Drama|Thriller,Drama,"{""release_year"": 1994, ""primary_genre"": ""Drama""}",ml-latest-small/movies.csv
ml-latest-small,437,Cops and Robbersons (1994),Comedy,Comedy,"{""release_year"": 1994, ""primary_genre"": ""Comedy""}",ml-latest-small/movies.csv
ml-latest-small,438,"Cowboy Way, The (1994)",Action|Comedy|Drama,Action,"{""release_year"": 1994, ""primary_genre"": ""Action""}",ml-latest-small/movies.csv
ml-latest-small,440,Dave (1993),Comedy|Romance,Comedy,"{""release_year"": 1993, ""primary_genre"": ""Comedy""}",ml-latest-small/movies.csv
ml-latest-small,441,Dazed and Confused (1993),Comedy,Comedy,"{""release_year"": 1993, ""primary_genre"": ""Comedy""}",ml-latest-small/movies.csv
ml-latest-small,442,Demolition Man (1993),Action|Adventure|Sci-Fi,Action,"{""release_year"": 1993, ""primary_genre"": ""Action""}",ml-latest-small/movies.csv
ml-latest-small,444,Even Cowgirls Get the Blues (1993),Comedy|Romance,Comedy,"{""release_year"": 1993, ""primary_genre"": ""Comedy""}",ml-latest-small/movies.csv
ml-latest-small,445,Fatal Instinct (1993),Comedy,Comedy,"{""release_year"": 1993, ""primary_genre"": ""Comedy""}",ml-latest-small/movies.csv
ml-latest-small,446,Farewell My Concubine (Ba wang bie ji) (1993),Drama|Romance,Drama,"{""release_year"": 1993, ""primary_genre"": ""Drama""}",ml-latest-small/movies.csv
ml-latest-small,448,Fearless (1993),Drama,Drama,"{""release_year"": 1993, ""primary_genre"": ""Drama""}",ml-latest-small/movies.csv
ml-latest-small,449,Fear of a Black Hat (1994),Comedy,Comedy,"{""release_year"": 1994, ""primary_genre"": ""Comedy""}",ml-latest-small/movies.csv
ml-latest-small,450,With Honors (1994),Comedy|Drama,Comedy,"{""release_year"": 1994, ""primary_genre"": ""Comedy""}",ml-latest-small/movies.csv
ml-latest-small,451,Flesh and Bone (1993),Drama|Mystery|Romance,Drama,"{""release_year"": 1993, ""primary_genre"": ""Drama""}",ml-latest-small/movies.csv
ml-latest-small,452,Widows' Peak (1994),Drama,Drama,"{""release_year"": 1994, ""primary_genre"": ""Drama""}",ml-latest-small/movies.csv
ml-latest-small,453,For Love or Money (1993),Comedy|Romance,Comedy,"{""release_year"": 1993, ""primary_genre"": ""Comedy""}",ml-latest-small/movies.csv
ml-latest-small,454,"Firm, The (1993)",Drama|Thriller,Drama,"{""release_year"": 1993, ""primary_genre"": ""Drama""}",ml-latest-small/movies.csv
ml-latest-small,455,Free Willy (1993),Adventure|Children|Drama,Adventure,"{""release_year"": 1993, ""primary_genre"": ""Adventure""}",ml-latest-small/movies.csv
ml-latest-small,456,Fresh (1994),Crime|Drama|Thriller,Crime,"{""release_year"": 1994, ""primary_genre"": ""Crime""}",ml-latest-small/movies.csv
ml-latest-small,457,"Fugitive, The (1993)",Thriller,Thriller,"{""release_year"": 1993, ""primary_genre"": ""Thriller""}",ml-latest-small/movies.csv
ml-latest-small,458,Geronimo: An American Legend (1993),Drama|Western,Drama,"{""release_year"": 1993, ""primary_genre"": ""Drama""}",ml-latest-small/movies.csv
ml-latest-small,459,"Getaway, The (1994)",Action|Adventure|Crime|Drama|Romance|Thriller,Action,"{""release_year"": 1994, ""primary_genre"": ""Action""}",ml-latest-small/movies.csv
ml-latest-small,460,Getting Even with Dad (1994),Comedy,Comedy,"{""release_year"": 1994, ""primary_genre"": ""Comedy""}",ml-latest-small/movies.csv
ml-latest-small,461,Go Fish (1994),Drama|Romance,Drama,"{""release_year"": 1994, ""primary_genre"": ""Drama""}",ml-latest-small/movies.csv
ml-latest-small,464,Hard Target (1993),Action|Adventure|Crime|Thriller,Action,"{""release_year"": 1993, ""primary_genre"": ""Action""}",ml-latest-small/movies.csv
ml-latest-small,466,Hot Shots! Part Deux (1993),Action|Comedy|War,Action,"{""release_year"": 1993, ""primary_genre"": ""Action""}",ml-latest-small/movies.csv
ml-latest-small,467,Live Nude Girls (1995),Comedy,Comedy,"{""release_year"": 1995, ""primary_genre"": ""Comedy""}",ml-latest-small/movies.csv
ml-latest-small,468,"Englishman Who Went Up a Hill But Came Down a Mountain, The (1995)",Comedy|Romance,Comedy,"{""release_year"": 1995, ""primary_genre"": ""Comedy""}",ml-latest-small/movies.csv
ml-latest-small,469,"House of the Spirits, The (1993)",Drama|Romance,Drama,"{""release_year"": 1993, ""primary_genre"": ""Drama""}",ml-latest-small/movies.csv
ml-latest-small,470,House Party 3 (1994),Comedy,Comedy,"{""release_year"": 1994, ""primary_genre"": ""Comedy""}",ml-latest-small/movies.csv
ml-latest-small,471,"Hudsucker Proxy, The (1994)",Comedy,Comedy,"{""release_year"": 1994, ""primary_genre"": ""Comedy""}",ml-latest-small/movies.csv
ml-latest-small,472,I'll Do Anything (1994),Comedy|Drama,Comedy,"{""release_year"": 1994, ""primary_genre"": ""Comedy""}",ml-latest-small/movies.csv
ml-latest-small,473,In the Army Now (1994),Comedy|War,Comedy,"{""release_year"": 1994, ""primary_genre"": ""Comedy""}",ml-latest-small/movies.csv
ml-latest-small,474,In the Line of Fire (1993),Action|Thriller,Action,"{""release_year"": 1993, ""primary_genre"": ""Action""}",ml-latest-small/movies.csv
ml-latest-small,475,In the Name of the Father (1993),Drama,Drama,"{""release_year"": 1993, ""primary_genre"": ""Drama""}",ml-latest-small/movies.csv
ml-latest-small,476,"Inkwell, The (1994)",Comedy|Drama,Comedy,"{""release_year"": 1994, ""primary_genre"": ""Comedy""}",ml-latest-small/movies.csv
ml-latest-small,477,What's Love Got to Do with It? (1993),Drama|Musical,Drama,"{""release_year"": 1993, ""primary_genre"": ""Drama""}",ml-latest-small/movies.csv
ml-latest-small,478,Jimmy Hollywood (1994),Comedy|Crime|Drama,Comedy,"{""release_year"": 1994, ""primary_genre"": ""Comedy""}",ml-latest-small/movies.csv
ml-latest-small,479,Judgment Night (1993),Action|Crime|Thriller,Action,"{""release_year"": 1993, ""primary_genre"": ""Action""}",ml-latest-small/movies.csv
ml-latest-small,480,Jurassic Park (1993),Action|Adventure|Sci-Fi|Thriller,Action,"{""release_year"": 1993, ""primary_genre"": ""Action""}",ml-latest-small/movies.csv
ml-latest-small,481,Kalifornia (1993),Drama|Thriller,Drama,"{""release_year"": 1993, ""primary_genre"": ""Drama""}",ml-latest-small/movies.csv
ml-latest-small,482,Killing Zoe (1994),Crime|Drama|Thriller,Crime,"{""release_year"": 1994, ""primary_genre"": ""Crime""}",ml-latest-small/movies.csv
ml-latest-small,484,Lassie (1994),Adventure|Children,Adventure,"{""release_year"": 1994, ""primary_genre"": ""Adventure""}",ml-latest-small/movies.csv
ml-latest-small,485,Last Action Hero (1993),Action|Adventure|Comedy|Fantasy,Action,"{""release_year"": 1993, ""primary_genre"": ""Action""}",ml-latest-small/movies.csv
ml-latest-small,486,Life with Mikey (1993),Comedy,Comedy,"{""release_year"": 1993, ""primary_genre"": ""Comedy""}",ml-latest-small/movies.csv
ml-latest-small,487,Lightning Jack (1994),Comedy|Western,Comedy,"{""release_year"": 1994, ""primary_genre"": ""Comedy""}",ml-latest-small/movies.csv
ml-latest-small,488,M. Butterfly (1993),Drama|Romance,Drama,"{""release_year"": 1993, ""primary_genre"": ""Drama""}",ml-latest-small/movies.csv
ml-latest-small,489,Made in America (1993),Comedy,Comedy,"{""release_year"": 1993, ""primary_genre"": ""Comedy""}",ml-latest-small/movies.csv
ml-latest-small,490,Malice (1993),Thriller,Thriller,"{""release_year"": 1993, ""primary_genre"": ""Thriller""}",ml-latest-small/movies.csv
ml-latest-small,491,"Man Without a Face, The (1993)",Drama,Drama,"{""release_year"": 1993, ""primary_genre"": ""Drama""}",ml-latest-small/movies.csv
ml-latest-small,492,Manhattan Murder Mystery (1993),Comedy|Mystery,Comedy,"{""release_year"": 1993, ""primary_genre"": ""Comedy""}",ml-latest-small/movies.csv
ml-latest-small,493,Menace II Society (1993),Action|Crime|Drama,Action,"{""release_year"": 1993, ""primary_genre"": ""Action""}",ml-latest-small/movies.csv
ml-latest-small,494,Executive Decision (1996),Action|Adventure|Thriller,Action,"{""release_year"": 1996, ""primary_genre"": ""Action""}",ml-latest-small/movies.csv
ml-latest-small,495,In the Realm of the Senses (Ai no corrida) (1976),Drama,Drama,"{""release_year"": 1976, ""primary_genre"": ""Drama""}",ml-latest-small/movies.csv
ml-latest-small,496,What Happened Was... (1994),Comedy|Drama|Romance|Thriller,Comedy,"{""release_year"": 1994, ""primary_genre"": ""Comedy""}",ml-latest-small/movies.csv
ml-latest-small,497,Much Ado About Nothing (1993),Comedy|Romance,Comedy,"{""release_year"": 1993, ""primary_genre"": ""Comedy""}",ml-latest-small/movies.csv
ml-latest-small,499,Mr. Wonderful (1993),Comedy|Romance,Comedy,"{""release_year"": 1993, ""primary_genre"": ""Comedy""}",ml-latest-small/movies.csv
ml-latest-small,500,Mrs. Doubtfire (1993),Comedy|Drama,Comedy,"{""release_year"": 1993, ""primary_genre"": ""Comedy""}",ml-latest-small/movies.csv
ml-latest-small,501,Naked (1993),Drama,Drama,"{""release_year"": 1993, ""primary_genre"": ""Drama""}",ml-latest-small/movies.csv
ml-latest-small,502,"Next Karate Kid, The (1994)",Action|Children|Romance,Action,"{""release_year"": 1994, ""primary_genre"": ""Action""}",ml-latest-small/movies.csv
ml-latest-small,504,No Escape (1994),Action|Drama|Sci-Fi,Action,"{""release_year"": 1994, ""primary_genre"": ""Action""}",ml-latest-small/movies.csv
ml-latest-small,505,North (1994),Comedy,Comedy,"{""release_year"": 1994, ""primary_genre"": ""Comedy""}",ml-latest-small/movies.csv
ml-latest-small,506,Orlando (1992),Drama|Fantasy|Romance,Drama,"{""release_year"": 1992, ""primary_genre"": ""Drama""}",ml-latest-small/movies.csv
ml-latest-small,507,"Perfect World, A (1993)",Crime|Drama|Thriller,Crime,"{""release_year"": 1993, ""primary_genre"": ""Crime""}",ml-latest-small/movies.csv
ml-latest-small,508,Philadelphia (1993),Drama,Drama,"{""release_year"": 1993, ""primary_genre"": ""Drama""}",ml-latest-small/movies.csv
ml-latest-small,509,"Piano, The (1993)",Drama|Romance,Drama,"{""release_year"": 1993, ""primary_genre"": ""Drama""}",ml-latest-small/movies.csv
ml-latest-small,510,Poetic Justice (1993),Drama,Drama,"{""release_year"": 1993, ""primary_genre"": ""Drama""}",ml-latest-small/movies.csv
ml-latest-small,511,"Program, The (1993)",Action|Drama,Action,"{""release_year"": 1993, ""primary_genre"": ""Action""}",ml-latest-small/movies.csv
ml-latest-small,512,"Puppet Masters, The (1994)",Horror|Sci-Fi,Horror,"{""release_year"": 1994, ""primary_genre"": ""Horror""}",ml-latest-small/movies.csv
ml-latest-small,513,Radioland Murders (1994),Comedy|Mystery|Romance,Comedy,"{""release_year"": 1994, ""primary_genre"": ""Comedy""}",ml-latest-small/movies.csv
ml-latest-small,514,"Ref, The (1994)",Comedy,Comedy,"{""release_year"": 1994, ""primary_genre"": ""Comedy""}",ml-latest-small/movies.csv
ml-latest-small,515,"Remains of the Day, The (1993)",Drama|Romance,Drama,"{""release_year"": 1993, ""primary_genre"": ""Drama""}",ml-latest-small/movies.csv
ml-latest-small,516,Renaissance Man (1994),Comedy|Drama,Comedy,"{""release_year"": 1994, ""primary_genre"": ""Comedy""}",ml-latest-small/movies.csv
ml-latest-small,517,Rising Sun (1993),Action|Drama|Mystery,Action,"{""release_year"": 1993, ""primary_genre"": ""Action""}",ml-latest-small/movies.csv
ml-latest-small,518,"Road to Wellville, The (1994)",Comedy,Comedy,"{""release_year"": 1994, ""primary_genre"": ""Comedy""}",ml-latest-small/movies.csv
ml-latest-small,519,RoboCop 3 (1993),Action|Crime|Drama|Sci-Fi|Thriller,Action,"{""release_year"": 1993, ""primary_genre"": ""Action""}",ml-latest-small/movies.csv
ml-latest-small,520,Robin Hood: Men in Tights (1993),Comedy,Comedy,"{""release_year"": 1993, ""primary_genre"": ""Comedy""}",ml-latest-small/movies.csv
ml-latest-small,521,Romeo Is Bleeding (1993),Crime|Thriller,Crime,"{""release_year"": 1993, ""primary_genre"": ""Crime""}",ml-latest-small/movies.csv
ml-latest-small,522,Romper Stomper (1992),Action|Drama,Action,"{""release_year"": 1992, ""primary_genre"": ""Action""}",ml-latest-small/movies.csv
ml-latest-small,523,Ruby in Paradise (1993),Drama,Drama,"{""release_year"": 1993, ""primary_genre"": ""Drama""}",ml-latest-small/movies.csv
ml-latest-small,524,Rudy (1993),Drama,Drama,"{""release_year"": 1993, ""primary_genre"": ""Drama""}",ml-latest-small/movies.csv
ml-latest-small,526,"Savage Nights (Nuits fauves, Les) (1992)",Drama,Drama,"{""release_year"": 1992, ""primary_genre"": ""Drama""}",ml-latest-small/movies.csv
ml-latest-small,527,Schindler's List (1993),Drama|War,Drama,"{""release_year"": 1993, ""primary_genre"": ""Drama""}",ml-latest-small/movies.csv
ml-latest-small,528,"Scout, The (1994)",Comedy|Drama,Comedy,"{""release_year"": 1994, ""primary_genre"": ""Comedy""}",ml-latest-small/movies.csv
ml-latest-small,529,Searching for Bobby Fischer (1993),Drama,Drama,"{""release_year"": 1993, ""primary_genre"": ""Drama""}",ml-latest-small/movies.csv
ml-latest-small,531,"Secret Garden, The (1993)",Children|Drama,Children,"{""release_year"": 1993, ""primary_genre"": ""Children""}",ml-latest-small/movies.csv
ml-latest-small,532,Serial Mom (1994),Comedy|Crime|Horror,Comedy,"{""release_year"": 1994, ""primary_genre"": ""Comedy""}",ml-latest-small/movies.csv
ml-latest-small,533,"Shadow, The (1994)",Action|Adventure|Fantasy|Mystery,Action,"{""release_year"": 1994, ""primary_genre"": ""Action""}",ml-latest-small/movies.csv
ml-latest-small,534,Shadowlands (1993),Drama|Romance,Drama,"{""release_year"": 1993, ""primary_genre"": ""Drama""}",ml-latest-small/movies.csv
ml-latest-small,535,Short Cuts (1993),Drama,Drama,"{""release_year"": 1993, ""primary_genre"": ""Drama""}",ml-latest-small/movies.csv
ml-latest-small,536,"Simple Twist of Fate, A (1994)",Drama,Drama,"{""release_year"": 1994, ""primary_genre"": ""Drama""}",ml-latest-small/movies.csv
ml-latest-small,537,Sirens (1994),Drama,Drama,"{""release_year"": 1994, ""primary_genre"": ""Drama""}",ml-latest-small/movies.csv
ml-latest-small,538,Six Degrees of Separation (1993),Drama,Drama,"{""release_year"": 1993, ""primary_genre"": ""Drama""}",ml-latest-small/movies.csv
ml-latest-small,539,Sleepless in Seattle (1993),Comedy|Drama|Romance,Comedy,"{""release_year"": 1993, ""primary_genre"": ""Comedy""}",ml-latest-small/movies.csv
ml-latest-small,540,Sliver (1993),Thriller,Thriller,"{""release_year"": 1993, ""primary_genre"": ""Thriller""}",ml-latest-small/movies.csv
ml-latest-small,541,Blade Runner (1982),Action|Sci-Fi|Thriller,Action,"{""release_year"": 1982, ""primary_genre"": ""Action""}",ml-latest-small/movies.csv
ml-latest-small,542,Son in Law (1993),Comedy|Drama|Romance,Comedy,"{""release_year"": 1993, ""primary_genre"": ""Comedy""}",ml-latest-small/movies.csv
ml-latest-small,543,So I Married an Axe Murderer (1993),Comedy|Romance|Thriller,Comedy,"{""release_year"": 1993, ""primary_genre"": ""Comedy""}",ml-latest-small/movies.csv
ml-latest-small,544,Striking Distance (1993),Action|Crime,Action,"{""release_year"": 1993, ""primary_genre"": ""Action""}",ml-latest-small/movies.csv
ml-latest-small,546,Super Mario Bros. (1993),Action|Adventure|Children|Comedy|Fantasy|Sci-Fi,Action,"{""release_year"": 1993, ""primary_genre"": ""Action""}",ml-latest-small/movies.csv
ml-latest-small,547,Surviving the Game (1994),Action|Adventure|Thriller,Action,"{""release_year"": 1994, ""primary_genre"": ""Action""}",ml-latest-small/movies.csv
ml-latest-small,548,Terminal Velocity (1994),Action|Mystery|Thriller,Action,"{""release_year"": 1994, ""primary_genre"": ""Action""}",ml-latest-small/movies.csv
ml-latest-small,549,Thirty-Two Short Films About Glenn Gould (1993),Drama|Musical,Drama,"{""release_year"": 1993, ""primary_genre"": ""Drama""}",ml-latest-small/movies.csv
ml-latest-small,550,Threesome (1994),Comedy|Romance,Comedy,"{""release_year"": 1994, ""primary_genre"": ""Comedy""}",ml-latest-small/movies.csv
ml-latest-small,551,"Nightmare Before Christmas, The (1993)",Animation|Children|Fantasy|Musical,Animation,"{""release_year"": 1993, ""primary_genre"": ""Animation""}",ml-latest-small/movies.csv
ml-latest-small,552,"Three Musketeers, The (1993)",Action|Adventure|Comedy|Romance,Action,"{""release_year"": 1993, ""primary_genre"": ""Action""}",ml-latest-small/movies.csv
ml-latest-small,553,Tombstone (1993),Action|Drama|Western,Action,"{""release_year"": 1993, ""primary_genre"": ""Action""}",ml-latest-small/movies.csv
ml-latest-small,555,True Romance (1993),Crime|Thriller,Crime,"{""release_year"": 1993, ""primary_genre"": ""Crime""}",ml-latest-small/movies.csv
ml-latest-small,556,"War Room, The (1993)",Documentary,Documentary,"{""release_year"": 1993, ""primary_genre"": ""Documentary""}",ml-latest-small/movies.csv
ml-latest-small,558,"Pagemaster, The (1994)",Action|Adventure|Animation|Children|Fantasy,Action,"{""release_year"": 1994, ""primary_genre"": ""Action""}",ml-latest-small/movies.csv
ml-latest-small,562,Welcome to the Dollhouse (1995),Comedy|Drama,Comedy,"{""release_year"": 1995, ""primary_genre"": ""Comedy""}",ml-latest-small/movies.csv
ml-latest-small,563,Germinal (1993),Drama|Romance,Drama,"{""release_year"": 1993, ""primary_genre"": ""Drama""}",ml-latest-small/movies.csv
ml-latest-small,564,Chasers (1994),Comedy,Comedy,"{""release_year"": 1994, ""primary_genre"": ""Comedy""}",ml-latest-small/movies.csv
ml-latest-small,567,Kika (1993),Comedy|Drama,Comedy,"{""release_year"": 1993, ""primary_genre"": ""Comedy""}",ml-latest-small/movies.csv
ml-latest-small,568,Bhaji on the Beach (1993),Comedy|Drama,Comedy,"{""release_year"": 1993, ""primary_genre"": ""Comedy""}",ml-latest-small/movies.csv
ml-latest-small,569,Little Big League (1994),Comedy|Drama,Comedy,"{""release_year"": 1994, ""primary_genre"": ""Comedy""}",ml-latest-small/movies.csv
ml-latest-small,573,"Ciao, Professore! (Io speriamo che me la cavo) (1992)",Drama,Drama,"{""release_year"": 1992, ""primary_genre"": ""Drama""}",ml-latest-small/movies.csv
ml-latest-small,574,Spanking the Monkey (1994),Comedy|Drama,Comedy,"{""release_year"": 1994, ""primary_genre"": ""Comedy""}",ml-latest-small/movies.csv
ml-latest-small,575,"Little Rascals, The (1994)",Children|Comedy,Children,"{""release_year"": 1994, ""primary_genre"": ""Children""}",ml-latest-small/movies.csv
ml-latest-small,577,Andre (1994),Adventure|Children|Drama,Adventure,"{""release_year"": 1994, ""primary_genre"": ""Adventure""}",ml-latest-small/movies.csv
ml-latest-small,579,"Escort, The (Scorta, La) (1993)",Crime|Thriller,Crime,"{""release_year"": 1993, ""primary_genre"": ""Crime""}",ml-latest-small/movies.csv
ml-latest-small,580,Princess Caraboo (1994),Drama,Drama,"{""release_year"": 1994, ""primary_genre"": ""Drama""}",ml-latest-small/movies.csv
ml-latest-small,581,"Celluloid Closet, The (1995)",Documentary,Documentary,"{""release_year"": 1995, ""primary_genre"": ""Documentary""}",ml-latest-small/movies.csv
ml-latest-small,583,Dear Diary (Caro Diario) (1994),Comedy|Drama,Comedy,"{""release_year"": 1994, ""primary_genre"": ""Comedy""}",ml-latest-small/movies.csv
ml-latest-small,585,"Brady Bunch Movie, The (1995)",Comedy,Comedy,"{""release_year"": 1995, ""primary_genre"": ""Comedy""}",ml-latest-small/movies.csv
ml-latest-small,586,Home Alone (1990),Children|Comedy,Children,"{""release_year"": 1990, ""primary_genre"": ""Children""}",ml-latest-small/movies.csv
ml-latest-small,587,Ghost (1990),Comedy|Drama|Fantasy|Romance|Thriller,Comedy,"{""release_year"": 1990, ""primary_genre"": ""Comedy""}",ml-latest-small/movies.csv
ml-latest-small,588,Aladdin (1992),Adventure|Animation|Children|Comedy|Musical,Adventure,"{""release_year"": 1992, ""primary_genre"": ""Adventure""}",ml-latest-small/movies.csv
ml-latest-small,589,Terminator 2: Judgment Day (1991),Action|Sci-Fi,Action,"{""release_year"": 1991, ""primary_genre"": ""Action""}",ml-latest-small/movies.csv
ml-latest-small,590,Dances with Wolves (1990),Adventure|Drama|Western,Adventure,"{""release_year"": 1990, ""primary_genre"": ""Adventure""}",ml-latest-small/movies.csv
ml-latest-small,592,Batman (1989),Action|Crime|Thriller,Action,"{""release_year"": 1989, ""primary_genre"": ""Action""}",ml-latest-small/movies.csv
ml-latest-small,593,"Silence of the Lambs, The (1991)",Crime|Horror|Thriller,Crime,"{""release_year"": 1991, ""primary_genre"": ""Crime""}",ml-latest-small/movies.csv
ml-latest-small,594,Snow White and the Seven Dwarfs (1937),Animation|Children|Drama|Fantasy|Musical,Animation,"{""release_year"": 1937, ""primary_genre"": ""Animation""}",ml-latest-small/movies.csv
ml-latest-small,595,Beauty and the Beast (1991),Animation|Children|Fantasy|Musical|Romance|IMAX,Animation,"{""release_year"": 1991, ""primary_genre"": ""Animation""}",ml-latest-small/movies.csv
ml-latest-small,596,Pinocchio (1940),Animation|Children|Fantasy|Musical,Animation,"{""release_year"": 1940, ""primary_genre"": ""Animation""}",ml-latest-small/movies.csv
ml-latest-small,597,Pretty Woman (1990),Comedy|Romance,Comedy,"{""release_year"": 1990, ""primary_genre"": ""Comedy""}",ml-latest-small/movies.csv
ml-latest-small,599,"Wild Bunch, The (1969)",Adventure|Western,Adventure,"{""release_year"": 1969, ""primary_genre"": ""Adventure""}",ml-latest-small/movies.csv
ml-latest-small,600,Love and a .45 (1994),Action|Comedy|Crime,Action,"{""release_year"": 1994, ""primary_genre"": ""Action""}",ml-latest-small/movies.csv
ml-latest-small,602,"Great Day in Harlem, A (1994)",Documentary,Documentary,"{""release_year"": 1994, ""primary_genre"": ""Documentary""}",ml-latest-small/movies.csv
ml-latest-small,605,One Fine Day (1996),Drama|Romance,Drama,"{""release_year"": 1996, ""primary_genre"": ""Drama""}",ml-latest-small/movies.csv
ml-latest-small,606,Candyman: Farewell to the Flesh (1995),Fantasy|Horror,Fantasy,"{""release_year"": 1995, ""primary_genre"": ""Fantasy""}",ml-latest-small/movies.csv
ml-latest-small,608,Fargo (1996),Comedy|Crime|Drama|Thriller,Comedy,"{""release_year"": 1996, ""primary_genre"": ""Comedy""}",ml-latest-small/movies.csv
ml-latest-small,609,Homeward Bound II: Lost in San Francisco (1996),Adventure|Children,Adventure,"{""release_year"": 1996, ""primary_genre"": ""Adventure""}",ml-latest-small/movies.csv
ml-latest-small,610,Heavy Metal (1981),Action|Adventure|Animation|Horror|Sci-Fi,Action,"{""release_year"": 1981, ""primary_genre"": ""Action""}",ml-latest-small/movies.csv
ml-latest-small,611,Hellraiser: Bloodline (1996),Action|Horror|Sci-Fi,Action,"{""release_year"": 1996, ""primary_genre"": ""Action""}",ml-latest-small/movies.csv
ml-latest-small,612,"Pallbearer, The (1996)",Comedy,Comedy,"{""release_year"": 1996, ""primary_genre"": ""Comedy""}",ml-latest-small/movies.csv
ml-latest-small,613,Jane Eyre (1996),Drama|Romance,Drama,"{""release_year"": 1996, ""primary_genre"": ""Drama""}",ml-latest-small/movies.csv
ml-latest-small,615,Bread and Chocolate (Pane e cioccolata) (1973),Comedy|Drama,Comedy,"{""release_year"": 1973, ""primary_genre"": ""Comedy""}",ml-latest-small/movies.csv
ml-latest-small,616,"Aristocats, The (1970)",Animation|Children,Animation,"{""release_year"": 1970, ""primary_genre"": ""Animation""}",ml-latest-small/movies.csv
ml-latest-small,617,"Flower of My Secret, The (La flor de mi secreto) (1995)",Comedy|Drama,Comedy,"{""release_year"": 1995, ""primary_genre"": ""Comedy""}",ml-latest-small/movies.csv
ml-latest-small,618,Two Much (1995),Comedy|Romance,Comedy,"{""release_year"": 1995, ""primary_genre"": ""Comedy""}",ml-latest-small/movies.csv
ml-latest-small,619,Ed (1996),Comedy,Comedy,"{""release_year"": 1996, ""primary_genre"": ""Comedy""}",ml-latest-small/movies.csv
ml-latest-small,626,"Thin Line Between Love and Hate, A (1996)",Comedy,Comedy,"{""release_year"": 1996, ""primary_genre"": ""Comedy""}",ml-latest-small/movies.csv
ml-latest-small,627,"Last Supper, The (1995)",Drama|Thriller,Drama,"{""release_year"": 1995, ""primary_genre"": ""Drama""}",ml-latest-small/movies.csv
ml-latest-small,628,Primal Fear (1996),Crime|Drama|Mystery|Thriller,Crime,"{""release_year"": 1996, ""primary_genre"": ""Crime""}",ml-latest-small/movies.csv
ml-latest-small,631,All Dogs Go to Heaven 2 (1996),Adventure|Animation|Children|Fantasy|Musical|Romance,Adventure,"{""release_year"": 1996, ""primary_genre"": ""Adventure""}",ml-latest-small/movies.csv
ml-latest-small,632,Land and Freedom (Tierra y libertad) (1995),Drama|War,Drama,"{""release_year"": 1995, ""primary_genre"": ""Drama""}",ml-latest-small/movies.csv
ml-latest-small,633,Denise Calls Up (1995),Comedy,Comedy,"{""release_year"": 1995, ""primary_genre"": ""Comedy""}",ml-latest-small/movies.csv
ml-latest-small,634,Theodore Rex (1995),Comedy,Comedy,"{""release_year"": 1995, ""primary_genre"": ""Comedy""}",ml-latest-small/movies.csv
ml-latest-small,635,"Family Thing, A (1996)",Comedy|Drama,Comedy,"{""release_year"": 1996, ""primary_genre"": ""Comedy""}",ml-latest-small/movies.csv
ml-latest-small,636,Frisk (1995),Drama,Drama,"{""release_year"": 1995, ""primary_genre"": ""Drama""}",ml-latest-small/movies.csv
ml-latest-small,637,Sgt. Bilko (1996),Comedy,Comedy,"{""release_year"": 1996, ""primary_genre"": ""Comedy""}",ml-latest-small/movies.csv
ml-latest-small,638,Jack and Sarah (1995),Romance,Romance,"{""release_year"": 1995, ""primary_genre"": ""Romance""}",ml-latest-small/movies.csv
ml-latest-small,639,Girl 6 (1996),Comedy|Drama,Comedy,"{""release_year"": 1996, ""primary_genre"": ""Comedy""}",ml-latest-small/movies.csv
ml-latest-small,640,Diabolique (1996),Drama|Thriller,Drama,"{""release_year"": 1996, ""primary_genre"": ""Drama""}",ml-latest-small/movies.csv
ml-latest-small,645,Nelly & Monsieur Arnaud (1995),Drama,Drama,"{""release_year"": 1995, ""primary_genre"": ""Drama""}",ml-latest-small/movies.csv
ml-latest-small,647,Courage Under Fire (1996),Action|Crime|Drama|War,Action,"{""release_year"": 1996, ""primary_genre"": ""Action""}",ml-latest-small/movies.csv
ml-latest-small,648,Mission: Impossible (1996),Action|Adventure|Mystery|Thriller,Action,"{""release_year"": 1996, ""primary_genre"": ""Action""}",ml-latest-small/movies.csv
ml-latest-small,649,Cold Fever (Á köldum klaka) (1995),Comedy|Drama,Comedy,"{""release_year"": 1995, ""primary_genre"": ""Comedy""}",ml-latest-small/movies.csv
ml-latest-small,650,Moll Flanders (1996),Drama,Drama,"{""release_year"": 1996, ""primary_genre"": ""Drama""}",ml-latest-small/movies.csv
ml-latest-small,653,Dragonheart (1996),Action|Adventure|Fantasy,Action,"{""release_year"": 1996, ""primary_genre"": ""Action""}",ml-latest-small/movies.csv
ml-latest-small,656,Eddie (1996),Comedy,Comedy,"{""release_year"": 1996, ""primary_genre"": ""Comedy""}",ml-latest-small/movies.csv
ml-latest-small,661,James and the Giant Peach (1996),Adventure|Animation|Children|Fantasy|Musical,Adventure,"{""release_year"": 1996, ""primary_genre"": ""Adventure""}",ml-latest-small/movies.csv
ml-latest-small,662,Fear (1996),Thriller,Thriller,"{""release_year"": 1996, ""primary_genre"": ""Thriller""}",ml-latest-small/movies.csv
ml-latest-small,663,Kids in the Hall: Brain Candy (1996),Comedy,Comedy,"{""release_year"": 1996, ""primary_genre"": ""Comedy""}",ml-latest-small/movies.csv
ml-latest-small,665,Underground (1995),Comedy|Drama|War,Comedy,"{""release_year"": 1995, ""primary_genre"": ""Comedy""}",ml-latest-small/movies.csv
ml-latest-small,667,Bloodsport 2 (a.k.a. Bloodsport II: The Next Kumite) (1996),Action,Action,"{""release_year"": 1996, ""primary_genre"": ""Action""}",ml-latest-small/movies.csv
ml-latest-small,668,Song of the Little Road (Pather Panchali) (1955),Drama,Drama,"{""release_year"": 1955, ""primary_genre"": ""Drama""}",ml-latest-small/movies.csv
ml-latest-small,670,"World of Apu, The (Apur Sansar) (1959)",Drama,Drama,"{""release_year"": 1959, ""primary_genre"": ""Drama""}",ml-latest-small/movies.csv
ml-latest-small,671,Mystery Science Theater 3000: The Movie (1996),Comedy|Sci-Fi,Comedy,"{""release_year"": 1996, ""primary_genre"": ""Comedy""}",ml-latest-small/movies.csv
ml-latest-small,673,Space Jam (1996),Adventure|Animation|Children|Comedy|Fantasy|Sci-Fi,Adventure,"{""release_year"": 1996, ""primary_genre"": ""Adventure""}",ml-latest-small/movies.csv
ml-latest-small,674,Barbarella (1968),Adventure|Comedy|Sci-Fi,Adventure,"{""release_year"": 1968, ""primary_genre"": ""Adventure""}",ml-latest-small/movies.csv
ml-latest-small,678,Some Folks Call It a Sling Blade (1993),Drama|Thriller,Drama,"{""release_year"": 1993, ""primary_genre"": ""Drama""}",ml-latest-small/movies.csv
ml-latest-small,679,"Run of the Country, The (1995)",Drama,Drama,"{""release_year"": 1995, ""primary_genre"": ""Drama""}",ml-latest-small/movies.csv
ml-latest-small,680,"Alphaville (Alphaville, une étrange aventure de Lemmy Caution) (1965)",Drama|Mystery|Romance|Sci-Fi|Thriller,Drama,"{""release_year"": 1965, ""primary_genre"": ""Drama""}",ml-latest-small/movies.csv
ml-latest-small,685,It's My Party (1996),Drama,Drama,"{""release_year"": 1996, ""primary_genre"": ""Drama""}",ml-latest-small/movies.csv
ml-latest-small,688,Operation Dumbo Drop (1995),Action|Adventure|Comedy|War,Action,"{""release_year"": 1995, ""primary_genre"": ""Action""}",ml-latest-small/movies.csv
ml-latest-small,691,Mrs. Winterbourne (1996),Comedy|Romance,Comedy,"{""release_year"": 1996, ""primary_genre"": ""Comedy""}",ml-latest-small/movies.csv
ml-latest-small,692,Solo (1996),Action|Sci-Fi|Thriller,Action,"{""release_year"": 1996, ""primary_genre"": ""Action""}",ml-latest-small/movies.csv
ml-latest-small,694,"Substitute, The (1996)",Action|Crime|Drama,Action,"{""release_year"": 1996, ""primary_genre"": ""Action""}",ml-latest-small/movies.csv
ml-latest-small,695,True Crime (1996),Mystery|Thriller,Mystery,"{""release_year"": 1996, ""primary_genre"": ""Mystery""}",ml-latest-small/movies.csv
ml-latest-small,697,Feeling Minnesota (1996),Drama|Romance,Drama,"{""release_year"": 1996, ""primary_genre"": ""Drama""}",ml-latest-small/movies.csv
ml-latest-small,698,Delta of Venus (1995),Drama,Drama,"{""release_year"": 1995, ""primary_genre"": ""Drama""}",ml-latest-small/movies.csv
ml-latest-small,700,Angus (1995),Comedy,Comedy,"{""release_year"": 1995, ""primary_genre"": ""Comedy""}",ml-latest-small/movies.csv
ml-latest-small,703,Boys (1996),Drama,Drama,"{""release_year"": 1996, ""primary_genre"": ""Drama""}",ml-latest-small/movies.csv
ml-latest-small,704,"Quest, The (1996)",Action|Adventure,Action,"{""release_year"": 1996, ""primary_genre"": ""Action""}",ml-latest-small/movies.csv
ml-latest-small,706,Sunset Park (1996),Drama,Drama,"{""release_year"": 1996, ""primary_genre"": ""Drama""}",ml-latest-small/movies.csv
ml-latest-small,707,Mulholland Falls (1996),Crime|Drama|Thriller,Crime,"{""release_year"": 1996, ""primary_genre"": ""Crime""}",ml-latest-small/movies.csv
ml-latest-small,708,"Truth About Cats & Dogs, The (1996)",Comedy|Romance,Comedy,"{""release_year"": 1996, ""primary_genre"": ""Comedy""}",ml-latest-small/movies.csv
ml-latest-small,709,Oliver & Company (1988),Adventure|Animation|Children|Comedy|Musical,Adventure,"{""release_year"": 1988, ""primary_genre"": ""Adventure""}",ml-latest-small/movies.csv
ml-latest-small,710,Celtic Pride (1996),Comedy,Comedy,"{""release_year"": 1996, ""primary_genre"": ""Comedy""}",ml-latest-small/movies.csv
ml-latest-small,711,Flipper (1996),Adventure|Children,Adventure,"{""release_year"": 1996, ""primary_genre"": ""Adventure""}",ml-latest-small/movies.csv
ml-latest-small,714,Dead Man (1995),Drama|Mystery|Western,Drama,"{""release_year"": 1995, ""primary_genre"": ""Drama""}",ml-latest-small/movies.csv
ml-latest-small,715,"Horseman on the Roof, The (Hussard sur le toit, Le) (1995)",Drama|Romance,Drama,"{""release_year"": 1995, ""primary_genre"": ""Drama""}",ml-latest-small/movies.csv
ml-latest-small,718,"Visitors, The (Visiteurs, Les) (1993)",Comedy|Fantasy|Sci-Fi,Comedy,"{""release_year"": 1993, ""primary_genre"": ""Comedy""}",ml-latest-small/movies.csv
ml-latest-small,719,Multiplicity (1996),Comedy,Comedy,"{""release_year"": 1996, ""primary_genre"": ""Comedy""}",ml-latest-small/movies.csv
ml-latest-small,720,Wallace & Gromit: The Best of Aardman Animation (1996),Adventure|Animation|Comedy,Adventure,"{""release_year"": 1996, ""primary_genre"": ""Adventure""}",ml-latest-small/movies.csv
ml-latest-small,722,"Haunted World of Edward D. Wood Jr., The (1996)",Documentary,Documentary,"{""release_year"": 1996, ""primary_genre"": ""Documentary""}",ml-latest-small/movies.csv
ml-latest-small,724,"Craft, The (1996)",Drama|Fantasy|Horror|Thriller,Drama,"{""release_year"": 1996, ""primary_genre"": ""Drama""}",ml-latest-small/movies.csv
ml-latest-small,725,"Great White Hype, The (1996)",Comedy,Comedy,"{""release_year"": 1996, ""primary_genre"": ""Comedy""}",ml-latest-small/movies.csv
ml-latest-small,726,Last Dance (1996),Drama,Drama,"{""release_year"": 1996, ""primary_genre"": ""Drama""}",ml-latest-small/movies.csv
ml-latest-small,728,Cold Comfort Farm (1995),Comedy,Comedy,"{""release_year"": 1995, ""primary_genre"": ""Comedy""}",ml-latest-small/movies.csv
ml-latest-small,731,Heaven's Prisoners (1996),Crime|Thriller,Crime,"{""release_year"": 1996, ""primary_genre"": ""Crime""}",ml-latest-small/movies.csv
ml-latest-small,733,"Rock, The (1996)",Action|Adventure|Thriller,Action,"{""release_year"": 1996, ""primary_genre"": ""Action""}",ml-latest-small/movies.csv
ml-latest-small,735,Cemetery Man (Dellamorte Dellamore) (1994),Horror,Horror,"{""release_year"": 1994, ""primary_genre"": ""Horror""}",ml-latest-small/movies.csv
ml-latest-small,736,Twister (1996),Action|Adventure|Romance|Thriller,Action,"{""release_year"": 1996, ""primary_genre"": ""Action""}",ml-latest-small/movies.csv
ml-latest-small,737,Barb Wire (1996),Action|Sci-Fi,Action,"{""release_year"": 1996, ""primary_genre"": ""Action""}",ml-latest-small/movies.csv
ml-latest-small,741,Ghost in the Shell (Kôkaku kidôtai) (1995),Animation|Sci-Fi,Animation,"{""release_year"": 1995, ""primary_genre"": ""Animation""}",ml-latest-small/movies.csv
ml-latest-small,742,Thinner (1996),Horror|Thriller,Horror,"{""release_year"": 1996, ""primary_genre"": ""Horror""}",ml-latest-small/movies.csv
ml-latest-small,743,Spy Hard (1996),Comedy,Comedy,"{""release_year"": 1996, ""primary_genre"": ""Comedy""}",ml-latest-small/movies.csv
ml-latest-small,745,Wallace & Gromit: A Close Shave (1995),Animation|Children|Comedy,Animation,"{""release_year"": 1995, ""primary_genre"": ""Animation""}",ml-latest-small/movies.csv
ml-latest-small,747,"Stupids, The (1996)",Comedy,Comedy,"{""release_year"": 1996, ""primary_genre"": ""Comedy""}",ml-latest-small/movies.csv
ml-latest-small,748,"Arrival, The (1996)",Action|Sci-Fi|Thriller,Action,"{""release_year"": 1996, ""primary_genre"": ""Action""}",ml-latest-small/movies.csv
ml-latest-small,750,Dr. Strangelove or: How I Learned to Stop Worrying and Love the Bomb (1964),Comedy|War,Comedy,"{""release_year"": 1964, ""primary_genre"": ""Comedy""}",ml-latest-small/movies.csv
ml-latest-small,757,Ashes of Time (Dung che sai duk) (1994),Drama,Drama,"{""release_year"": 1994, ""primary_genre"": ""Drama""}",ml-latest-small/movies.csv
ml-latest-small,759,Maya Lin: A Strong Clear Vision (1994),Documentary,Documentary,"{""release_year"": 1994, ""primary_genre"": ""Documentary""}",ml-latest-small/movies.csv
ml-latest-small,760,Stalingrad (1993),Drama|War,Drama,"{""release_year"": 1993, ""primary_genre"": ""Drama""}",ml-latest-small/movies.csv
ml-latest-small,761,"Phantom, The (1996)",Action|Adventure,Action,"{""release_year"": 1996, ""primary_genre"": ""Action""}",ml-latest-small/movies.csv
ml-latest-small,762,Striptease (1996),Comedy|Crime,Comedy,"{""release_year"": 1996, ""primary_genre"": ""Comedy""}",ml-latest-small/movies.csv
ml-latest-small,764,Heavy (1995),Drama|Romance,Drama,"{""release_year"": 1995, ""primary_genre"": ""Drama""}",ml-latest-small/movies.csv
ml-latest-small,765,Jack (1996),Comedy|Drama,Comedy,"{""release_year"": 1996, ""primary_genre"": ""Comedy""}",ml-latest-small/movies.csv
ml-latest-small,766,I Shot Andy Warhol (1996),Drama,Drama,"{""release_year"": 1996, ""primary_genre"": ""Drama""}",ml-latest-small/movies.csv
ml-latest-small,773,Touki Bouki (1973),Drama,Drama,"{""release_year"": 1973, ""primary_genre"": ""Drama""}",ml-latest-small/movies.csv
ml-latest-small,775,Spirits of the Dead (1968),Horror|Mystery,Horror,"{""release_year"": 1968, ""primary_genre"": ""Horror""}",ml-latest-small/movies.csv
ml-latest-small,778,Trainspotting (1996),Comedy|Crime|Drama,Comedy,"{""release_year"": 1996, ""primary_genre"": ""Comedy""}",ml-latest-small/movies.csv
ml-latest-small,779,'Til There Was You (1997),Drama|Romance,Drama,"{""release_year"": 1997, ""primary_genre"": ""Drama""}",ml-latest-small/movies.csv
ml-latest-small,780,Independence Day (a.k.a. ID4) (1996),Action|Adventure|Sci-Fi|Thriller,Action,"{""release_year"": 1996, ""primary_genre"": ""Action""}",ml-latest-small/movies.csv
ml-latest-small,781,Stealing Beauty (1996),Drama,Drama,"{""release_year"": 1996, ""primary_genre"": ""Drama""}",ml-latest-small/movies.csv
ml-latest-small,782,"Fan, The (1996)",Drama|Thriller,Drama,"{""release_year"": 1996, ""primary_genre"": ""Drama""}",ml-latest-small/movies.csv
ml-latest-small,783,"Hunchback of Notre Dame, The (1996)",Animation|Children|Drama|Musical|Romance,Animation,"{""release_year"": 1996, ""primary_genre"": ""Animation""}",ml-latest-small/movies.csv
ml-latest-small,784,"Cable Guy, The (1996)",Comedy|Thriller,Comedy,"{""release_year"": 1996, ""primary_genre"": ""Comedy""}",ml-latest-small/movies.csv
ml-latest-small,785,Kingpin (1996),Comedy,Comedy,"{""release_year"": 1996, ""primary_genre"": ""Comedy""}",ml-latest-small/movies.csv
ml-latest-small,786,Eraser (1996),Action|Drama|Thriller,Action,"{""release_year"": 1996, ""primary_genre"": ""Action""}",ml-latest-small/movies.csv
ml-latest-small,788,"Nutty Professor, The (1996)",Comedy|Fantasy|Romance|Sci-Fi,Comedy,"{""release_year"": 1996, ""primary_genre"": ""Comedy""}",ml-latest-small/movies.csv
ml-latest-small,790,"Unforgettable Summer, An (Un été inoubliable) (1994)",Drama,Drama,"{""release_year"": 1994, ""primary_genre"": ""Drama""}",ml-latest-small/movies.csv
ml-latest-small,791,"Last Klezmer: Leopold Kozlowski, His Life and Music, The (1994)",Documentary,Documentary,"{""release_year"": 1994, ""primary_genre"": ""Documentary""}",ml-latest-small/movies.csv
ml-latest-small,795,Somebody to Love (1994),Drama,Drama,"{""release_year"": 1994, ""primary_genre"": ""Drama""}",ml-latest-small/movies.csv
ml-latest-small,798,Daylight (1996),Action|Adventure|Drama|Thriller,Action,"{""release_year"": 1996, ""primary_genre"": ""Action""}",ml-latest-small/movies.csv
ml-latest-small,799,"Frighteners, The (1996)",Comedy|Horror|Thriller,Comedy,"{""release_year"": 1996, ""primary_genre"": ""Comedy""}",ml-latest-small/movies.csv
ml-latest-small,800,Lone Star (1996),Drama|Mystery|Western,Drama,"{""release_year"": 1996, ""primary_genre"": ""Drama""}",ml-latest-small/movies.csv
ml-latest-small,801,Harriet the Spy (1996),Children|Comedy,Children,"{""release_year"": 1996, ""primary_genre"": ""Children""}",ml-latest-small/movies.csv
ml-latest-small,802,Phenomenon (1996),Drama|Romance,Drama,"{""release_year"": 1996, ""primary_genre"": ""Drama""}",ml-latest-small/movies.csv
ml-latest-small,803,Walking and Talking (1996),Comedy|Drama|Romance,Comedy,"{""release_year"": 1996, ""primary_genre"": ""Comedy""}",ml-latest-small/movies.csv
ml-latest-small,804,She's the One (1996),Comedy|Romance,Comedy,"{""release_year"": 1996, ""primary_genre"": ""Comedy""}",ml-latest-small/movies.csv
ml-latest-small,805,"Time to Kill, A (1996)",Drama|Thriller,Drama,"{""release_year"": 1996, ""primary_genre"": ""Drama""}",ml-latest-small/movies.csv
ml-latest-small,806,American Buffalo (1996),Crime|Drama,Crime,"{""release_year"": 1996, ""primary_genre"": ""Crime""}",ml-latest-small/movies.csv
ml-latest-small,808,Alaska (1996),Adventure|Children,Adventure,"{""release_year"": 1996, ""primary_genre"": ""Adventure""}",ml-latest-small/movies.csv
ml-latest-small,809,Fled (1996),Action|Adventure,Action,"{""release_year"": 1996, ""primary_genre"": ""Action""}",ml-latest-small/movies.csv
ml-latest-small,810,Kazaam (1996),Children|Comedy|Fantasy,Children,"{""release_year"": 1996, ""primary_genre"": ""Children""}",ml-latest-small/movies.csv
ml-latest-small,813,Larger Than Life (1996),Comedy,Comedy,"{""release_year"": 1996, ""primary_genre"": ""Comedy""}",ml-latest-small/movies.csv
ml-latest-small,818,"Very Brady Sequel, A (1996)",Comedy,Comedy,"{""release_year"": 1996, ""primary_genre"": ""Comedy""}",ml-latest-small/movies.csv
ml-latest-small,823,"Collector, The (La collectionneuse) (1967)",Drama,Drama,"{""release_year"": 1967, ""primary_genre"": ""Drama""}",ml-latest-small/movies.csv
ml-latest-small,824,Kaspar Hauser (1993),Drama|Mystery,Drama,"{""release_year"": 1993, ""primary_genre"": ""Drama""}",ml-latest-small/movies.csv
ml-latest-small,828,"Adventures of Pinocchio, The (1996)",Adventure|Children,Adventure,"{""release_year"": 1996, ""primary_genre"": ""Adventure""}",ml-latest-small/movies.csv
ml-latest-small,829,Joe's Apartment (1996),Comedy|Fantasy|Musical,Comedy,"{""release_year"": 1996, ""primary_genre"": ""Comedy""}",ml-latest-small/movies.csv
ml-latest-small,830,"First Wives Club, The (1996)",Comedy,Comedy,"{""release_year"": 1996, ""primary_genre"": ""Comedy""}",ml-latest-small/movies.csv
ml-latest-small,832,Ransom (1996),Crime|Thriller,Crime,"{""release_year"": 1996, ""primary_genre"": ""Crime""}",ml-latest-small/movies.csv
ml-latest-small,833,High School High (1996),Comedy,Comedy,"{""release_year"": 1996, ""primary_genre"": ""Comedy""}",ml-latest-small/movies.csv
ml-latest-small,835,Foxfire (1996),Drama,Drama,"{""release_year"": 1996, ""primary_genre"": ""Drama""}",ml-latest-small/movies.csv
ml-latest-small,836,Chain Reaction (1996),Action|Adventure|Thriller,Action,"{""release_year"": 1996, ""primary_genre"": ""Action""}",ml-latest-small/movies.csv
ml-latest-small,837,Matilda (1996),Children|Comedy|Fantasy,Children,"{""release_year"": 1996, ""primary_genre"": ""Children""}",ml-latest-small/movies.csv
ml-latest-small,838,Emma (1996),Comedy|Drama|Romance,Comedy,"{""release_year"": 1996, ""primary_genre"": ""Comedy""}",ml-latest-small/movies.csv
ml-latest-small,839,"Crow: City of Angels, The (1996)",Action|Thriller,Action,"{""release_year"": 1996, ""primary_genre"": ""Action""}",ml-latest-small/movies.csv
ml-latest-small,840,House Arrest (1996),Children|Comedy,Children,"{""release_year"": 1996, ""primary_genre"": ""Children""}",ml-latest-small/movies.csv
ml-latest-small,841,"Eyes Without a Face (Yeux sans visage, Les) (1959)",Horror,Horror,"{""release_year"": 1959, ""primary_genre"": ""Horror""}",ml-latest-small/movies.csv
ml-latest-small,842,Tales from the Crypt Presents: Bordello of Blood (1996),Comedy|Horror,Comedy,"{""release_year"": 1996, ""primary_genre"": ""Comedy""}",ml-latest-small/movies.csv
ml-latest-small,848,"Spitfire Grill, The (1996)",Drama,Drama,"{""release_year"": 1996, ""primary_genre"": ""Drama""}",ml-latest-small/movies.csv
ml-latest-small,849,Escape from L.A. (1996),Action|Adventure|Sci-Fi|Thriller,Action,"{""release_year"": 1996, ""primary_genre"": ""Action""}",ml-latest-small/movies.csv
ml-latest-small,851,Basquiat (1996),Drama,Drama,"{""release_year"": 1996, ""primary_genre"": ""Drama""}",ml-latest-small/movies.csv
ml-latest-small,852,Tin Cup (1996),Comedy|Drama|Romance,Comedy,"{""release_year"": 1996, ""primary_genre"": ""Comedy""}",ml-latest-small/movies.csv
ml-latest-small,858,"Godfather, The (1972)",Crime|Drama,Crime,"{""release_year"": 1972, ""primary_genre"": ""Crime""}",ml-latest-small/movies.csv
ml-latest-small,861,Supercop (Police Story 3: Supercop) (Jing cha gu shi III: Chao ji jing cha) (1992),Action|Comedy|Crime|Thriller,Action,"{""release_year"": 1992, ""primary_genre"": ""Action""}",ml-latest-small/movies.csv
ml-latest-small,866,Bound (1996),Crime|Drama|Romance|Thriller,Crime,"{""release_year"": 1996, ""primary_genre"": ""Crime""}",ml-latest-small/movies.csv
ml-latest-small,867,Carpool (1996),Comedy|Crime,Comedy,"{""release_year"": 1996, ""primary_genre"": ""Comedy""}",ml-latest-small/movies.csv
ml-latest-small,869,Kansas City (1996),Crime|Drama|Musical|Thriller,Crime,"{""release_year"": 1996, ""primary_genre"": ""Crime""}",ml-latest-small/movies.csv
ml-latest-small,870,Gone Fishin' (1997),Comedy,Comedy,"{""release_year"": 1997, ""primary_genre"": ""Comedy""}",ml-latest-small/movies.csv
ml-latest-small,875,Nothing to Lose (1994),Action|Crime|Drama,Action,"{""release_year"": 1994, ""primary_genre"": ""Action""}",ml-latest-small/movies.csv
ml-latest-small,876,Supercop 2 (Project S) (Chao ji ji hua) (1993),Action|Comedy|Crime|Thriller,Action,"{""release_year"": 1993, ""primary_genre"": ""Action""}",ml-latest-small/movies.csv
ml-latest-small,879,"Relic, The (1997)",Horror|Thriller,Horror,"{""release_year"": 1997, ""primary_genre"": ""Horror""}",ml-latest-small/movies.csv
ml-latest-small,880,"Island of Dr. Moreau, The (1996)",Sci-Fi|Thriller,Sci-Fi,"{""release_year"": 1996, ""primary_genre"": ""Sci-Fi""}",ml-latest-small/movies.csv
ml-latest-small,881,First Kid (1996),Children|Comedy,Children,"{""release_year"": 1996, ""primary_genre"": ""Children""}",ml-latest-small/movies.csv
ml-latest-small,882,"Trigger Effect, The (1996)",Drama|Thriller,Drama,"{""release_year"": 1996, ""primary_genre"": ""Drama""}",ml-latest-small/movies.csv
ml-latest-small,885,Bogus (1996),Children|Drama|Fantasy,Children,"{""release_year"": 1996, ""primary_genre"": ""Children""}",ml-latest-small/movies.csv
ml-latest-small,886,Bulletproof (1996),Action|Comedy|Crime,Action,"{""release_year"": 1996, ""primary_genre"": ""Action""}",ml-latest-small/movies.csv
ml-latest-small,888,Land Before Time III: The Time of the Great Giving (1995),Adventure|Animation|Children|Musical,Adventure,"{""release_year"": 1995, ""primary_genre"": ""Adventure""}",ml-latest-small/movies.csv
ml-latest-small,889,1-900 (06) (1994),Drama|Romance,Drama,"{""release_year"": 1994, ""primary_genre"": ""Drama""}",ml-latest-small/movies.csv
ml-latest-small,891,Halloween: The Curse of Michael Myers (Halloween 6: The Curse of Michael Myers) (1995),Horror|Thriller,Horror,"{""release_year"": 1995, ""primary_genre"": ""Horror""}",ml-latest-small/movies.csv
ml-latest-small,892,Twelfth Night (1996),Comedy|Drama|Romance,Comedy,"{""release_year"": 1996, ""primary_genre"": ""Comedy""}",ml-latest-small/movies.csv
ml-latest-small,893,Mother Night (1996),Drama,Drama,"{""release_year"": 1996, ""primary_genre"": ""Drama""}",ml-latest-small/movies.csv
ml-latest-small,896,Wild Reeds (Les roseaux sauvages) (1994),Drama,Drama,"{""release_year"": 1994, ""primary_genre"": ""Drama""}",ml-latest-small/movies.csv
ml-latest-small,897,For Whom the Bell Tolls (1943),Adventure|Drama|Romance|War,Adventure,"{""release_year"": 1943, ""primary_genre"": ""Adventure""}",ml-latest-small/movies.csv
ml-latest-small,898,"Philadelphia Story, The (1940)",Comedy|Drama|Romance,Comedy,"{""release_year"": 1940, ""primary_genre"": ""Comedy""}",ml-latest-small/movies.csv
ml-latest-small,899,Singin' in the Rain (1952),Comedy|Musical|Romance,Comedy,"{""release_year"": 1952, ""primary_genre"": ""Comedy""}",ml-latest-small/movies.csv
ml-latest-small,900,"American in Paris, An (1951)",Musical|Romance,Musical,"{""release_year"": 1951, ""primary_genre"": ""Musical""}",ml-latest-small/movies.csv
ml-latest-small,901,Funny Face (1957),Comedy|Musical,Comedy,"{""release_year"": 1957, ""primary_genre"": ""Comedy""}",ml-latest-small/movies.csv
ml-latest-small,902,Breakfast at Tiffany's (1961),Drama|Romance,Drama,"{""release_year"": 1961, ""primary_genre"": ""Drama""}",ml-latest-small/movies.csv
ml-latest-small,903,Vertigo (1958),Drama|Mystery|Romance|Thriller,Drama,"{""release_year"": 1958, ""primary_genre"": ""Drama""}",ml-latest-small/movies.csv
ml-latest-small,904,Rear Window (1954),Mystery|Thriller,Mystery,"{""release_year"": 1954, ""primary_genre"": ""Mystery""}",ml-latest-small/movies.csv
ml-latest-small,905,It Happened One Night (1934),Comedy|Romance,Comedy,"{""release_year"": 1934, ""primary_genre"": ""Comedy""}",ml-latest-small/movies.csv
ml-latest-small,906,Gaslight (1944),Drama|Thriller,Drama,"{""release_year"": 1944, ""primary_genre"": ""Drama""}",ml-latest-small/movies.csv
ml-latest-small,907,"Gay Divorcee, The (1934)",Comedy|Musical|Romance,Comedy,"{""release_year"": 1934, ""primary_genre"": ""Comedy""}",ml-latest-small/movies.csv
ml-latest-small,908,North by Northwest (1959),Action|Adventure|Mystery|Romance|Thriller,Action,"{""release_year"": 1959, ""primary_genre"": ""Action""}",ml-latest-small/movies.csv
ml-latest-small,909,"Apartment, The (1960)",Comedy|Drama|Romance,Comedy,"{""release_year"": 1960, ""primary_genre"": ""Comedy""}",ml-latest-small/movies.csv
ml-latest-small,910,Some Like It Hot (1959),Comedy|Crime,Comedy,"{""release_year"": 1959, ""primary_genre"": ""Comedy""}",ml-latest-small/movies.csv
ml-latest-small,911,Charade (1963),Comedy|Crime|Mystery|Romance|Thriller,Comedy,"{""release_year"": 1963, ""primary_genre"": ""Comedy""}",ml-latest-small/movies.csv
ml-latest-small,912,Casablanca (1942),Drama|Romance,Drama,"{""release_year"": 1942, ""primary_genre"": ""Drama""}",ml-latest-small/movies.csv
ml-latest-small,913,"Maltese Falcon, The (1941)",Film-Noir|Mystery,Film-Noir,"{""release_year"": 1941, ""primary_genre"": ""Film-Noir""}",ml-latest-small/movies.csv
ml-latest-small,914,My Fair Lady (1964),Comedy|Drama|Musical|Romance,Comedy,"{""release_year"": 1964, ""primary_genre"": ""Comedy""}",ml-latest-small/movies.csv
ml-latest-small,915,Sabrina (1954),Comedy|Romance,Comedy,"{""release_year"": 1954, ""primary_genre"": ""Comedy""}",ml-latest-small/movies.csv
ml-latest-small,916,Roman Holiday (1953),Comedy|Drama|Romance,Comedy,"{""release_year"": 1953, ""primary_genre"": ""Comedy""}",ml-latest-small/movies.csv
ml-latest-small,917,"Little Princess, The (1939)",Children|Drama,Children,"{""release_year"": 1939, ""primary_genre"": ""Children""}",ml-latest-small/movies.csv
ml-latest-small,918,Meet Me in St. Louis (1944),Musical,Musical,"{""release_year"": 1944, ""primary_genre"": ""Musical""}",ml-latest-small/movies.csv
ml-latest-small,919,"Wizard of Oz, The (1939)",Adventure|Children|Fantasy|Musical,Adventure,"{""release_year"": 1939, ""primary_genre"": ""Adventure""}",ml-latest-small/movies.csv
ml-latest-small,920,Gone with the Wind (1939),Drama|Romance|War,Drama,"{""release_year"": 1939, ""primary_genre"": ""Drama""}",ml-latest-small/movies.csv
ml-latest-small,921,My Favorite Year (1982),Comedy,Comedy,"{""release_year"": 1982, ""primary_genre"": ""Comedy""}",ml-latest-small/movies.csv
ml-latest-small,922,Sunset Blvd. (a.k.a. Sunset Boulevard) (1950),Drama|Film-Noir|Romance,Drama,"{""release_year"": 1950, ""primary_genre"": ""Drama""}",ml-latest-small/movies.csv
ml-latest-small,923,Citizen Kane (1941),Drama|Mystery,Drama,"{""release_year"": 1941, ""primary_genre"": ""Drama""}",ml-latest-small/movies.csv
ml-latest-small,924,2001: A Space Odyssey (1968),Adventure|Drama|Sci-Fi,Adventure,"{""release_year"": 1968, ""primary_genre"": ""Adventure""}",ml-latest-small/movies.csv
ml-latest-small,926,All About Eve (1950),Drama,Drama,"{""release_year"": 1950, ""primary_genre"": ""Drama""}",ml-latest-small/movies.csv
ml-latest-small,927,"Women, The (1939)",Comedy,Comedy,"{""release_year"": 1939, ""primary_genre"": ""Comedy""}",ml-latest-small/movies.csv
ml-latest-small,928,Rebecca (1940),Drama|Mystery|Romance|Thriller,Drama,"{""release_year"": 1940, ""primary_genre"": ""Drama""}",ml-latest-small/movies.csv
ml-latest-small,929,Foreign Correspondent (1940),Drama|Film-Noir|Mystery|Thriller,Drama,"{""release_year"": 1940, ""primary_genre"": ""Drama""}",ml-latest-small/movies.csv
ml-latest-small,930,Notorious (1946),Film-Noir|Romance|Thriller,Film-Noir,"{""release_year"": 1946, ""primary_genre"": ""Film-Noir""}",ml-latest-small/movies.csv
ml-latest-small,931,Spellbound (1945),Mystery|Romance|Thriller,Mystery,"{""release_year"": 1945, ""primary_genre"": ""Mystery""}",ml-latest-small/movies.csv
ml-latest-small,932,"Affair to Remember, An (1957)",Drama|Romance,Drama,"{""release_year"": 1957, ""primary_genre"": ""Drama""}",ml-latest-small/movies.csv
ml-latest-small,933,To Catch a Thief (1955),Crime|Mystery|Romance|Thriller,Crime,"{""release_year"": 1955, ""primary_genre"": ""Crime""}",ml-latest-small/movies.csv
ml-latest-small,934,Father of the Bride (1950),Comedy,Comedy,"{""release_year"": 1950, ""primary_genre"": ""Comedy""}",ml-latest-small/movies.csv
ml-latest-small,935,"Band Wagon, The (1953)",Comedy|Musical,Comedy,"{""release_year"": 1953, ""primary_genre"": ""Comedy""}",ml-latest-small/movies.csv
ml-latest-small,936,Ninotchka (1939),Comedy|Romance,Comedy,"{""release_year"": 1939, ""primary_genre"": ""Comedy""}",ml-latest-small/movies.csv
ml-latest-small,937,Love in the Afternoon (1957),Comedy|Romance,Comedy,"{""release_year"": 1957, ""primary_genre"": ""Comedy""}",ml-latest-small/movies.csv
ml-latest-small,938,Gigi (1958),Musical,Musical,"{""release_year"": 1958, ""primary_genre"": ""Musical""}",ml-latest-small/movies.csv
ml-latest-small,940,"Adventures of Robin Hood, The (1938)",Action|Adventure|Romance,Action,"{""release_year"": 1938, ""primary_genre"": ""Action""}",ml-latest-small/movies.csv
ml-latest-small,941,"Mark of Zorro, The (1940)",Adventure,Adventure,"{""release_year"": 1940, ""primary_genre"": ""Adventure""}",ml-latest-small/movies.csv
ml-latest-small,942,Laura (1944),Crime|Film-Noir|Mystery,Crime,"{""release_year"": 1944, ""primary_genre"": ""Crime""}",ml-latest-small/movies.csv
ml-latest-small,943,"Ghost and Mrs. Muir, The (1947)",Drama|Fantasy|Romance,Drama,"{""release_year"": 1947, ""primary_genre"": ""Drama""}",ml-latest-small/movies.csv
ml-latest-small,944,Lost Horizon (1937),Drama,Drama,"{""release_year"": 1937, ""primary_genre"": ""Drama""}",ml-latest-small/movies.csv
ml-latest-small,945,Top Hat (1935),Comedy|Musical|Romance,Comedy,"{""release_year"": 1935, ""primary_genre"": ""Comedy""}",ml-latest-small/movies.csv
ml-latest-small,946,To Be or Not to Be (1942),Comedy|Drama|War,Comedy,"{""release_year"": 1942, ""primary_genre"": ""Comedy""}",ml-latest-small/movies.csv
ml-latest-small,947,My Man Godfrey (1936),Comedy|Romance,Comedy,"{""release_year"": 1936, ""primary_genre"": ""Comedy""}",ml-latest-small/movies.csv
ml-latest-small,948,Giant (1956),Drama|Romance|Western,Drama,"{""release_year"": 1956, ""primary_genre"": ""Drama""}",ml-latest-small/movies.csv
ml-latest-small,949,East of Eden (1955),Drama,Drama,"{""release_year"": 1955, ""primary_genre"": ""Drama""}",ml-latest-small/movies.csv
ml-latest-small,950,"Thin Man, The (1934)",Comedy|Crime,Comedy,"{""release_year"": 1934, ""primary_genre"": ""Comedy""}",ml-latest-small/movies.csv
ml-latest-small,951,His Girl Friday (1940),Comedy|Romance,Comedy,"{""release_year"": 1940, ""primary_genre"": ""Comedy""}",ml-latest-small/movies.csv
ml-latest-small,952,Around the World in 80 Days (1956),Adventure|Comedy,Adventure,"{""release_year"": 1956, ""primary_genre"": ""Adventure""}",ml-latest-small/movies.csv
ml-latest-small,953,It's a Wonderful Life (1946),Children|Drama|Fantasy|Romance,Children,"{""release_year"": 1946, ""primary_genre"": ""Children""}",ml-latest-small/movies.csv
ml-latest-small,954,Mr. Smith Goes to Washington (1939),Drama,Drama,"{""release_year"": 1939, ""primary_genre"": ""Drama""}",ml-latest-small/movies.csv
ml-latest-small,955,Bringing Up Baby (1938),Comedy|Romance,Comedy,"{""release_year"": 1938, ""primary_genre"": ""Comedy""}",ml-latest-small/movies.csv
ml-latest-small,956,Penny Serenade (1941),Drama|Romance,Drama,"{""release_year"": 1941, ""primary_genre"": ""Drama""}",ml-latest-small/movies.csv
ml-latest-small,959,Of Human Bondage (1934),Drama,Drama,"{""release_year"": 1934, ""primary_genre"": ""Drama""}",ml-latest-small/movies.csv
ml-latest-small,961,Little Lord Fauntleroy (1936),Drama,Drama,"{""release_year"": 1936, ""primary_genre"": ""Drama""}",ml-latest-small/movies.csv
ml-latest-small,963,"Inspector General, The (1949)",Musical,Musical,"{""release_year"": 1949, ""primary_genre"": ""Musical""}",ml-latest-small/movies.csv
ml-latest-small,965,"39 Steps, The (1935)",Drama|Mystery|Thriller,Drama,"{""release_year"": 1935, ""primary_genre"": ""Drama""}",ml-latest-small/movies.csv
ml-latest-small,968,Night of the Living Dead (1968),Horror|Sci-Fi|Thriller,Horror,"{""release_year"": 1968, ""primary_genre"": ""Horror""}",ml-latest-small/movies.csv
ml-latest-small,969,"African Queen, The (1951)",Adventure|Comedy|Romance|War,Adventure,"{""release_year"": 1951, ""primary_genre"": ""Adventure""}",ml-latest-small/movies.csv
ml-latest-small,970,Beat the Devil (1953),Adventure|Comedy|Crime|Drama|Romance,Adventure,"{""release_year"": 1953, ""primary_genre"": ""Adventure""}",ml-latest-small/movies.csv
ml-latest-small,971,Cat on a Hot Tin Roof (1958),Drama,Drama,"{""release_year"": 1958, ""primary_genre"": ""Drama""}",ml-latest-small/movies.csv
ml-latest-small,973,Meet John Doe (1941),Comedy|Drama,Comedy,"{""release_year"": 1941, ""primary_genre"": ""Comedy""}",ml-latest-small/movies.csv
ml-latest-small,976,"Farewell to Arms, A (1932)",Romance|War,Romance,"{""release_year"": 1932, ""primary_genre"": ""Romance""}",ml-latest-small/movies.csv
ml-latest-small,979,Nothing Personal (1995),Drama|War,Drama,"{""release_year"": 1995, ""primary_genre"": ""Drama""}",ml-latest-small/movies.csv
ml-latest-small,981,Dangerous Ground (1997),Drama,Drama,"{""release_year"": 1997, ""primary_genre"": ""Drama""}",ml-latest-small/movies.csv
ml-latest-small,982,Picnic (1955),Drama,Drama,"{""release_year"": 1955, ""primary_genre"": ""Drama""}",ml-latest-small/movies.csv
ml-latest-small,984,"Pompatus of Love, The (1996)",Comedy|Drama,Comedy,"{""release_year"": 1996, ""primary_genre"": ""Comedy""}",ml-latest-small/movies.csv
ml-latest-small,986,Fly Away Home (1996),Adventure|Children,Adventure,"{""release_year"": 1996, ""primary_genre"": ""Adventure""}",ml-latest-small/movies.csv
ml-latest-small,987,Bliss (1997),Drama|Romance,Drama,"{""release_year"": 1997, ""primary_genre"": ""Drama""}",ml-latest-small/movies.csv
ml-latest-small,988,Grace of My Heart (1996),Comedy|Drama,Comedy,"{""release_year"": 1996, ""primary_genre"": ""Comedy""}",ml-latest-small/movies.csv
ml-latest-small,990,Maximum Risk (1996),Action|Adventure|Thriller,Action,"{""release_year"": 1996, ""primary_genre"": ""Action""}",ml-latest-small/movies.csv
ml-latest-small,991,Michael Collins (1996),Drama,Drama,"{""release_year"": 1996, ""primary_genre"": ""Drama""}",ml-latest-small/movies.csv
ml-latest-small,993,Infinity (1996),Drama,Drama,"{""release_year"": 1996, ""primary_genre"": ""Drama""}",ml-latest-small/movies.csv
ml-latest-small,994,Big Night (1996),Comedy|Drama,Comedy,"{""release_year"": 1996, ""primary_genre"": ""Comedy""}",ml-latest-small/movies.csv
ml-latest-small,996,Last Man Standing (1996),Action|Crime|Drama|Thriller,Action,"{""release_year"": 1996, ""primary_genre"": ""Action""}",ml-latest-small/movies.csv
ml-latest-small,998,Set It Off (1996),Action|Crime,Action,"{""release_year"": 1996, ""primary_genre"": ""Action""}",ml-latest-small/movies.csv
ml-latest-small,999,2 Days in the Valley (1996),Crime|Film-Noir,Crime,"{""release_year"": 1996, ""primary_genre"": ""Crime""}",ml-latest-small/movies.csv
ml-latest-small,1003,Extreme Measures (1996),Drama|Thriller,Drama,"{""release_year"": 1996, ""primary_genre"": ""Drama""}",ml-latest-small/movies.csv
ml-latest-small,1004,"Glimmer Man, The (1996)",Action|Thriller,Action,"{""release_year"": 1996, ""primary_genre"": ""Action""}",ml-latest-small/movies.csv
ml-latest-small,1005,D3: The Mighty Ducks (1996),Children|Comedy,Children,"{""release_year"": 1996, ""primary_genre"": ""Children""}",ml-latest-small/movies.csv
ml-latest-small,1006,"Chamber, The (1996)",Drama,Drama,"{""release_year"": 1996, ""primary_genre"": ""Drama""}",ml-latest-small/movies.csv
ml-latest-small,1007,"Apple Dumpling Gang, The (1975)",Children|Comedy|Western,Children,"{""release_year"": 1975, ""primary_genre"": ""Children""}",ml-latest-small/movies.csv
ml-latest-small,1008,"Davy Crockett, King of the Wild Frontier (1955)",Adventure|Western,Adventure,"{""release_year"": 1955, ""primary_genre"": ""Adventure""}",ml-latest-small/movies.csv
ml-latest-small,1009,Escape to Witch Mountain (1975),Adventure|Children|Fantasy,Adventure,"{""release_year"": 1975, ""primary_genre"": ""Adventure""}",ml-latest-small/movies.csv
ml-latest-small,1010,"Love Bug, The (1969)",Children|Comedy,Children,"{""release_year"": 1969, ""primary_genre"": ""Children""}",ml-latest-small/movies.csv
ml-latest-small,1011,Herbie Rides Again (1974),Children|Comedy|Fantasy|Romance,Children,"{""release_year"": 1974, ""primary_genre"": ""Children""}",ml-latest-small/movies.csv
ml-latest-small,1012,Old Yeller (1957),Children|Drama,Children,"{""release_year"": 1957, ""primary_genre"": ""Children""}",ml-latest-small/movies.csv
ml-latest-small,1013,"Parent Trap, The (1961)",Children|Comedy|Romance,Children,"{""release_year"": 1961, ""primary_genre"": ""Children""}",ml-latest-small/movies.csv
ml-latest-small,1014,Pollyanna (1960),Children|Comedy|Drama,Children,"{""release_year"": 1960, ""primary_genre"": ""Children""}",ml-latest-small/movies.csv
ml-latest-small,1015,Homeward Bound: The Incredible Journey (1993),Adventure|Children|Drama,Adventure,"{""release_year"": 1993, ""primary_genre"": ""Adventure""}",ml-latest-small/movies.csv
ml-latest-small,1016,"Shaggy Dog, The (1959)",Children|Comedy,Children,"{""release_year"": 1959, ""primary_genre"": ""Children""}",ml-latest-small/movies.csv
ml-latest-small,1017,Swiss Family Robinson (1960),Adventure|Children,Adventure,"{""release_year"": 1960, ""primary_genre"": ""Adventure""}",ml-latest-small/movies.csv
ml-latest-small,1018,That Darn Cat! (1965),Children|Comedy|Mystery,Children,"{""release_year"": 1965, ""primary_genre"": ""Children""}",ml-latest-small/movies.csv
ml-latest-small,1019,"20,000 Leagues Under the Sea (1954)",Adventure|Drama|Sci-Fi,Adventure,"{""release_year"": 1954, ""primary_genre"": ""Adventure""}",ml-latest-small/movies.csv
ml-latest-small,1020,Cool Runnings (1993),Comedy,Comedy,"{""release_year"": 1993, ""primary_genre"": ""Comedy""}",ml-latest-small/movies.csv
ml-latest-small,1021,Angels in the Outfield (1994),Children|Comedy,Children,"{""release_year"": 1994, ""primary_genre"": ""Children""}",ml-latest-small/movies.csv
ml-latest-small,1022,Cinderella (1950),Animation|Children|Fantasy|Musical|Romance,Animation,"{""release_year"": 1950, ""primary_genre"": ""Animation""}",ml-latest-small/movies.csv
ml-latest-small,1023,Winnie the Pooh and the Blustery Day (1968),Animation|Children|Musical,Animation,"{""release_year"": 1968, ""primary_genre"": ""Animation""}",ml-latest-small/movies.csv
ml-latest-small,1024,"Three Caballeros, The (1945)",Animation|Children|Musical,Animation,"{""release_year"": 1945, ""primary_genre"": ""Animation""}",ml-latest-small/movies.csv
ml-latest-small,1025,"Sword in the Stone, The (1963)",Animation|Children|Fantasy|Musical,Animation,"{""release_year"": 1963, ""primary_genre"": ""Animation""}",ml-latest-small/movies.csv
ml-latest-small,1027,Robin Hood: Prince of Thieves (1991),Adventure|Drama,Adventure,"{""release_year"": 1991, ""primary_genre"": ""Adventure""}",ml-latest-small/movies.csv
ml-latest-small,1028,Mary Poppins (1964),Children|Comedy|Fantasy|Musical,Children,"{""release_year"": 1964, ""primary_genre"": ""Children""}",ml-latest-small/movies.csv
ml-latest-small,1029,Dumbo (1941),Animation|Children|Drama|Musical,Animation,"{""release_year"": 1941, ""primary_genre"": ""Animation""}",ml-latest-small/movies.csv
ml-latest-small,1030,Pete's Dragon (1977),Adventure|Animation|Children|Musical,Adventure,"{""release_year"": 1977, ""primary_genre"": ""Adventure""}",ml-latest-small/movies.csv
ml-latest-small,1031,Bedknobs and Broomsticks (1971),Adventure|Children|Musical,Adventure,"{""release_year"": 1971, ""primary_genre"": ""Adventure""}",ml-latest-small/movies.csv
ml-latest-small,1032,Alice in Wonderland (1951),Adventure|Animation|Children|Fantasy|Musical,Adventure,"{""release_year"": 1951, ""primary_genre"": ""Adventure""}",ml-latest-small/movies.csv
ml-latest-small,1033,"Fox and the Hound, The (1981)",Animation|Children|Drama,Animation,"{""release_year"": 1981, ""primary_genre"": ""Animation""}",ml-latest-small/movies.csv
ml-latest-small,1034,Freeway (1996),Comedy|Crime|Drama|Thriller,Comedy,"{""release_year"": 1996, ""primary_genre"": ""Comedy""}",ml-latest-small/movies.csv
ml-latest-small,1035,"Sound of Music, The (1965)",Musical|Romance,Musical,"{""release_year"": 1965, ""primary_genre"": ""Musical""}",ml-latest-small/movies.csv
ml-latest-small,1036,Die Hard (1988),Action|Crime|Thriller,Action,"{""release_year"": 1988, ""primary_genre"": ""Action""}",ml-latest-small/movies.csv
ml-latest-small,1037,"Lawnmower Man, The (1992)",Action|Horror|Sci-Fi|Thriller,Action,"{""release_year"": 1992, ""primary_genre"": ""Action""}",ml-latest-small/movies.csv
ml-latest-small,1040,"Secret Agent, The (1996)",Drama,Drama,"{""release_year"": 1996, ""primary_genre"": ""Drama""}",ml-latest-small/movies.csv
ml-latest-small,1041,Secrets & Lies (1996),Drama,Drama,"{""release_year"": 1996, ""primary_genre"": ""Drama""}",ml-latest-small/movies.csv
ml-latest-small,1042,That Thing You Do! (1996),Comedy|Drama,Comedy,"{""release_year"": 1996, ""primary_genre"": ""Comedy""}",ml-latest-small/movies.csv
ml-latest-small,1043,To Gillian on Her 37th Birthday (1996),Drama|Romance,Drama,"{""release_year"": 1996, ""primary_genre"": ""Drama""}",ml-latest-small/movies.csv
ml-latest-small,1046,Beautiful Thing (1996),Drama|Romance,Drama,"{""release_year"": 1996, ""primary_genre"": ""Drama""}",ml-latest-small/movies.csv
ml-latest-small,1047,"Long Kiss Goodnight, The (1996)",Action|Drama|Thriller,Action,"{""release_year"": 1996, ""primary_genre"": ""Action""}",ml-latest-small/movies.csv
ml-latest-small,1049,"Ghost and the Darkness, The (1996)",Action|Adventure,Action,"{""release_year"": 1996, ""primary_genre"": ""Action""}",ml-latest-small/movies.csv
ml-latest-small,1050,Looking for Richard (1996),Documentary|Drama,Documentary,"{""release_year"": 1996, ""primary_genre"": ""Documentary""}",ml-latest-small/movies.csv
ml-latest-small,1051,Trees Lounge (1996),Drama,Drama,"{""release_year"": 1996, ""primary_genre"": ""Drama""}",ml-latest-small/movies.csv
ml-latest-small,1053,Normal Life (1996),Crime|Drama|Romance,Crime,"{""release_year"": 1996, ""primary_genre"": ""Crime""}",ml-latest-small/movies.csv
ml-latest-small,1054,Get on the Bus (1996),Drama,Drama,"{""release_year"": 1996, ""primary_genre"": ""Drama""}",ml-latest-small/movies.csv
ml-latest-small,1055,Shadow Conspiracy (1997),Thriller,Thriller,"{""release_year"": 1997, ""primary_genre"": ""Thriller""}",ml-latest-small/movies.csv
ml-latest-small,1056,Jude (1996),Drama,Drama,"{""release_year"": 1996, ""primary_genre"": ""Drama""}",ml-latest-small/movies.csv
ml-latest-small,1057,Everyone Says I Love You (1996),Comedy|Musical|Romance,Comedy,"{""release_year"": 1996, ""primary_genre"": ""Comedy""}",ml-latest-small/movies.csv
ml-latest-small,1059,William Shakespeare's Romeo + Juliet (1996),Drama|Romance,Drama,"{""release_year"": 1996, ""primary_genre"": ""Drama""}",ml-latest-small/movies.csv
ml-latest-small,1060,Swingers (1996),Comedy|Drama,Comedy,"{""release_year"": 1996, ""primary_genre"": ""Comedy""}",ml-latest-small/movies.csv
ml-latest-small,1061,Sleepers (1996),Thriller,Thriller,"{""release_year"": 1996, ""primary_genre"": ""Thriller""}",ml-latest-small/movies.csv
ml-latest-small,1064,Aladdin and the King of Thieves (1996),Animation|Children|Comedy|Fantasy|Musical|Romance,Animation,"{""release_year"": 1996, ""primary_genre"": ""Animation""}",ml-latest-small/movies.csv
ml-latest-small,1066,Shall We Dance (1937),Comedy|Musical|Romance,Comedy,"{""release_year"": 1937, ""primary_genre"": ""Comedy""}",ml-latest-small/movies.csv
ml-latest-small,1068,Crossfire (1947),Crime|Film-Noir,Crime,"{""release_year"": 1947, ""primary_genre"": ""Crime""}",ml-latest-small/movies.csv
ml-latest-small,1073,Willy Wonka & the Chocolate Factory (1971),Children|Comedy|Fantasy|Musical,Children,"{""release_year"": 1971, ""primary_genre"": ""Children""}",ml-latest-small/movies.csv
ml-latest-small,1076,"Innocents, The (1961)",Drama|Horror|Thriller,Drama,"{""release_year"": 1961, ""primary_genre"": ""Drama""}",ml-latest-small/movies.csv
ml-latest-small,1077,Sleeper (1973),Comedy|Sci-Fi,Comedy,"{""release_year"": 1973, ""primary_genre"": ""Comedy""}",ml-latest-small/movies.csv
ml-latest-small,1078,Bananas (1971),Comedy|War,Comedy,"{""release_year"": 1971, ""primary_genre"": ""Comedy""}",ml-latest-small/movies.csv
ml-latest-small,1079,"Fish Called Wanda, A (1988)",Comedy|Crime,Comedy,"{""release_year"": 1988, ""primary_genre"": ""Comedy""}",ml-latest-small/movies.csv
ml-latest-small,1080,Monty Python's Life of Brian (1979),Comedy,Comedy,"{""release_year"": 1979, ""primary_genre"": ""Comedy""}",ml-latest-small/movies.csv
ml-latest-small,1081,Victor/Victoria (1982),Comedy|Musical|Romance,Comedy,"{""release_year"": 1982, ""primary_genre"": ""Comedy""}",ml-latest-small/movies.csv
ml-latest-small,1082,"Candidate, The (1972)",Drama,Drama,"{""release_year"": 1972, ""primary_genre"": ""Drama""}",ml-latest-small/movies.csv
ml-latest-small,1083,"Great Race, The (1965)",Comedy|Musical,Comedy,"{""release_year"": 1965, ""primary_genre"": ""Comedy""}",ml-latest-small/movies.csv
ml-latest-small,1084,Bonnie and Clyde (1967),Crime|Drama,Crime,"{""release_year"": 1967, ""primary_genre"": ""Crime""}",ml-latest-small/movies.csv
ml-latest-small,1085,"Old Man and the Sea, The (1958)",Adventure|Drama,Adventure,"{""release_year"": 1958, ""primary_genre"": ""Adventure""}",ml-latest-small/movies.csv
ml-latest-small,1086,Dial M for Murder (1954),Crime|Mystery|Thriller,Crime,"{""release_year"": 1954, ""primary_genre"": ""Crime""}",ml-latest-small/movies.csv
ml-latest-small,1088,Dirty Dancing (1987),Drama|Musical|Romance,Drama,"{""release_year"": 1987, ""primary_genre"": ""Drama""}",ml-latest-small/movies.csv
ml-latest-small,1089,Reservoir Dogs (1992),Crime|Mystery|Thriller,Crime,"{""release_year"": 1992, ""primary_genre"": ""Crime""}",ml-latest-small/movies.csv
ml-latest-small,1090,Platoon (1986),Drama|War,Drama,"{""release_year"": 1986, ""primary_genre"": ""Drama""}",ml-latest-small/movies.csv
ml-latest-small,1091,Weekend at Bernie's (1989),Comedy,Comedy,"{""release_year"": 1989, ""primary_genre"": ""Comedy""}",ml-latest-small/movies.csv
ml-latest-small,1092,Basic Instinct (1992),Crime|Mystery|Thriller,Crime,"{""release_year"": 1992, ""primary_genre"": ""Crime""}",ml-latest-small/movies.csv
ml-latest-small,1093,"Doors, The (1991)",Drama,Drama,"{""release_year"": 1991, ""primary_genre"": ""Drama""}",ml-latest-small/movies.csv
ml-latest-small,1094,"Crying Game, The (1992)",Drama|Romance|Thriller,Drama,"{""release_year"": 1992, ""primary_genre"": ""Drama""}",ml-latest-small/movies.csv
ml-latest-small,1095,Glengarry Glen Ross (1992),Drama,Drama,"{""release_year"": 1992, ""primary_genre"": ""Drama""}",ml-latest-small/movies.csv
ml-latest-small,1096,Sophie's Choice (1982),Drama,Drama,"{""release_year"": 1982, ""primary_genre"": ""Drama""}",ml-latest-small/movies.csv
ml-latest-small,1097,E.T. the Extra-Terrestrial (1982),Children|Drama|Sci-Fi,Children,"{""release_year"": 1982, ""primary_genre"": ""Children""}",ml-latest-small/movies.csv
ml-latest-small,1099,"Christmas Carol, A (1938)",Children|Drama|Fantasy,Children,"{""release_year"": 1938, ""primary_genre"": ""Children""}",ml-latest-small/movies.csv
ml-latest-small,1100,Days of Thunder (1990),Action|Drama|Romance,Action,"{""release_year"": 1990, ""primary_genre"": ""Action""}",ml-latest-small/movies.csv
ml-latest-small,1101,Top Gun (1986),Action|Romance,Action,"{""release_year"": 1986, ""primary_genre"": ""Action""}",ml-latest-small/movies.csv
ml-latest-small,1103,Rebel Without a Cause (1955),Drama,Drama,"{""release_year"": 1955, ""primary_genre"": ""Drama""}",ml-latest-small/movies.csv
ml-latest-small,1104,"Streetcar Named Desire, A (1951)",Drama,Drama,"{""release_year"": 1951, ""primary_genre"": ""Drama""}",ml-latest-small/movies.csv
ml-latest-small,1105,Children of the Corn IV: The Gathering (1996),Horror,Horror,"{""release_year"": 1996, ""primary_genre"": ""Horror""}",ml-latest-small/movies.csv
ml-latest-small,1107,Loser (1991),Comedy,Comedy,"{""release_year"": 1991, ""primary_genre"": ""Comedy""}",ml-latest-small/movies.csv
ml-latest-small,1111,Microcosmos (Microcosmos: Le peuple de l'herbe) (1996),Documentary,Documentary,"{""release_year"": 1996, ""primary_genre"": ""Documentary""}",ml-latest-small/movies.csv
ml-latest-small,1112,Palookaville (1996),Action|Comedy|Drama,Action,"{""release_year"": 1996, ""primary_genre"": ""Action""}",ml-latest-small/movies.csv
ml-latest-small,1114,"Funeral, The (1996)",Crime|Drama,Crime,"{""release_year"": 1996, ""primary_genre"": ""Crime""}",ml-latest-small/movies.csv
ml-latest-small,1116,"Single Girl, A (Fille seule, La) (1995)",Drama,Drama,"{""release_year"": 1995, ""primary_genre"": ""Drama""}",ml-latest-small/movies.csv
ml-latest-small,1117,"Eighth Day, The (Huitième jour, Le) (1996)",Drama,Drama,"{""release_year"": 1996, ""primary_genre"": ""Drama""}",ml-latest-small/movies.csv
ml-latest-small,1119,Drunks (1995),Drama,Drama,"{""release_year"": 1995, ""primary_genre"": ""Drama""}",ml-latest-small/movies.csv
ml-latest-small,1120,"People vs. Larry Flynt, The (1996)",Comedy|Drama,Comedy,"{""release_year"": 1996, ""primary_genre"": ""Comedy""}",ml-latest-small/movies.csv
ml-latest-small,1121,Glory Daze (1995),Drama,Drama,"{""release_year"": 1995, ""primary_genre"": ""Drama""}",ml-latest-small/movies.csv
ml-latest-small,1123,"Perfect Candidate, A (1996)",Documentary,Documentary,"{""release_year"": 1996, ""primary_genre"": ""Documentary""}",ml-latest-small/movies.csv
ml-latest-small,1124,On Golden Pond (1981),Drama,Drama,"{""release_year"": 1981, ""primary_genre"": ""Drama""}",ml-latest-small/movies.csv
ml-latest-small,1125,"Return of the Pink Panther, The (1975)",Comedy|Crime,Comedy,"{""release_year"": 1975, ""primary_genre"": ""Comedy""}",ml-latest-small/movies.csv
ml-latest-small,1126,Drop Dead Fred (1991),Comedy|Fantasy,Comedy,"{""release_year"": 1991, ""primary_genre"": ""Comedy""}",ml-latest-small/movies.csv
ml-latest-small,1127,"Abyss, The (1989)",Action|Adventure|Sci-Fi|Thriller,Action,"{""release_year"": 1989, ""primary_genre"": ""Action""}",ml-latest-small/movies.csv
ml-latest-small,1128,"Fog, The (1980)",Horror,Horror,"{""release_year"": 1980, ""primary_genre"": ""Horror""}",ml-latest-small/movies.csv
ml-latest-small,1129,Escape from New York (1981),Action|Adventure|Sci-Fi|Thriller,Action,"{""release_year"": 1981, ""primary_genre"": ""Action""}",ml-latest-small/movies.csv
ml-latest-small,1130,"Howling, The (1980)",Horror|Mystery,Horror,"{""release_year"": 1980, ""primary_genre"": ""Horror""}",ml-latest-small/movies.csv
ml-latest-small,1131,Jean de Florette (1986),Drama|Mystery,Drama,"{""release_year"": 1986, ""primary_genre"": ""Drama""}",ml-latest-small/movies.csv
ml-latest-small,1132,Manon of the Spring (Manon des sources) (1986),Drama,Drama,"{""release_year"": 1986, ""primary_genre"": ""Drama""}",ml-latest-small/movies.csv
ml-latest-small,1135,Private Benjamin (1980),Comedy,Comedy,"{""release_year"": 1980, ""primary_genre"": ""Comedy""}",ml-latest-small/movies.csv
ml-latest-small,1136,Monty Python and the Holy Grail (1975),Adventure|Comedy|Fantasy,Adventure,"{""release_year"": 1975, ""primary_genre"": ""Adventure""}",ml-latest-small/movies.csv
ml-latest-small,1137,Hustler White (1996),Romance,Romance,"{""release_year"": 1996, ""primary_genre"": ""Romance""}",ml-latest-small/movies.csv
ml-latest-small,1140,Entertaining Angels: The Dorothy Day Story (1996),Drama,Drama,"{""release_year"": 1996, ""primary_genre"": ""Drama""}",ml-latest-small/movies.csv
ml-latest-small,1144,"Line King: The Al Hirschfeld Story, The (1996)",Documentary,Documentary,"{""release_year"": 1996, ""primary_genre"": ""Documentary""}",ml-latest-small/movies.csv
ml-latest-small,1147,When We Were Kings (1996),Documentary,Documentary,"{""release_year"": 1996, ""primary_genre"": ""Documentary""}",ml-latest-small/movies.csv
ml-latest-small,1148,Wallace & Gromit: The Wrong Trousers (1993),Animation|Children|Comedy|Crime,Animation,"{""release_year"": 1993, ""primary_genre"": ""Animation""}",ml-latest-small/movies.csv
ml-latest-small,1150,"Return of Martin Guerre, The (Retour de Martin Guerre, Le) (1982)",Drama,Drama,"{""release_year"": 1982, ""primary_genre"": ""Drama""}",ml-latest-small/movies.csv
ml-latest-small,1151,Lesson Faust (1994),Animation|Comedy|Drama|Fantasy,Animation,"{""release_year"": 1994, ""primary_genre"": ""Animation""}",ml-latest-small/movies.csv
ml-latest-small,1156,"Children Are Watching Us, The (Bambini ci guardano, I) (1944)",Drama,Drama,"{""release_year"": 1944, ""primary_genre"": ""Drama""}",ml-latest-small/movies.csv
ml-latest-small,1161,"Tin Drum, The (Blechtrommel, Die) (1979)",Drama|War,Drama,"{""release_year"": 1979, ""primary_genre"": ""Drama""}",ml-latest-small/movies.csv
ml-latest-small,1162,"Ruling Class, The (1972)",Comedy|Drama,Comedy,"{""release_year"": 1972, ""primary_genre"": ""Comedy""}",ml-latest-small/movies.csv
ml-latest-small,1163,Mina Tannenbaum (1994),Drama,Drama,"{""release_year"": 1994, ""primary_genre"": ""Drama""}",ml-latest-small/movies.csv
ml-latest-small,1167,Dear God (1996),Comedy,Comedy,"{""release_year"": 1996, ""primary_genre"": ""Comedy""}",ml-latest-small/movies.csv
ml-latest-small,1170,Best of the Best 3: No Turning Back (1995),Action,Action,"{""release_year"": 1995, ""primary_genre"": ""Action""}",ml-latest-small/movies.csv
ml-latest-small,1171,Bob Roberts (1992),Comedy,Comedy,"{""release_year"": 1992, ""primary_genre"": ""Comedy""}",ml-latest-small/movies.csv
ml-latest-small,1172,Cinema Paradiso (Nuovo cinema Paradiso) (1989),Drama,Drama,"{""release_year"": 1989, ""primary_genre"": ""Drama""}",ml-latest-small/movies.csv
ml-latest-small,1173,"Cook the Thief His Wife & Her Lover, The (1989)",Comedy|Drama,Comedy,"{""release_year"": 1989, ""primary_genre"": ""Comedy""}",ml-latest-small/movies.csv
ml-latest-small,1175,Delicatessen (1991),Comedy|Drama|Romance,Comedy,"{""release_year"": 1991, ""primary_genre"": ""Comedy""}",ml-latest-small/movies.csv
ml-latest-small,1176,"Double Life of Veronique, The (Double Vie de Véronique, La) (1991)",Drama|Fantasy|Romance,Drama,"{""release_year"": 1991, ""primary_genre"": ""Drama""}",ml-latest-small/movies.csv
ml-latest-small,1177,Enchanted April (1992),Drama|Romance,Drama,"{""release_year"": 1992, ""primary_genre"": ""Drama""}",ml-latest-small/movies.csv
ml-latest-small,1178,Paths of Glory (1957),Drama|War,Drama,"{""release_year"": 1957, ""primary_genre"": ""Drama""}",ml-latest-small/movies.csv
ml-latest-small,1179,"Grifters, The (1990)",Crime|Drama|Film-Noir,Crime,"{""release_year"": 1990, ""primary_genre"": ""Crime""}",ml-latest-small/movies.csv
ml-latest-small,1180,Hear My Song (1991),Comedy,Comedy,"{""release_year"": 1991, ""primary_genre"": ""Comedy""}",ml-latest-small/movies.csv
ml-latest-small,1183,"English Patient, The (1996)",Drama|Romance|War,Drama,"{""release_year"": 1996, ""primary_genre"": ""Drama""}",ml-latest-small/movies.csv
ml-latest-small,1184,Mediterraneo (1991),Comedy|Drama,Comedy,"{""release_year"": 1991, ""primary_genre"": ""Comedy""}",ml-latest-small/movies.csv
ml-latest-small,1185,My Left Foot (1989),Drama,Drama,"{""release_year"": 1989, ""primary_genre"": ""Drama""}",ml-latest-small/movies.csv
ml-latest-small,1186,"Sex, Lies, and Videotape (1989)",Drama,Drama,"{""release_year"": 1989, ""primary_genre"": ""Drama""}",ml-latest-small/movies.csv
ml-latest-small,1187,Passion Fish (1992),Drama,Drama,"{""release_year"": 1992, ""primary_genre"": ""Drama""}",ml-latest-small/movies.csv
ml-latest-small,1188,Strictly Ballroom (1992),Comedy|Romance,Comedy,"{""release_year"": 1992, ""primary_genre"": ""Comedy""}",ml-latest-small/movies.csv
ml-latest-small,1189,"Thin Blue Line, The (1988)",Documentary,Documentary,"{""release_year"": 1988, ""primary_genre"": ""Documentary""}",ml-latest-small/movies.csv
ml-latest-small,1190,Tie Me Up! Tie Me Down! (¡Átame!) (1990),Crime|Drama|Romance,Crime,"{""release_year"": 1990, ""primary_genre"": ""Crime""}",ml-latest-small/movies.csv
ml-latest-small,1191,Madonna: Truth or Dare (1991),Documentary|Musical,Documentary,"{""release_year"": 1991, ""primary_genre"": ""Documentary""}",ml-latest-small/movies.csv
ml-latest-small,1192,Paris Is Burning (1990),Documentary,Documentary,"{""release_year"": 1990, ""primary_genre"": ""Documentary""}",ml-latest-small/movies.csv
ml-latest-small,1193,One Flew Over the Cuckoo's Nest (1975),Drama,Drama,"{""release_year"": 1975, ""primary_genre"": ""Drama""}",ml-latest-small/movies.csv
ml-latest-small,1194,Cheech and Chong's Up in Smoke (1978),Comedy,Comedy,"{""release_year"": 1978, ""primary_genre"": ""Comedy""}",ml-latest-small/movies.csv
ml-latest-small,1196,Star Wars: Episode V - The Empire Strikes Back (1980),Action|Adventure|Sci-Fi,Action,"{""release_year"": 1980, ""primary_genre"": ""Action""}",ml-latest-small/movies.csv
ml-latest-small,1197,"Princess Bride, The (1987)",Action|Adventure|Comedy|Fantasy|Romance,Action,"{""release_year"": 1987, ""primary_genre"": ""Action""}",ml-latest-small/movies.csv
ml-latest-small,1198,Raiders of the Lost Ark (Indiana Jones and the Raiders of the Lost Ark) (1981),Action|Adventure,Action,"{""release_year"": 1981, ""primary_genre"": ""Action""}",ml-latest-small/movies.csv
ml-latest-small,1199,Brazil (1985),Fantasy|Sci-Fi,Fantasy,"{""release_year"": 1985, ""primary_genre"": ""Fantasy""}",ml-latest-small/movies.csv
ml-latest-small,1200,Aliens (1986),Action|Adventure|Horror|Sci-Fi,Action,"{""release_year"": 1986, ""primary_genre"": ""Action""}",ml-latest-small/movies.csv
ml-latest-small,1201,"Good, the Bad and the Ugly, The (Buono, il brutto, il cattivo, Il) (1966)",Action|Adventure|Western,Action,"{""release_year"": 1966, ""primary_genre"": ""Action""}",ml-latest-small/movies.csv
ml-latest-small,1202,Withnail & I (1987),Comedy,Comedy,"{""release_year"": 1987, ""primary_genre"": ""Comedy""}",ml-latest-small/movies.csv
ml-latest-small,1203,12 Angry Men (1957),Drama,Drama,"{""release_year"": 1957, ""primary_genre"": ""Drama""}",ml-latest-small/movies.csv
ml-latest-small,1204,Lawrence of Arabia (1962),Adventure|Drama|War,Adventure,"{""release_year"": 1962, ""primary_genre"": ""Adventure""}",ml-latest-small/movies.csv
ml-latest-small,1206,"Clockwork Orange, A (1971)",Crime|Drama|Sci-Fi|Thriller,Crime,"{""release_year"": 1971, ""primary_genre"": ""Crime""}",ml-latest-small/movies.csv
ml-latest-small,1207,To Kill a Mockingbird (1962),Drama,Drama,"{""release_year"": 1962, ""primary_genre"": ""Drama""}",ml-latest-small/movies.csv
ml-latest-small,1208,Apocalypse Now (1979),Action|Drama|War,Action,"{""release_year"": 1979, ""primary_genre"": ""Action""}",ml-latest-small/movies.csv
ml-latest-small,1209,Once Upon a Time in the West (C'era una volta il West) (1968),Action|Drama|Western,Action,"{""release_year"": 1968, ""primary_genre"": ""Action""}",ml-latest-small/movies.csv
ml-latest-small,1210,Star Wars: Episode VI - Return of the Jedi (1983),Action|Adventure|Sci-Fi,Action,"{""release_year"": 1983, ""primary_genre"": ""Action""}",ml-latest-small/movies.csv
ml-latest-small,1211,"Wings of Desire (Himmel über Berlin, Der) (1987)",Drama|Fantasy|Romance,Drama,"{""release_year"": 1987, ""primary_genre"": ""Drama""}",ml-latest-small/movies.csv
ml-latest-small,1212,"Third Man, The (1949)",Film-Noir|Mystery|Thriller,Film-Noir,"{""release_year"": 1949, ""primary_genre"": ""Film-Noir""}",ml-latest-small/movies.csv
ml-latest-small,1213,Goodfellas (1990),Crime|Drama,Crime,"{""release_year"": 1990, ""primary_genre"": ""Crime""}",ml-latest-small/movies.csv
ml-latest-small,1214,Alien (1979),Horror|Sci-Fi,Horror,"{""release_year"": 1979, ""primary_genre"": ""Horror""}",ml-latest-small/movies.csv
ml-latest-small,1215,Army of Darkness (1993),Action|Adventure|Comedy|Fantasy|Horror,Action,"{""release_year"": 1993, ""primary_genre"": ""Action""}",ml-latest-small/movies.csv
ml-latest-small,1216,"Big Blue, The (Grand bleu, Le) (1988)",Adventure|Drama|Romance,Adventure,"{""release_year"": 1988, ""primary_genre"": ""Adventure""}",ml-latest-small/movies.csv
ml-latest-small,1217,Ran (1985),Drama|War,Drama,"{""release_year"": 1985, ""primary_genre"": ""Drama""}",ml-latest-small/movies.csv
ml-latest-small,1218,"Killer, The (Die xue shuang xiong) (1989)",Action|Crime|Drama|Thriller,Action,"{""release_year"": 1989, ""primary_genre"": ""Action""}",ml-latest-small/movies.csv
ml-latest-small,1219,Psycho (1960),Crime|Horror,Crime,"{""release_year"": 1960, ""primary_genre"": ""Crime""}",ml-latest-small/movies.csv
ml-latest-small,1220,"Blues Brothers, The (1980)",Action|Comedy|Musical,Action,"{""release_year"": 1980, ""primary_genre"": ""Action""}",ml-latest-small/movies.csv
ml-latest-small,1221,"Godfather: Part II, The (1974)",Crime|Drama,Crime,"{""release_year"": 1974, ""primary_genre"": ""Crime""}",ml-latest-small/movies.csv
ml-latest-small,1222,Full Metal Jacket (1987),Drama|War,Drama,"{""release_year"": 1987, ""primary_genre"": ""Drama""}",ml-latest-small/movies.csv
ml-latest-small,1223,"Grand Day Out with Wallace and Gromit, A (1989)",Adventure|Animation|Children|Comedy|Sci-Fi,Adventure,"{""release_year"": 1989, ""primary_genre"": ""Adventure""}",ml-latest-small/movies.csv
ml-latest-small,1224,Henry V (1989),Action|Drama|Romance|War,Action,"{""release_year"": 1989, ""primary_genre"": ""Action""}",ml-latest-small/movies.csv
ml-latest-small,1225,Amadeus (1984),Drama,Drama,"{""release_year"": 1984, ""primary_genre"": ""Drama""}",ml-latest-small/movies.csv
ml-latest-small,1226,"Quiet Man, The (1952)",Drama|Romance,Drama,"{""release_year"": 1952, ""primary_genre"": ""Drama""}",ml-latest-small/movies.csv
ml-latest-small,1227,Once Upon a Time in America (1984),Crime|Drama,Crime,"{""release_year"": 1984, ""primary_genre"": ""Crime""}",ml-latest-small/movies.csv
ml-latest-small,1228,Raging Bull (1980),Drama,Drama,"{""release_year"": 1980, ""primary_genre"": ""Drama""}",ml-latest-small/movies.csv
ml-latest-small,1230,Annie Hall (1977),Comedy|Romance,Comedy,"{""release_year"": 1977, ""primary_genre"": ""Comedy""}",ml-latest-small/movies.csv
ml-latest-small,1231,"Right Stuff, The (1983)",Drama,Drama,"{""release_year"": 1983, ""primary_genre"": ""Drama""}",ml-latest-small/movies.csv
ml-latest-small,1232,Stalker (1979),Drama|Mystery|Sci-Fi,Drama,"{""release_year"": 1979, ""primary_genre"": ""Drama""}",ml-latest-small/movies.csv
ml-latest-small,1233,"Boot, Das (Boat, The) (1981)",Action|Drama|War,Action,"{""release_year"": 1981, ""primary_genre"": ""Action""}",ml-latest-small/movies.csv
ml-latest-small,1234,"Sting, The (1973)",Comedy|Crime,Comedy,"{""release_year"": 1973, ""primary_genre"": ""Comedy""}",ml-latest-small/movies.csv
ml-latest-small,1235,Harold and Maude (1971),Comedy|Drama|Romance,Comedy,"{""release_year"": 1971, ""primary_genre"": ""Comedy""}",ml-latest-small/movies.csv
ml-latest-small,1236,Trust (1990),Comedy|Drama|Romance,Comedy,"{""release_year"": 1990, ""primary_genre"": ""Comedy""}",ml-latest-small/movies.csv
ml-latest-small,1237,"Seventh Seal, The (Sjunde inseglet, Det) (1957)",Drama,Drama,"{""release_year"": 1957, ""primary_genre"": ""Drama""}",ml-latest-small/movies.csv
ml-latest-small,1238,Local Hero (1983),Comedy,Comedy,"{""release_year"": 1983, ""primary_genre"": ""Comedy""}",ml-latest-small/movies.csv
ml-latest-small,1240,"Terminator, The (1984)",Action|Sci-Fi|Thriller,Action,"{""release_year"": 1984, ""primary_genre"": ""Action""}",ml-latest-small/movies.csv
ml-latest-small,1241,Dead Alive (Braindead) (1992),Comedy|Fantasy|Horror,Comedy,"{""release_year"": 1992, ""primary_genre"": ""Comedy""}",ml-latest-small/movies.csv
ml-latest-small,1242,Glory (1989),Drama|War,Drama,"{""release_year"": 1989, ""primary_genre"": ""Drama""}",ml-latest-small/movies.csv
ml-latest-small,1243,Rosencrantz and Guildenstern Are Dead (1990),Comedy|Drama,Comedy,"{""release_year"": 1990, ""primary_genre"": ""Comedy""}",ml-latest-small/movies.csv
ml-latest-small,1244,Manhattan (1979),Comedy|Drama|Romance,Comedy,"{""release_year"": 1979, ""primary_genre"": ""Comedy""}",ml-latest-small/movies.csv
ml-latest-small,1245,Miller's Crossing (1990),Crime|Drama|Film-Noir|Thriller,Crime,"{""release_year"": 1990, ""primary_genre"": ""Crime""}",ml-latest-small/movies.csv
ml-latest-small,1246,Dead Poets Society (1989),Drama,Drama,"{""release_year"": 1989, ""primary_genre"": ""Drama""}",ml-latest-small/movies.csv
ml-latest-small,1247,"Graduate, The (1967)",Comedy|Drama|Romance,Comedy,"{""release_year"": 1967, ""primary_genre"": ""Comedy""}",ml-latest-small/movies.csv
ml-latest-small,1248,Touch of Evil (1958),Crime|Film-Noir|Thriller,Crime,"{""release_year"": 1958, ""primary_genre"": ""Crime""}",ml-latest-small/movies.csv
ml-latest-small,1249,"Femme Nikita, La (Nikita) (1990)",Action|Crime|Romance|Thriller,Action,"{""release_year"": 1990, ""primary_genre"": ""Action""}",ml-latest-small/movies.csv
ml-latest-small,1250,"Bridge on the River Kwai, The (1957)",Adventure|Drama|War,Adventure,"{""release_year"": 1957, ""primary_genre"": ""Adventure""}",ml-latest-small/movies.csv
ml-latest-small,1251,8 1/2 (8½) (1963),Drama|Fantasy,Drama,"{""release_year"": 1963, ""primary_genre"": ""Drama""}",ml-latest-small/movies.csv
ml-latest-small,1252,Chinatown (1974),Crime|Film-Noir|Mystery|Thriller,Crime,"{""release_year"": 1974, ""primary_genre"": ""Crime""}",ml-latest-small/movies.csv
ml-latest-small,1253,"Day the Earth Stood Still, The (1951)",Drama|Sci-Fi|Thriller,Drama,"{""release_year"": 1951, ""primary_genre"": ""Drama""}",ml-latest-small/movies.csv
ml-latest-small,1254,"Treasure of the Sierra Madre, The (1948)",Action|Adventure|Drama|Western,Action,"{""release_year"": 1948, ""primary_genre"": ""Action""}",ml-latest-small/movies.csv
ml-latest-small,1255,Bad Taste (1987),Comedy|Horror|Sci-Fi,Comedy,"{""release_year"": 1987, ""primary_genre"": ""Comedy""}",ml-latest-small/movies.csv
ml-latest-small,1256,Duck Soup (1933),Comedy|Musical|War,Comedy,"{""release_year"": 1933, ""primary_genre"": ""Comedy""}",ml-latest-small/movies.csv
ml-latest-small,1257,Better Off Dead... (1985),Comedy|Romance,Comedy,"{""release_year"": 1985, ""primary_genre"": ""Comedy""}",ml-latest-small/movies.csv
ml-latest-small,1258,"Shining, The (1980)",Horror,Horror,"{""release_year"": 1980, ""primary_genre"": ""Horror""}",ml-latest-small/movies.csv
ml-latest-small,1259,Stand by Me (1986),Adventure|Drama,Adventure,"{""release_year"": 1986, ""primary_genre"": ""Adventure""}",ml-latest-small/movies.csv
ml-latest-small,1260,M (1931),Crime|Film-Noir|Thriller,Crime,"{""release_year"": 1931, ""primary_genre"": ""Crime""}",ml-latest-small/movies.csv
ml-latest-small,1261,Evil Dead II (Dead by Dawn) (1987),Action|Comedy|Fantasy|Horror,Action,"{""release_year"": 1987, ""primary_genre"": ""Action""}",ml-latest-small/movies.csv
ml-latest-small,1262,"Great Escape, The (1963)",Action|Adventure|Drama|War,Action,"{""release_year"": 1963, ""primary_genre"": ""Action""}",ml-latest-small/movies.csv
ml-latest-small,1263,"Deer Hunter, The (1978)",Drama|War,Drama,"{""release_year"": 1978, ""primary_genre"": ""Drama""}",ml-latest-small/movies.csv
ml-latest-small,1264,Diva (1981),Action|Drama|Mystery|Romance|Thriller,Action,"{""release_year"": 1981, ""primary_genre"": ""Action""}",ml-latest-small/movies.csv
ml-latest-small,1265,Groundhog Day (1993),Comedy|Fantasy|Romance,Comedy,"{""release_year"": 1993, ""primary_genre"": ""Comedy""}",ml-latest-small/movies.csv
ml-latest-small,1266,Unforgiven (1992),Drama|Western,Drama,"{""release_year"": 1992, ""primary_genre"": ""Drama""}",ml-latest-small/movies.csv
ml-latest-small,1267,"Manchurian Candidate, The (1962)",Crime|Thriller|War,Crime,"{""release_year"": 1962, ""primary_genre"": ""Crime""}",ml-latest-small/movies.csv
ml-latest-small,1268,Pump Up the Volume (1990),Comedy|Drama,Comedy,"{""release_year"": 1990, ""primary_genre"": ""Comedy""}",ml-latest-small/movies.csv
ml-latest-small,1269,Arsenic and Old Lace (1944),Comedy|Mystery|Thriller,Comedy,"{""release_year"": 1944, ""primary_genre"": ""Comedy""}",ml-latest-small/movies.csv
ml-latest-small,1270,Back to the Future (1985),Adventure|Comedy|Sci-Fi,Adventure,"{""release_year"": 1985, ""primary_genre"": ""Adventure""}",ml-latest-small/movies.csv
ml-latest-small,1271,Fried Green Tomatoes (1991),Comedy|Crime|Drama,Comedy,"{""release_year"": 1991, ""primary_genre"": ""Comedy""}",ml-latest-small/movies.csv
ml-latest-small,1272,Patton (1970),Drama|War,Drama,"{""release_year"": 1970, ""primary_genre"": ""Drama""}",ml-latest-small/movies.csv
ml-latest-small,1273,Down by Law (1986),Comedy|Drama|Film-Noir,Comedy,"{""release_year"": 1986, ""primary_genre"": ""Comedy""}",ml-latest-small/movies.csv
ml-latest-small,1274,Akira (1988),Action|Adventure|Animation|Sci-Fi,Action,"{""release_year"": 1988, ""primary_genre"": ""Action""}",ml-latest-small/movies.csv
ml-latest-small,1275,Highlander (1986),Action|Adventure|Fantasy,Action,"{""release_year"": 1986, ""primary_genre"": ""Action""}",ml-latest-small/movies.csv
ml-latest-small,1276,Cool Hand Luke (1967),Drama,Drama,"{""release_year"": 1967, ""primary_genre"": ""Drama""}",ml-latest-small/movies.csv
ml-latest-small,1277,Cyrano de Bergerac (1990),Comedy|Drama|Romance,Comedy,"{""release_year"": 1990, ""primary_genre"": ""Comedy""}",ml-latest-small/movies.csv
ml-latest-small,1278,Young Frankenstein (1974),Comedy|Fantasy,Comedy,"{""release_year"": 1974, ""primary_genre"": ""Comedy""}",ml-latest-small/movies.csv
ml-latest-small,1279,Night on Earth (1991),Comedy|Drama,Comedy,"{""release_year"": 1991, ""primary_genre"": ""Comedy""}",ml-latest-small/movies.csv
ml-latest-small,1280,Raise the Red Lantern (Da hong deng long gao gao gua) (1991),Drama,Drama,"{""release_year"": 1991, ""primary_genre"": ""Drama""}",ml-latest-small/movies.csv
ml-latest-small,1281,"Great Dictator, The (1940)",Comedy|Drama|War,Comedy,"{""release_year"": 1940, ""primary_genre"": ""Comedy""}",ml-latest-small/movies.csv
ml-latest-small,1282,Fantasia (1940),Animation|Children|Fantasy|Musical,Animation,"{""release_year"": 1940, ""primary_genre"": ""Animation""}",ml-latest-small/movies.csv
ml-latest-small,1283,High Noon (1952),Drama|Western,Drama,"{""release_year"": 1952, ""primary_genre"": ""Drama""}",ml-latest-small/movies.csv
ml-latest-small,1284,"Big Sleep, The (1946)",Crime|Film-Noir|Mystery,Crime,"{""release_year"": 1946, ""primary_genre"": ""Crime""}",ml-latest-small/movies.csv
ml-latest-small,1285,Heathers (1989),Comedy,Comedy,"{""release_year"": 1989, ""primary_genre"": ""Comedy""}",ml-latest-small/movies.csv
ml-latest-small,1286,Somewhere in Time (1980),Drama|Romance,Drama,"{""release_year"": 1980, ""primary_genre"": ""Drama""}",ml-latest-small/movies.csv
ml-latest-small,1287,Ben-Hur (1959),Action|Adventure|Drama,Action,"{""release_year"": 1959, ""primary_genre"": ""Action""}",ml-latest-small/movies.csv
ml-latest-small,1288,This Is Spinal Tap (1984),Comedy,Comedy,"{""release_year"": 1984, ""primary_genre"": ""Comedy""}",ml-latest-small/movies.csv
ml-latest-small,1289,Koyaanisqatsi (a.k.a. Koyaanisqatsi: Life Out of Balance) (1983),Documentary,Documentary,"{""release_year"": 1983, ""primary_genre"": ""Documentary""}",ml-latest-small/movies.csv
ml-latest-small,1290,Some Kind of Wonderful (1987),Drama|Romance,Drama,"{""release_year"": 1987, ""primary_genre"": ""Drama""}",ml-latest-small/movies.csv
ml-latest-small,1291,Indiana Jones and the Last Crusade (1989),Action|Adventure,Action,"{""release_year"": 1989, ""primary_genre"": ""Action""}",ml-latest-small/movies.csv
ml-latest-small,1292,Being There (1979),Comedy|Drama,Comedy,"{""release_year"": 1979, ""primary_genre"": ""Comedy""}",ml-latest-small/movies.csv
ml-latest-small,1293,Gandhi (1982),Drama,Drama,"{""release_year"": 1982, ""primary_genre"": ""Drama""}",ml-latest-small/movies.csv
ml-latest-small,1295,"Unbearable Lightness of Being, The (1988)",Drama,Drama,"{""release_year"": 1988, ""primary_genre"": ""Drama""}",ml-latest-small/movies.csv
ml-latest-small,1296,"Room with a View, A (1986)",Drama|Romance,Drama,"{""release_year"": 1986, ""primary_genre"": ""Drama""}",ml-latest-small/movies.csv
ml-latest-small,1297,Real Genius (1985),Comedy,Comedy,"{""release_year"": 1985, ""primary_genre"": ""Comedy""}",ml-latest-small/movies.csv
ml-latest-small,1298,Pink Floyd: The Wall (1982),Drama|Musical,Drama,"{""release_year"": 1982, ""primary_genre"": ""Drama""}",ml-latest-small/movies.csv
ml-latest-small,1299,"Killing Fields, The (1984)",Drama|War,Drama,"{""release_year"": 1984, ""primary_genre"": ""Drama""}",ml-latest-small/movies.csv
ml-latest-small,1300,My Life as a Dog (Mitt liv som hund) (1985),Comedy|Drama,Comedy,"{""release_year"": 1985, ""primary_genre"": ""Comedy""}",ml-latest-small/movies.csv
ml-latest-small,1301,Forbidden Planet (1956),Drama|Sci-Fi,Drama,"{""release_year"": 1956, ""primary_genre"": ""Drama""}",ml-latest-small/movies.csv
ml-latest-small,1302,Field of Dreams (1989),Children|Drama|Fantasy,Children,"{""release_year"": 1989, ""primary_genre"": ""Children""}",ml-latest-small/movies.csv
ml-latest-small,1303,"Man Who Would Be King, The (1975)",Adventure|Drama,Adventure,"{""release_year"": 1975, ""primary_genre"": ""Adventure""}",ml-latest-small/movies.csv
ml-latest-small,1304,Butch Cassidy and the Sundance Kid (1969),Action|Western,Action,"{""release_year"": 1969, ""primary_genre"": ""Action""}",ml-latest-small/movies.csv
ml-latest-small,1305,"Paris, Texas (1984)",Drama|Romance,Drama,"{""release_year"": 1984, ""primary_genre"": ""Drama""}",ml-latest-small/movies.csv
ml-latest-small,1306,Until the End of the World (Bis ans Ende der Welt) (1991),Adventure|Drama|Sci-Fi,Adventure,"{""release_year"": 1991, ""primary_genre"": ""Adventure""}",ml-latest-small/movies.csv
ml-latest-small,1307,When Harry Met Sally... (1989),Comedy|Romance,Comedy,"{""release_year"": 1989, ""primary_genre"": ""Comedy""}",ml-latest-small/movies.csv
ml-latest-small,1310,Hype! (1996),Documentary,Documentary,"{""release_year"": 1996, ""primary_genre"": ""Documentary""}",ml-latest-small/movies.csv
ml-latest-small,1312,Female Perversions (1996),Drama,Drama,"{""release_year"": 1996, ""primary_genre"": ""Drama""}",ml-latest-small/movies.csv
ml-latest-small,1318,Blue Juice (1995),Comedy|Drama,Comedy,"{""release_year"": 1995, ""primary_genre"": ""Comedy""}",ml-latest-small/movies.csv
ml-latest-small,1320,Alien³ (a.k.a. Alien 3) (1992),Action|Horror|Sci-Fi|Thriller,Action,"{""release_year"": 1992, ""primary_genre"": ""Action""}",ml-latest-small/movies.csv
ml-latest-small,1321,"American Werewolf in London, An (1981)",Comedy|Horror|Thriller,Comedy,"{""release_year"": 1981, ""primary_genre"": ""Comedy""}",ml-latest-small/movies.csv
ml-latest-small,1322,Amityville 1992: It's About Time (1992),Horror,Horror,"{""release_year"": 1992, ""primary_genre"": ""Horror""}",ml-latest-small/movies.csv
ml-latest-small,1323,Amityville 3-D (1983),Horror,Horror,"{""release_year"": 1983, ""primary_genre"": ""Horror""}",ml-latest-small/movies.csv
ml-latest-small,1324,Amityville: Dollhouse (1996),Horror,Horror,"{""release_year"": 1996, ""primary_genre"": ""Horror""}",ml-latest-small/movies.csv
ml-latest-small,1325,Amityville: A New Generation (1993),Horror,Horror,"{""release_year"": 1993, ""primary_genre"": ""Horror""}",ml-latest-small/movies.csv
ml-latest-small,1326,Amityville II: The Possession (1982),Horror,Horror,"{""release_year"": 1982, ""primary_genre"": ""Horror""}",ml-latest-small/movies.csv
ml-latest-small,1327,"Amityville Horror, The (1979)",Drama|Horror|Mystery|Thriller,Drama,"{""release_year"": 1979, ""primary_genre"": ""Drama""}",ml-latest-small/movies.csv
ml-latest-small,1328,"Amityville Curse, The (1990)",Horror,Horror,"{""release_year"": 1990, ""primary_genre"": ""Horror""}",ml-latest-small/movies.csv
ml-latest-small,1329,Blood for Dracula (Andy Warhol's Dracula) (1974),Horror,Horror,"{""release_year"": 1974, ""primary_genre"": ""Horror""}",ml-latest-small/movies.csv
ml-latest-small,1330,April Fool's Day (1986),Horror,Horror,"{""release_year"": 1986, ""primary_genre"": ""Horror""}",ml-latest-small/movies.csv
ml-latest-small,1331,Audrey Rose (1977),Horror,Horror,"{""release_year"": 1977, ""primary_genre"": ""Horror""}",ml-latest-small/movies.csv
ml-latest-small,1332,"Believers, The (1987)",Horror|Thriller,Horror,"{""release_year"": 1987, ""primary_genre"": ""Horror""}",ml-latest-small/movies.csv
ml-latest-small,1333,"Birds, The (1963)",Horror|Thriller,Horror,"{""release_year"": 1963, ""primary_genre"": ""Horror""}",ml-latest-small/movies.csv
ml-latest-small,1334,"Blob, The (1958)",Horror|Sci-Fi,Horror,"{""release_year"": 1958, ""primary_genre"": ""Horror""}",ml-latest-small/movies.csv
ml-latest-small,1335,Blood Beach (1981),Horror|Mystery,Horror,"{""release_year"": 1981, ""primary_genre"": ""Horror""}",ml-latest-small/movies.csv
ml-latest-small,1336,Body Parts (1991),Horror|Thriller,Horror,"{""release_year"": 1991, ""primary_genre"": ""Horror""}",ml-latest-small/movies.csv
ml-latest-small,1337,"Body Snatcher, The (1945)",Drama|Horror|Thriller,Drama,"{""release_year"": 1945, ""primary_genre"": ""Drama""}",ml-latest-small/movies.csv
ml-latest-small,1339,Dracula (Bram Stoker's Dracula) (1992),Fantasy|Horror|Romance|Thriller,Fantasy,"{""release_year"": 1992, ""primary_genre"": ""Fantasy""}",ml-latest-small/movies.csv
ml-latest-small,1340,"Bride of Frankenstein, The (Bride of Frankenstein) (1935)",Drama|Horror|Sci-Fi,Drama,"{""release_year"": 1935, ""primary_genre"": ""Drama""}",ml-latest-small/movies.csv
ml-latest-small,1341,Burnt Offerings (1976),Horror,Horror,"{""release_year"": 1976, ""primary_genre"": ""Horror""}",ml-latest-small/movies.csv
ml-latest-small,1342,Candyman (1992),Horror|Thriller,Horror,"{""release_year"": 1992, ""primary_genre"": ""Horror""}",ml-latest-small/movies.csv
ml-latest-small,1343,Cape Fear (1991),Thriller,Thriller,"{""release_year"": 1991, ""primary_genre"": ""Thriller""}",ml-latest-small/movies.csv
ml-latest-small,1344,Cape Fear (1962),Crime|Drama|Thriller,Crime,"{""release_year"": 1962, ""primary_genre"": ""Crime""}",ml-latest-small/movies.csv
ml-latest-small,1345,Carrie (1976),Drama|Fantasy|Horror|Thriller,Drama,"{""release_year"": 1976, ""primary_genre"": ""Drama""}",ml-latest-small/movies.csv
ml-latest-small,1346,Cat People (1982),Drama|Fantasy|Horror,Drama,"{""release_year"": 1982, ""primary_genre"": ""Drama""}",ml-latest-small/movies.csv
ml-latest-small,1347,"Nightmare on Elm Street, A (1984)",Horror|Thriller,Horror,"{""release_year"": 1984, ""primary_genre"": ""Horror""}",ml-latest-small/movies.csv
ml-latest-small,1348,"Nosferatu (Nosferatu, eine Symphonie des Grauens) (1922)",Horror,Horror,"{""release_year"": 1922, ""primary_genre"": ""Horror""}",ml-latest-small/movies.csv
ml-latest-small,1349,Vampire in Venice (Nosferatu a Venezia) (Nosferatu in Venice) (1986),Horror,Horror,"{""release_year"": 1986, ""primary_genre"": ""Horror""}",ml-latest-small/movies.csv
ml-latest-small,1350,"Omen, The (1976)",Horror|Mystery|Thriller,Horror,"{""release_year"": 1976, ""primary_genre"": ""Horror""}",ml-latest-small/movies.csv
ml-latest-small,1351,Blood and Wine (Blood & Wine) (1996),Crime|Drama|Thriller,Crime,"{""release_year"": 1996, ""primary_genre"": ""Crime""}",ml-latest-small/movies.csv
ml-latest-small,1352,Albino Alligator (1996),Crime|Thriller,Crime,"{""release_year"": 1996, ""primary_genre"": ""Crime""}",ml-latest-small/movies.csv
ml-latest-small,1353,"Mirror Has Two Faces, The (1996)",Comedy|Drama|Romance,Comedy,"{""release_year"": 1996, ""primary_genre"": ""Comedy""}",ml-latest-small/movies.csv
ml-latest-small,1354,Breaking the Waves (1996),Drama|Mystery,Drama,"{""release_year"": 1996, ""primary_genre"": ""Drama""}",ml-latest-small/movies.csv
ml-latest-small,1355,Nightwatch (1997),Horror|Thriller,Horror,"{""release_year"": 1997, ""primary_genre"": ""Horror""}",ml-latest-small/movies.csv
ml-latest-small,1356,Star Trek: First Contact (1996),Action|Adventure|Sci-Fi|Thriller,Action,"{""release_year"": 1996, ""primary_genre"": ""Action""}",ml-latest-small/movies.csv
ml-latest-small,1357,Shine (1996),Drama|Romance,Drama,"{""release_year"": 1996, ""primary_genre"": ""Drama""}",ml-latest-small/movies.csv
ml-latest-small,1358,Sling Blade (1996),Drama,Drama,"{""release_year"": 1996, ""primary_genre"": ""Drama""}",ml-latest-small/movies.csv
ml-latest-small,1359,Jingle All the Way (1996),Children|Comedy,Children,"{""release_year"": 1996, ""primary_genre"": ""Children""}",ml-latest-small/movies.csv
ml-latest-small,1361,Paradise Lost: The Child Murders at Robin Hood Hills (1996),Documentary,Documentary,"{""release_year"": 1996, ""primary_genre"": ""Documentary""}",ml-latest-small/movies.csv
ml-latest-small,1363,"Preacher's Wife, The (1996)",Drama,Drama,"{""release_year"": 1996, ""primary_genre"": ""Drama""}",ml-latest-small/movies.csv
ml-latest-small,1365,Ridicule (1996),Drama,Drama,"{""release_year"": 1996, ""primary_genre"": ""Drama""}",ml-latest-small/movies.csv
ml-latest-small,1366,"Crucible, The (1996)",Drama,Drama,"{""release_year"": 1996, ""primary_genre"": ""Drama""}",ml-latest-small/movies.csv
ml-latest-small,1367,101 Dalmatians (1996),Adventure|Children|Comedy,Adventure,"{""release_year"": 1996, ""primary_genre"": ""Adventure""}",ml-latest-small/movies.csv
ml-latest-small,1370,Die Hard 2 (1990),Action|Adventure|Thriller,Action,"{""release_year"": 1990, ""primary_genre"": ""Action""}",ml-latest-small/movies.csv
ml-latest-small,1371,Star Trek: The Motion Picture (1979),Adventure|Sci-Fi,Adventure,"{""release_year"": 1979, ""primary_genre"": ""Adventure""}",ml-latest-small/movies.csv
ml-latest-small,1372,Star Trek VI: The Undiscovered Country (1991),Action|Mystery|Sci-Fi,Action,"{""release_year"": 1991, ""primary_genre"": ""Action""}",ml-latest-small/movies.csv
ml-latest-small,1373,Star Trek V: The Final Frontier (1989),Action|Sci-Fi,Action,"{""release_year"": 1989, ""primary_genre"": ""Action""}",ml-latest-small/movies.csv
ml-latest-small,1374,Star Trek II: The Wrath of Khan (1982),Action|Adventure|Sci-Fi|Thriller,Action,"{""release_year"": 1982, ""primary_genre"": ""Action""}",ml-latest-small/movies.csv
ml-latest-small,1375,Star Trek III: The Search for Spock (1984),Action|Adventure|Sci-Fi,Action,"{""release_year"": 1984, ""primary_genre"": ""Action""}",ml-latest-small/movies.csv
ml-latest-small,1376,Star Trek IV: The Voyage Home (1986),Adventure|Comedy|Sci-Fi,Adventure,"{""release_year"": 1986, ""primary_genre"": ""Adventure""}",ml-latest-small/movies.csv
ml-latest-small,1377,Batman Returns (1992),Action|Crime,Action,"{""release_year"": 1992, ""primary_genre"": ""Action""}",ml-latest-small/movies.csv
ml-latest-small,1378,Young Guns (1988),Action|Comedy|Western,Action,"{""release_year"": 1988, ""primary_genre"": ""Action""}",ml-latest-small/movies.csv
ml-latest-small,1379,Young Guns II (1990),Action|Western,Action,"{""release_year"": 1990, ""primary_genre"": ""Action""}",ml-latest-small/movies.csv
ml-latest-small,1380,Grease (1978),Comedy|Musical|Romance,Comedy,"{""release_year"": 1978, ""primary_genre"": ""Comedy""}",ml-latest-small/movies.csv
ml-latest-small,1381,Grease 2 (1982),Comedy|Musical|Romance,Comedy,"{""release_year"": 1982, ""primary_genre"": ""Comedy""}",ml-latest-small/movies.csv
ml-latest-small,1382,Marked for Death (1990),Action|Drama,Action,"{""release_year"": 1990, ""primary_genre"": ""Action""}",ml-latest-small/movies.csv
ml-latest-small,1385,Under Siege (1992),Action|Drama|Thriller,Action,"{""release_year"": 1992, ""primary_genre"": ""Action""}",ml-latest-small/movies.csv
ml-latest-small,1387,Jaws (1975),Action|Horror,Action,"{""release_year"": 1975, ""primary_genre"": ""Action""}",ml-latest-small/movies.csv
ml-latest-small,1388,Jaws 2 (1978),Horror|Thriller,Horror,"{""release_year"": 1978, ""primary_genre"": ""Horror""}",ml-latest-small/movies.csv
ml-latest-small,1389,Jaws 3-D (1983),Action|Horror,Action,"{""release_year"": 1983, ""primary_genre"": ""Action""}",ml-latest-small/movies.csv
ml-latest-small,1390,My Fellow Americans (1996),Comedy,Comedy,"{""release_year"": 1996, ""primary_genre"": ""Comedy""}",ml-latest-small/movies.csv
ml-latest-small,1391,Mars Attacks! (1996),Action|Comedy|Sci-Fi,Action,"{""release_year"": 1996, ""primary_genre"": ""Action""}",ml-latest-small/movies.csv
ml-latest-small,1392,Citizen Ruth (1996),Comedy|Drama,Comedy,"{""release_year"": 1996, ""primary_genre"": ""Comedy""}",ml-latest-small/movies.csv
ml-latest-small,1393,Jerry Maguire (1996),Drama|Romance,Drama,"{""release_year"": 1996, ""primary_genre"": ""Drama""}",ml-latest-small/movies.csv
ml-latest-small,1394,Raising Arizona (1987),Comedy,Comedy,"{""release_year"": 1987, ""primary_genre"": ""Comedy""}",ml-latest-small/movies.csv
ml-latest-small,1395,Tin Men (1987),Comedy|Drama,Comedy,"{""release_year"": 1987, ""primary_genre"": ""Comedy""}",ml-latest-small/movies.csv
ml-latest-small,1396,Sneakers (1992),Action|Comedy|Crime|Drama|Sci-Fi,Action,"{""release_year"": 1992, ""primary_genre"": ""Action""}",ml-latest-small/movies.csv
ml-latest-small,1397,Bastard Out of Carolina (1996),Drama,Drama,"{""release_year"": 1996, ""primary_genre"": ""Drama""}",ml-latest-small/movies.csv
ml-latest-small,1398,In Love and War (1996),Romance|War,Romance,"{""release_year"": 1996, ""primary_genre"": ""Romance""}",ml-latest-small/movies.csv
ml-latest-small,1399,Marvin's Room (1996),Drama,Drama,"{""release_year"": 1996, ""primary_genre"": ""Drama""}",ml-latest-small/movies.csv
ml-latest-small,1401,Ghosts of Mississippi (1996),Drama,Drama,"{""release_year"": 1996, ""primary_genre"": ""Drama""}",ml-latest-small/movies.csv
ml-latest-small,1405,Beavis and Butt-Head Do America (1996),Adventure|Animation|Comedy|Crime,Adventure,"{""release_year"": 1996, ""primary_genre"": ""Adventure""}",ml-latest-small/movies.csv
ml-latest-small,1406,La Cérémonie (1995),Crime|Drama|Mystery|Thriller,Crime,"{""release_year"": 1995, ""primary_genre"": ""Crime""}",ml-latest-small/movies.csv
ml-latest-small,1407,Scream (1996),Comedy|Horror|Mystery|Thriller,Comedy,"{""release_year"": 1996, ""primary_genre"": ""Comedy""}",ml-latest-small/movies.csv
ml-latest-small,1408,"Last of the Mohicans, The (1992)",Action|Romance|War|Western,Action,"{""release_year"": 1992, ""primary_genre"": ""Action""}",ml-latest-small/movies.csv
ml-latest-small,1409,Michael (1996),Comedy|Drama|Fantasy|Romance,Comedy,"{""release_year"": 1996, ""primary_genre"": ""Comedy""}",ml-latest-small/movies.csv
ml-latest-small,1411,Hamlet (1996),Crime|Drama|Romance,Crime,"{""release_year"": 1996, ""primary_genre"": ""Crime""}",ml-latest-small/movies.csv
ml-latest-small,1412,Some Mother's Son (1996),Drama,Drama,"{""release_year"": 1996, ""primary_genre"": ""Drama""}",ml-latest-small/movies.csv
ml-latest-small,1413,"Whole Wide World, The (1996)",Drama,Drama,"{""release_year"": 1996, ""primary_genre"": ""Drama""}",ml-latest-small/movies.csv
ml-latest-small,1414,Mother (1996),Comedy,Comedy,"{""release_year"": 1996, ""primary_genre"": ""Comedy""}",ml-latest-small/movies.csv
ml-latest-small,1415,"Thieves (Voleurs, Les) (1996)",Crime|Drama|Romance,Crime,"{""release_year"": 1996, ""primary_genre"": ""Crime""}",ml-latest-small/movies.csv
ml-latest-small,1416,Evita (1996),Drama|Musical,Drama,"{""release_year"": 1996, ""primary_genre"": ""Drama""}",ml-latest-small/movies.csv
ml-latest-small,1417,"Portrait of a Lady, The (1996)",Drama,Drama,"{""release_year"": 1996, ""primary_genre"": ""Drama""}",ml-latest-small/movies.csv
ml-latest-small,1419,Walkabout (1971),Adventure|Drama,Adventure,"{""release_year"": 1971, ""primary_genre"": ""Adventure""}",ml-latest-small/movies.csv
ml-latest-small,1422,Murder at 1600 (1997),Crime|Drama|Mystery|Thriller,Crime,"{""release_year"": 1997, ""primary_genre"": ""Crime""}",ml-latest-small/movies.csv
ml-latest-small,1423,Hearts and Minds (1996),Drama,Drama,"{""release_year"": 1996, ""primary_genre"": ""Drama""}",ml-latest-small/movies.csv
ml-latest-small,1425,Fierce Creatures (1997),Comedy,Comedy,"{""release_year"": 1997, ""primary_genre"": ""Comedy""}",ml-latest-small/movies.csv
ml-latest-small,1426,Zeus and Roxanne (1997),Children,Children,"{""release_year"": 1997, ""primary_genre"": ""Children""}",ml-latest-small/movies.csv
ml-latest-small,1427,Turbulence (1997),Action|Thriller,Action,"{""release_year"": 1997, ""primary_genre"": ""Action""}",ml-latest-small/movies.csv
ml-latest-small,1428,Angel Baby (1995),Drama,Drama,"{""release_year"": 1995, ""primary_genre"": ""Drama""}",ml-latest-small/movies.csv
ml-latest-small,1429,First Strike (Police Story 4: First Strike) (Ging chaat goo si 4: Ji gaan daan yam mo) (1996),Action|Adventure|Comedy|Thriller,Action,"{""release_year"": 1996, ""primary_genre"": ""Action""}",ml-latest-small/movies.csv
ml-latest-small,1430,Underworld (1996),Comedy|Thriller,Comedy,"{""release_year"": 1996, ""primary_genre"": ""Comedy""}",ml-latest-small/movies.csv
ml-latest-small,1431,Beverly Hills Ninja (1997),Action|Comedy,Action,"{""release_year"": 1997, ""primary_genre"": ""Action""}",ml-latest-small/movies.csv
ml-latest-small,1432,Metro (1997),Action|Comedy|Crime|Drama|Thriller,Action,"{""release_year"": 1997, ""primary_genre"": ""Action""}",ml-latest-small/movies.csv
ml-latest-small,1437,"Cement Garden, The (1993)",Drama,Drama,"{""release_year"": 1993, ""primary_genre"": ""Drama""}",ml-latest-small/movies.csv
ml-latest-small,1438,Dante's Peak (1997),Action|Thriller,Action,"{""release_year"": 1997, ""primary_genre"": ""Action""}",ml-latest-small/movies.csv
ml-latest-small,1439,Meet Wally Sparks (1997),Comedy,Comedy,"{""release_year"": 1997, ""primary_genre"": ""Comedy""}",ml-latest-small/movies.csv
ml-latest-small,1440,Amos & Andrew (1993),Comedy,Comedy,"{""release_year"": 1993, ""primary_genre"": ""Comedy""}",ml-latest-small/movies.csv
ml-latest-small,1441,Benny & Joon (1993),Comedy|Romance,Comedy,"{""release_year"": 1993, ""primary_genre"": ""Comedy""}",ml-latest-small/movies.csv
ml-latest-small,1442,Prefontaine (1997),Drama,Drama,"{""release_year"": 1997, ""primary_genre"": ""Drama""}",ml-latest-small/movies.csv
ml-latest-small,1445,McHale's Navy (1997),Comedy|War,Comedy,"{""release_year"": 1997, ""primary_genre"": ""Comedy""}",ml-latest-small/movies.csv
ml-latest-small,1446,Kolya (Kolja) (1996),Comedy|Drama,Comedy,"{""release_year"": 1996, ""primary_genre"": ""Comedy""}",ml-latest-small/movies.csv
ml-latest-small,1447,Gridlock'd (1997),Crime,Crime,"{""release_year"": 1997, ""primary_genre"": ""Crime""}",ml-latest-small/movies.csv
ml-latest-small,1449,Waiting for Guffman (1996),Comedy,Comedy,"{""release_year"": 1996, ""primary_genre"": ""Comedy""}",ml-latest-small/movies.csv
ml-latest-small,1453,"Beautician and the Beast, The (1997)",Comedy|Romance,Comedy,"{""release_year"": 1997, ""primary_genre"": ""Comedy""}",ml-latest-small/movies.csv
ml-latest-small,1454,SubUrbia (1997),Comedy|Drama,Comedy,"{""release_year"": 1997, ""primary_genre"": ""Comedy""}",ml-latest-small/movies.csv
ml-latest-small,1456,"Pest, The (1997)",Comedy,Comedy,"{""release_year"": 1997, ""primary_genre"": ""Comedy""}",ml-latest-small/movies.csv
ml-latest-small,1457,Fools Rush In (1997),Comedy|Drama|Romance,Comedy,"{""release_year"": 1997, ""primary_genre"": ""Comedy""}",ml-latest-small/movies.csv
ml-latest-small,1458,Touch (1997),Drama|Fantasy|Romance,Drama,"{""release_year"": 1997, ""primary_genre"": ""Drama""}",ml-latest-small/movies.csv
ml-latest-small,1459,Absolute Power (1997),Mystery|Thriller,Mystery,"{""release_year"": 1997, ""primary_genre"": ""Mystery""}",ml-latest-small/movies.csv
ml-latest-small,1460,That Darn Cat (1997),Children|Comedy|Mystery,Children,"{""release_year"": 1997, ""primary_genre"": ""Children""}",ml-latest-small/movies.csv
ml-latest-small,1461,Vegas Vacation (National Lampoon's Las Vegas Vacation) (1997),Comedy,Comedy,"{""release_year"": 1997, ""primary_genre"": ""Comedy""}",ml-latest-small/movies.csv
ml-latest-small,1464,Lost Highway (1997),Crime|Drama|Fantasy|Film-Noir|Mystery|Romance,Crime,"{""release_year"": 1997, ""primary_genre"": ""Crime""}",ml-latest-small/movies.csv
ml-latest-small,1465,Rosewood (1997),Action|Drama,Action,"{""release_year"": 1997, ""primary_genre"": ""Action""}",ml-latest-small/movies.csv
ml-latest-small,1466,Donnie Brasco (1997),Crime|Drama,Crime,"{""release_year"": 1997, ""primary_genre"": ""Crime""}",ml-latest-small/movies.csv
ml-latest-small,1468,Booty Call (1997),Comedy|Romance,Comedy,"{""release_year"": 1997, ""primary_genre"": ""Comedy""}",ml-latest-small/movies.csv
ml-latest-small,1473,Best Men (1997),Action|Comedy|Crime|Drama,Action,"{""release_year"": 1997, ""primary_genre"": ""Action""}",ml-latest-small/movies.csv
ml-latest-small,1474,Jungle2Jungle (a.k.a. Jungle 2 Jungle) (1997),Children|Comedy,Children,"{""release_year"": 1997, ""primary_genre"": ""Children""}",ml-latest-small/movies.csv
ml-latest-small,1475,Kama Sutra: A Tale of Love (1996),Romance,Romance,"{""release_year"": 1996, ""primary_genre"": ""Romance""}",ml-latest-small/movies.csv
ml-latest-small,1476,Private Parts (1997),Comedy|Drama,Comedy,"{""release_year"": 1997, ""primary_genre"": ""Comedy""}",ml-latest-small/movies.csv
ml-latest-small,1477,Love Jones (1997),Romance,Romance,"{""release_year"": 1997, ""primary_genre"": ""Romance""}",ml-latest-small/movies.csv
ml-latest-small,1479,"Saint, The (1997)",Action|Romance|Sci-Fi|Thriller,Action,"{""release_year"": 1997, ""primary_genre"": ""Action""}",ml-latest-small/movies.csv
ml-latest-small,1480,Smilla's Sense of Snow (1997),Drama|Thriller,Drama,"{""release_year"": 1997, ""primary_genre"": ""Drama""}",ml-latest-small/movies.csv
ml-latest-small,1483,Crash (1996),Drama|Thriller,Drama,"{""release_year"": 1996, ""primary_genre"": ""Drama""}",ml-latest-small/movies.csv
ml-latest-small,1484,"Daytrippers, The (1996)",Comedy|Drama|Mystery|Romance,Comedy,"{""release_year"": 1996, ""primary_genre"": ""Comedy""}",ml-latest-small/movies.csv
ml-latest-small,1485,Liar Liar (1997),Comedy,Comedy,"{""release_year"": 1997, ""primary_genre"": ""Comedy""}",ml-latest-small/movies.csv
ml-latest-small,1487,Selena (1997),Drama|Musical,Drama,"{""release_year"": 1997, ""primary_genre"": ""Drama""}",ml-latest-small/movies.csv
ml-latest-small,1488,"Devil's Own, The (1997)",Action|Drama|Thriller,Action,"{""release_year"": 1997, ""primary_genre"": ""Action""}",ml-latest-small/movies.csv
ml-latest-small,1489,Cats Don't Dance (1997),Animation|Children|Musical,Animation,"{""release_year"": 1997, ""primary_genre"": ""Animation""}",ml-latest-small/movies.csv
ml-latest-small,1490,B*A*P*S (1997),Comedy,Comedy,"{""release_year"": 1997, ""primary_genre"": ""Comedy""}",ml-latest-small/movies.csv
ml-latest-small,1493,Love and Other Catastrophes (1996),Romance,Romance,"{""release_year"": 1996, ""primary_genre"": ""Romance""}",ml-latest-small/movies.csv
ml-latest-small,1495,Turbo: A Power Rangers Movie (1997),Action|Adventure|Children,Action,"{""release_year"": 1997, ""primary_genre"": ""Action""}",ml-latest-small/movies.csv
ml-latest-small,1496,Anna Karenina (1997),Drama|Romance,Drama,"{""release_year"": 1997, ""primary_genre"": ""Drama""}",ml-latest-small/movies.csv
ml-latest-small,1497,Double Team (1997),Action,Action,"{""release_year"": 1997, ""primary_genre"": ""Action""}",ml-latest-small/movies.csv
ml-latest-small,1498,Inventing the Abbotts (1997),Drama|Romance,Drama,"{""release_year"": 1997, ""primary_genre"": ""Drama""}",ml-latest-small/movies.csv
ml-latest-small,1499,Anaconda (1997),Action|Adventure|Thriller,Action,"{""release_year"": 1997, ""primary_genre"": ""Action""}",ml-latest-small/movies.csv
ml-latest-small,1500,Grosse Pointe Blank (1997),Comedy|Crime|Romance,Comedy,"{""release_year"": 1997, ""primary_genre"": ""Comedy""}",ml-latest-small/movies.csv
ml-latest-small,1502,Kissed (1996),Drama|Romance,Drama,"{""release_year"": 1996, ""primary_genre"": ""Drama""}",ml-latest-small/movies.csv
ml-latest-small,1503,8 Heads in a Duffel Bag (1997),Comedy,Comedy,"{""release_year"": 1997, ""primary_genre"": ""Comedy""}",ml-latest-small/movies.csv
ml-latest-small,1507,Paradise Road (1997),Drama|War,Drama,"{""release_year"": 1997, ""primary_genre"": ""Drama""}",ml-latest-small/movies.csv
ml-latest-small,1513,Romy and Michele's High School Reunion (1997),Comedy,Comedy,"{""release_year"": 1997, ""primary_genre"": ""Comedy""}",ml-latest-small/movies.csv
ml-latest-small,1514,Temptress Moon (Feng Yue) (1996),Romance,Romance,"{""release_year"": 1996, ""primary_genre"": ""Romance""}",ml-latest-small/movies.csv
ml-latest-small,1515,Volcano (1997),Action|Drama|Thriller,Action,"{""release_year"": 1997, ""primary_genre"": ""Action""}",ml-latest-small/movies.csv
ml-latest-small,1516,Children of the Revolution (1996),Comedy,Comedy,"{""release_year"": 1996, ""primary_genre"": ""Comedy""}",ml-latest-small/movies.csv
ml-latest-small,1517,Austin Powers: International Man of Mystery (1997),Action|Adventure|Comedy,Action,"{""release_year"": 1997, ""primary_genre"": ""Action""}",ml-latest-small/movies.csv
ml-latest-small,1518,Breakdown (1997),Action|Thriller,Action,"{""release_year"": 1997, ""primary_genre"": ""Action""}",ml-latest-small/movies.csv
ml-latest-small,1519,Broken English (1996),Drama,Drama,"{""release_year"": 1996, ""primary_genre"": ""Drama""}",ml-latest-small/movies.csv
ml-latest-small,1526,Fathers' Day (1997),Comedy,Comedy,"{""release_year"": 1997, ""primary_genre"": ""Comedy""}",ml-latest-small/movies.csv
ml-latest-small,1527,"Fifth Element, The (1997)",Action|Adventure|Comedy|Sci-Fi,Action,"{""release_year"": 1997, ""primary_genre"": ""Action""}",ml-latest-small/movies.csv
ml-latest-small,1529,Nowhere (1997),Comedy|Drama,Comedy,"{""release_year"": 1997, ""primary_genre"": ""Comedy""}",ml-latest-small/movies.csv
ml-latest-small,1533,"Promise, The (La promesse) (1996)",Drama,Drama,"{""release_year"": 1996, ""primary_genre"": ""Drama""}",ml-latest-small/movies.csv
ml-latest-small,1537,Shall We Dance? (Shall We Dansu?) (1996),Comedy|Drama|Romance,Comedy,"{""release_year"": 1996, ""primary_genre"": ""Comedy""}",ml-latest-small/movies.csv
ml-latest-small,1541,Addicted to Love (1997),Comedy|Romance,Comedy,"{""release_year"": 1997, ""primary_genre"": ""Comedy""}",ml-latest-small/movies.csv
ml-latest-small,1542,Brassed Off (1996),Comedy|Drama|Romance,Comedy,"{""release_year"": 1996, ""primary_genre"": ""Comedy""}",ml-latest-small/movies.csv
ml-latest-small,1544,"Lost World: Jurassic Park, The (1997)",Action|Adventure|Sci-Fi|Thriller,Action,"{""release_year"": 1997, ""primary_genre"": ""Action""}",ml-latest-small/movies.csv
ml-latest-small,1545,Ponette (1996),Drama,Drama,"{""release_year"": 1996, ""primary_genre"": ""Drama""}",ml-latest-small/movies.csv
ml-latest-small,1546,Schizopolis (1996),Comedy,Comedy,"{""release_year"": 1996, ""primary_genre"": ""Comedy""}",ml-latest-small/movies.csv
ml-latest-small,1547,Shiloh (1997),Children|Drama,Children,"{""release_year"": 1997, ""primary_genre"": ""Children""}",ml-latest-small/movies.csv
ml-latest-small,1549,Rough Magic (1995),Drama|Romance,Drama,"{""release_year"": 1995, ""primary_genre"": ""Drama""}",ml-latest-small/movies.csv
ml-latest-small,1550,Trial and Error (1997),Comedy|Romance,Comedy,"{""release_year"": 1997, ""primary_genre"": ""Comedy""}",ml-latest-small/movies.csv
ml-latest-small,1551,Buddy (1997),Adventure|Children|Drama,Adventure,"{""release_year"": 1997, ""primary_genre"": ""Adventure""}",ml-latest-small/movies.csv
ml-latest-small,1552,Con Air (1997),Action|Adventure|Thriller,Action,"{""release_year"": 1997, ""primary_genre"": ""Action""}",ml-latest-small/movies.csv
ml-latest-small,1554,"Pillow Book, The (1996)",Drama|Romance,Drama,"{""release_year"": 1996, ""primary_genre"": ""Drama""}",ml-latest-small/movies.csv
ml-latest-small,1556,Speed 2: Cruise Control (1997),Action|Romance|Thriller,Action,"{""release_year"": 1997, ""primary_genre"": ""Action""}",ml-latest-small/movies.csv
ml-latest-small,1562,Batman & Robin (1997),Action|Adventure|Fantasy|Thriller,Action,"{""release_year"": 1997, ""primary_genre"": ""Action""}",ml-latest-small/movies.csv
ml-latest-small,1564,For Roseanna (Roseanna's Grave) (1997),Comedy|Drama|Romance,Comedy,"{""release_year"": 1997, ""primary_genre"": ""Comedy""}",ml-latest-small/movies.csv
ml-latest-small,1565,Head Above Water (1996),Comedy|Thriller,Comedy,"{""release_year"": 1996, ""primary_genre"": ""Comedy""}",ml-latest-small/movies.csv
ml-latest-small,1566,Hercules (1997),Adventure|Animation|Children|Comedy|Musical,Adventure,"{""release_year"": 1997, ""primary_genre"": ""Adventure""}",ml-latest-small/movies.csv
ml-latest-small,1569,My Best Friend's Wedding (1997),Comedy|Romance,Comedy,"{""release_year"": 1997, ""primary_genre"": ""Comedy""}",ml-latest-small/movies.csv
ml-latest-small,1571,When the Cat's Away (Chacun cherche son chat) (1996),Comedy|Romance,Comedy,"{""release_year"": 1996, ""primary_genre"": ""Comedy""}",ml-latest-small/movies.csv
ml-latest-small,1572,"Contempt (Mépris, Le) (1963)",Drama,Drama,"{""release_year"": 1963, ""primary_genre"": ""Drama""}",ml-latest-small/movies.csv
ml-latest-small,1573,Face/Off (1997),Action|Crime|Drama|Thriller,Action,"{""release_year"": 1997, ""primary_genre"": ""Action""}",ml-latest-small/movies.csv
ml-latest-small,1574,Fall (1997),Romance,Romance,"{""release_year"": 1997, ""primary_genre"": ""Romance""}",ml-latest-small/movies.csv
ml-latest-small,1580,Men in Black (a.k.a. MIB) (1997),Action|Comedy|Sci-Fi,Action,"{""release_year"": 1997, ""primary_genre"": ""Action""}",ml-latest-small/movies.csv
ml-latest-small,1581,Out to Sea (1997),Comedy,Comedy,"{""release_year"": 1997, ""primary_genre"": ""Comedy""}",ml-latest-small/movies.csv
ml-latest-small,1582,Wild America (1997),Adventure|Children,Adventure,"{""release_year"": 1997, ""primary_genre"": ""Adventure""}",ml-latest-small/movies.csv
ml-latest-small,1583,"Simple Wish, A (1997)",Children|Fantasy,Children,"{""release_year"": 1997, ""primary_genre"": ""Children""}",ml-latest-small/movies.csv
ml-latest-small,1584,Contact (1997),Drama|Sci-Fi,Drama,"{""release_year"": 1997, ""primary_genre"": ""Drama""}",ml-latest-small/movies.csv
ml-latest-small,1585,Love Serenade (1996),Comedy,Comedy,"{""release_year"": 1996, ""primary_genre"": ""Comedy""}",ml-latest-small/movies.csv
ml-latest-small,1586,G.I. Jane (1997),Action|Drama,Action,"{""release_year"": 1997, ""primary_genre"": ""Action""}",ml-latest-small/movies.csv
ml-latest-small,1587,Conan the Barbarian (1982),Action|Adventure|Fantasy,Action,"{""release_year"": 1982, ""primary_genre"": ""Action""}",ml-latest-small/movies.csv
ml-latest-small,1588,George of the Jungle (1997),Children|Comedy,Children,"{""release_year"": 1997, ""primary_genre"": ""Children""}",ml-latest-small/movies.csv
ml-latest-small,1589,Cop Land (1997),Action|Crime|Drama|Thriller,Action,"{""release_year"": 1997, ""primary_genre"": ""Action""}",ml-latest-small/movies.csv
ml-latest-small,1590,Event Horizon (1997),Horror|Sci-Fi|Thriller,Horror,"{""release_year"": 1997, ""primary_genre"": ""Horror""}",ml-latest-small/movies.csv
ml-latest-small,1591,Spawn (1997),Action|Adventure|Sci-Fi|Thriller,Action,"{""release_year"": 1997, ""primary_genre"": ""Action""}",ml-latest-small/movies.csv
ml-latest-small,1592,Air Bud (1997),Children|Comedy,Children,"{""release_year"": 1997, ""primary_genre"": ""Children""}",ml-latest-small/movies.csv
ml-latest-small,1593,Picture Perfect (1997),Comedy|Romance,Comedy,"{""release_year"": 1997, ""primary_genre"": ""Comedy""}",ml-latest-small/movies.csv
ml-latest-small,1594,In the Company of Men (1997),Comedy|Drama,Comedy,"{""release_year"": 1997, ""primary_genre"": ""Comedy""}",ml-latest-small/movies.csv
ml-latest-small,1596,Career Girls (1997),Drama,Drama,"{""release_year"": 1997, ""primary_genre"": ""Drama""}",ml-latest-small/movies.csv
ml-latest-small,1597,Conspiracy Theory (1997),Drama|Mystery|Romance|Thriller,Drama,"{""release_year"": 1997, ""primary_genre"": ""Drama""}",ml-latest-small/movies.csv
ml-latest-small,1598,Desperate Measures (1998),Crime|Drama|Thriller,Crime,"{""release_year"": 1998, ""primary_genre"": ""Crime""}",ml-latest-small/movies.csv
ml-latest-small,1599,Steel (1997),Action,Action,"{""release_year"": 1997, ""primary_genre"": ""Action""}",ml-latest-small/movies.csv
ml-latest-small,1600,She's So Lovely (1997),Drama|Romance,Drama,"{""release_year"": 1997, ""primary_genre"": ""Drama""}",ml-latest-small/movies.csv
ml-latest-small,1601,Hoodlum (1997),Crime|Drama|Film-Noir,Crime,"{""release_year"": 1997, ""primary_genre"": ""Crime""}",ml-latest-small/movies.csv
ml-latest-small,1602,Leave It to Beaver (1997),Comedy,Comedy,"{""release_year"": 1997, ""primary_genre"": ""Comedy""}",ml-latest-small/movies.csv
ml-latest-small,1603,Mimic (1997),Horror|Sci-Fi|Thriller,Horror,"{""release_year"": 1997, ""primary_genre"": ""Horror""}",ml-latest-small/movies.csv
ml-latest-small,1604,Money Talks (1997),Action|Comedy,Action,"{""release_year"": 1997, ""primary_genre"": ""Action""}",ml-latest-small/movies.csv
ml-latest-small,1605,Excess Baggage (1997),Adventure|Romance,Adventure,"{""release_year"": 1997, ""primary_genre"": ""Adventure""}",ml-latest-small/movies.csv
ml-latest-small,1606,Kull the Conqueror (1997),Action|Adventure,Action,"{""release_year"": 1997, ""primary_genre"": ""Action""}",ml-latest-small/movies.csv
ml-latest-small,1608,Air Force One (1997),Action|Thriller,Action,"{""release_year"": 1997, ""primary_genre"": ""Action""}",ml-latest-small/movies.csv
ml-latest-small,1609,187 (One Eight Seven) (1997),Drama|Thriller,Drama,"{""release_year"": 1997, ""primary_genre"": ""Drama""}",ml-latest-small/movies.csv
ml-latest-small,1610,"Hunt for Red October, The (1990)",Action|Adventure|Thriller,Action,"{""release_year"": 1990, ""primary_genre"": ""Action""}",ml-latest-small/movies.csv
ml-latest-small,1611,My Own Private Idaho (1991),Drama|Romance,Drama,"{""release_year"": 1991, ""primary_genre"": ""Drama""}",ml-latest-small/movies.csv
ml-latest-small,1612,"Kiss Me, Guido (1997)",Comedy,Comedy,"{""release_year"": 1997, ""primary_genre"": ""Comedy""}",ml-latest-small/movies.csv
ml-latest-small,1613,Star Maps (1997),Drama,Drama,"{""release_year"": 1997, ""primary_genre"": ""Drama""}",ml-latest-small/movies.csv
ml-latest-small,1614,In & Out (1997),Comedy,Comedy,"{""release_year"": 1997, ""primary_genre"": ""Comedy""}",ml-latest-small/movies.csv
ml-latest-small,1615,"Edge, The (1997)",Adventure|Drama,Adventure,"{""release_year"": 1997, ""primary_genre"": ""Adventure""}",ml-latest-small/movies.csv
ml-latest-small,1616,"Peacemaker, The (1997)",Action|Thriller|War,Action,"{""release_year"": 1997, ""primary_genre"": ""Action""}",ml-latest-small/movies.csv
ml-latest-small,1617,L.A. Confidential (1997),Crime|Film-Noir|Mystery|Thriller,Crime,"{""release_year"": 1997, ""primary_genre"": ""Crime""}",ml-latest-small/movies.csv
ml-latest-small,1619,Seven Years in Tibet (1997),Adventure|Drama|War,Adventure,"{""release_year"": 1997, ""primary_genre"": ""Adventure""}",ml-latest-small/movies.csv
ml-latest-small,1620,Kiss the Girls (1997),Crime|Drama|Mystery|Thriller,Crime,"{""release_year"": 1997, ""primary_genre"": ""Crime""}",ml-latest-small/movies.csv
ml-latest-small,1621,Soul Food (1997),Drama,Drama,"{""release_year"": 1997, ""primary_genre"": ""Drama""}",ml-latest-small/movies.csv
ml-latest-small,1623,Wishmaster (1997),Horror,Horror,"{""release_year"": 1997, ""primary_genre"": ""Horror""}",ml-latest-small/movies.csv
ml-latest-small,1624,"Thousand Acres, A (1997)",Drama,Drama,"{""release_year"": 1997, ""primary_genre"": ""Drama""}",ml-latest-small/movies.csv
ml-latest-small,1625,"Game, The (1997)",Drama|Mystery|Thriller,Drama,"{""release_year"": 1997, ""primary_genre"": ""Drama""}",ml-latest-small/movies.csv
ml-latest-small,1626,Fire Down Below (1997),Action|Drama|Thriller,Action,"{""release_year"": 1997, ""primary_genre"": ""Action""}",ml-latest-small/movies.csv
ml-latest-small,1627,U Turn (1997),Crime|Drama|Mystery,Crime,"{""release_year"": 1997, ""primary_genre"": ""Crime""}",ml-latest-small/movies.csv
ml-latest-small,1629,"MatchMaker, The (1997)",Comedy|Romance,Comedy,"{""release_year"": 1997, ""primary_genre"": ""Comedy""}",ml-latest-small/movies.csv
ml-latest-small,1631,"Assignment, The (1997)",Action|Thriller,Action,"{""release_year"": 1997, ""primary_genre"": ""Action""}",ml-latest-small/movies.csv
ml-latest-small,1633,Ulee's Gold (1997),Drama,Drama,"{""release_year"": 1997, ""primary_genre"": ""Drama""}",ml-latest-small/movies.csv
ml-latest-small,1635,"Ice Storm, The (1997)",Drama,Drama,"{""release_year"": 1997, ""primary_genre"": ""Drama""}",ml-latest-small/movies.csv
ml-latest-small,1639,Chasing Amy (1997),Comedy|Drama|Romance,Comedy,"{""release_year"": 1997, ""primary_genre"": ""Comedy""}",ml-latest-small/movies.csv
ml-latest-small,1641,"Full Monty, The (1997)",Comedy|Drama,Comedy,"{""release_year"": 1997, ""primary_genre"": ""Comedy""}",ml-latest-small/movies.csv
ml-latest-small,1642,Indian Summer (a.k.a. Alive & Kicking) (1996),Comedy|Drama,Comedy,"{""release_year"": 1996, ""primary_genre"": ""Comedy""}",ml-latest-small/movies.csv
ml-latest-small,1643,"Mrs. Brown (a.k.a. Her Majesty, Mrs. Brown) (1997)",Drama|Romance,Drama,"{""release_year"": 1997, ""primary_genre"": ""Drama""}",ml-latest-small/movies.csv
ml-latest-small,1644,I Know What You Did Last Summer (1997),Horror|Mystery|Thriller,Horror,"{""release_year"": 1997, ""primary_genre"": ""Horror""}",ml-latest-small/movies.csv
ml-latest-small,1645,The Devil's Advocate (1997),Drama|Mystery|Thriller,Drama,"{""release_year"": 1997, ""primary_genre"": ""Drama""}",ml-latest-small/movies.csv
ml-latest-small,1646,RocketMan (a.k.a. Rocket Man) (1997),Children|Comedy|Romance|Sci-Fi,Children,"{""release_year"": 1997, ""primary_genre"": ""Children""}",ml-latest-small/movies.csv
ml-latest-small,1647,Playing God (1997),Crime|Drama|Thriller,Crime,"{""release_year"": 1997, ""primary_genre"": ""Crime""}",ml-latest-small/movies.csv
ml-latest-small,1648,"House of Yes, The (1997)",Comedy|Drama,Comedy,"{""release_year"": 1997, ""primary_genre"": ""Comedy""}",ml-latest-small/movies.csv
ml-latest-small,1649,"Fast, Cheap & Out of Control (1997)",Documentary,Documentary,"{""release_year"": 1997, ""primary_genre"": ""Documentary""}",ml-latest-small/movies.csv
ml-latest-small,1650,Washington Square (1997),Drama,Drama,"{""release_year"": 1997, ""primary_genre"": ""Drama""}",ml-latest-small/movies.csv
ml-latest-small,1652,Year of the Horse (1997),Documentary,Documentary,"{""release_year"": 1997, ""primary_genre"": ""Documentary""}",ml-latest-small/movies.csv
ml-latest-small,1653,Gattaca (1997),Drama|Sci-Fi|Thriller,Drama,"{""release_year"": 1997, ""primary_genre"": ""Drama""}",ml-latest-small/movies.csv
ml-latest-small,1654,FairyTale: A True Story (1997),Children|Drama|Fantasy,Children,"{""release_year"": 1997, ""primary_genre"": ""Children""}",ml-latest-small/movies.csv
ml-latest-small,1655,Phantoms (1998),Drama|Horror|Thriller,Drama,"{""release_year"": 1998, ""primary_genre"": ""Drama""}",ml-latest-small/movies.csv
ml-latest-small,1656,Swept from the Sea (1997),Drama|Romance,Drama,"{""release_year"": 1997, ""primary_genre"": ""Drama""}",ml-latest-small/movies.csv
ml-latest-small,1658,"Life Less Ordinary, A (1997)",Romance|Thriller,Romance,"{""release_year"": 1997, ""primary_genre"": ""Romance""}",ml-latest-small/movies.csv
ml-latest-small,1659,Hurricane Streets (1997),Drama,Drama,"{""release_year"": 1997, ""primary_genre"": ""Drama""}",ml-latest-small/movies.csv
ml-latest-small,1660,Eve's Bayou (1997),Drama,Drama,"{""release_year"": 1997, ""primary_genre"": ""Drama""}",ml-latest-small/movies.csv
ml-latest-small,1661,Switchback (1997),Crime|Mystery|Thriller,Crime,"{""release_year"": 1997, ""primary_genre"": ""Crime""}",ml-latest-small/movies.csv
ml-latest-small,1662,Gang Related (1997),Crime,Crime,"{""release_year"": 1997, ""primary_genre"": ""Crime""}",ml-latest-small/movies.csv
ml-latest-small,1663,Stripes (1981),Comedy|War,Comedy,"{""release_year"": 1981, ""primary_genre"": ""Comedy""}",ml-latest-small/movies.csv
ml-latest-small,1665,Bean (1997),Comedy,Comedy,"{""release_year"": 1997, ""primary_genre"": ""Comedy""}",ml-latest-small/movies.csv
ml-latest-small,1667,Mad City (1997),Action|Drama,Action,"{""release_year"": 1997, ""primary_genre"": ""Action""}",ml-latest-small/movies.csv
ml-latest-small,1670,Welcome to Sarajevo (1997),Drama|War,Drama,"{""release_year"": 1997, ""primary_genre"": ""Drama""}",ml-latest-small/movies.csv
ml-latest-small,1671,Deceiver (1997),Crime|Drama|Thriller,Crime,"{""release_year"": 1997, ""primary_genre"": ""Crime""}",ml-latest-small/movies.csv
ml-latest-small,1672,"Rainmaker, The (1997)",Drama,Drama,"{""release_year"": 1997, ""primary_genre"": ""Drama""}",ml-latest-small/movies.csv
ml-latest-small,1673,Boogie Nights (1997),Drama,Drama,"{""release_year"": 1997, ""primary_genre"": ""Drama""}",ml-latest-small/movies.csv
ml-latest-small,1674,Witness (1985),Drama|Romance|Thriller,Drama,"{""release_year"": 1985, ""primary_genre"": ""Drama""}",ml-latest-small/movies.csv
ml-latest-small,1675,Incognito (1997),Crime|Thriller,Crime,"{""release_year"": 1997, ""primary_genre"": ""Crime""}",ml-latest-small/movies.csv
ml-latest-small,1676,Starship Troopers (1997),Action|Sci-Fi,Action,"{""release_year"": 1997, ""primary_genre"": ""Action""}",ml-latest-small/movies.csv
ml-latest-small,1677,Critical Care (1997),Comedy|Drama,Comedy,"{""release_year"": 1997, ""primary_genre"": ""Comedy""}",ml-latest-small/movies.csv
ml-latest-small,1678,"Joy Luck Club, The (1993)",Drama|Romance,Drama,"{""release_year"": 1993, ""primary_genre"": ""Drama""}",ml-latest-small/movies.csv
ml-latest-small,1679,Chairman of the Board (1998),Comedy,Comedy,"{""release_year"": 1998, ""primary_genre"": ""Comedy""}",ml-latest-small/movies.csv
ml-latest-small,1680,Sliding Doors (1998),Drama|Romance,Drama,"{""release_year"": 1998, ""primary_genre"": ""Drama""}",ml-latest-small/movies.csv
ml-latest-small,1681,Mortal Kombat: Annihilation (1997),Action|Adventure|Fantasy,Action,"{""release_year"": 1997, ""primary_genre"": ""Action""}",ml-latest-small/movies.csv
ml-latest-small,1682,"Truman Show, The (1998)",Comedy|Drama|Sci-Fi,Comedy,"{""release_year"": 1998, ""primary_genre"": ""Comedy""}",ml-latest-small/movies.csv
ml-latest-small,1683,"Wings of the Dove, The (1997)",Drama|Romance,Drama,"{""release_year"": 1997, ""primary_genre"": ""Drama""}",ml-latest-small/movies.csv
ml-latest-small,1684,Mrs. Dalloway (1997),Drama|Romance,Drama,"{""release_year"": 1997, ""primary_genre"": ""Drama""}",ml-latest-small/movies.csv
ml-latest-small,1685,"I Love You, I Love You Not (1996)",Drama|Romance,Drama,"{""release_year"": 1996, ""primary_genre"": ""Drama""}",ml-latest-small/movies.csv
ml-latest-small,1686,Red Corner (1997),Crime|Thriller,Crime,"{""release_year"": 1997, ""primary_genre"": ""Crime""}",ml-latest-small/movies.csv
ml-latest-small,1687,"Jackal, The (1997)",Action|Thriller,Action,"{""release_year"": 1997, ""primary_genre"": ""Action""}",ml-latest-small/movies.csv
ml-latest-small,1688,Anastasia (1997),Adventure|Animation|Children|Drama|Musical,Adventure,"{""release_year"": 1997, ""primary_genre"": ""Adventure""}",ml-latest-small/movies.csv
ml-latest-small,1689,"Man Who Knew Too Little, The (1997)",Comedy|Crime|Thriller,Comedy,"{""release_year"": 1997, ""primary_genre"": ""Comedy""}",ml-latest-small/movies.csv
ml-latest-small,1690,Alien: Resurrection (1997),Action|Horror|Sci-Fi,Action,"{""release_year"": 1997, ""primary_genre"": ""Action""}",ml-latest-small/movies.csv
ml-latest-small,1693,Amistad (1997),Drama|Mystery,Drama,"{""release_year"": 1997, ""primary_genre"": ""Drama""}",ml-latest-small/movies.csv
ml-latest-small,1694,"Apostle, The (1997)",Drama,Drama,"{""release_year"": 1997, ""primary_genre"": ""Drama""}",ml-latest-small/movies.csv
ml-latest-small,1695,Artemisia (1997),Drama,Drama,"{""release_year"": 1997, ""primary_genre"": ""Drama""}",ml-latest-small/movies.csv
ml-latest-small,1696,Bent (1997),Drama|War,Drama,"{""release_year"": 1997, ""primary_genre"": ""Drama""}",ml-latest-small/movies.csv
ml-latest-small,1699,"Butcher Boy, The (1997)",Comedy|Drama,Comedy,"{""release_year"": 1997, ""primary_genre"": ""Comedy""}",ml-latest-small/movies.csv
ml-latest-small,1701,Deconstructing Harry (1997),Comedy|Drama,Comedy,"{""release_year"": 1997, ""primary_genre"": ""Comedy""}",ml-latest-small/movies.csv
ml-latest-small,1702,Flubber (1997),Children|Comedy|Fantasy,Children,"{""release_year"": 1997, ""primary_genre"": ""Children""}",ml-latest-small/movies.csv
ml-latest-small,1703,For Richer or Poorer (1997),Comedy,Comedy,"{""release_year"": 1997, ""primary_genre"": ""Comedy""}",ml-latest-small/movies.csv
ml-latest-small,1704,Good Will Hunting (1997),Drama|Romance,Drama,"{""release_year"": 1997, ""primary_genre"": ""Drama""}",ml-latest-small/movies.csv
ml-latest-small,1707,Home Alone 3 (1997),Children|Comedy,Children,"{""release_year"": 1997, ""primary_genre"": ""Children""}",ml-latest-small/movies.csv
ml-latest-small,1711,Midnight in the Garden of Good and Evil (1997),Crime|Drama|Mystery,Crime,"{""release_year"": 1997, ""primary_genre"": ""Crime""}",ml-latest-small/movies.csv
ml-latest-small,1713,Mouse Hunt (1997),Children|Comedy,Children,"{""release_year"": 1997, ""primary_genre"": ""Children""}",ml-latest-small/movies.csv
ml-latest-small,1717,Scream 2 (1997),Comedy|Horror|Mystery|Thriller,Comedy,"{""release_year"": 1997, ""primary_genre"": ""Comedy""}",ml-latest-small/movies.csv
ml-latest-small,1718,Stranger in the House (1997),Thriller,Thriller,"{""release_year"": 1997, ""primary_genre"": ""Thriller""}",ml-latest-small/movies.csv
ml-latest-small,1719,"Sweet Hereafter, The (1997)",Drama,Drama,"{""release_year"": 1997, ""primary_genre"": ""Drama""}",ml-latest-small/movies.csv
ml-latest-small,1721,Titanic (1997),Drama|Romance,Drama,"{""release_year"": 1997, ""primary_genre"": ""Drama""}",ml-latest-small/movies.csv
ml-latest-small,1722,Tomorrow Never Dies (1997),Action|Adventure|Thriller,Action,"{""release_year"": 1997, ""primary_genre"": ""Action""}",ml-latest-small/movies.csv
ml-latest-small,1726,"Postman, The (1997)",Action|Adventure|Drama|Sci-Fi,Action,"{""release_year"": 1997, ""primary_genre"": ""Action""}",ml-latest-small/movies.csv
ml-latest-small,1727,"Horse Whisperer, The (1998)",Drama|Romance,Drama,"{""release_year"": 1998, ""primary_genre"": ""Drama""}",ml-latest-small/movies.csv
ml-latest-small,1729,Jackie Brown (1997),Crime|Drama|Thriller,Crime,"{""release_year"": 1997, ""primary_genre"": ""Crime""}",ml-latest-small/movies.csv
ml-latest-small,1730,Kundun (1997),Drama,Drama,"{""release_year"": 1997, ""primary_genre"": ""Drama""}",ml-latest-small/movies.csv
ml-latest-small,1731,Mr. Magoo (1997),Comedy,Comedy,"{""release_year"": 1997, ""primary_genre"": ""Comedy""}",ml-latest-small/movies.csv
ml-latest-small,1732,"Big Lebowski, The (1998)",Comedy|Crime,Comedy,"{""release_year"": 1998, ""primary_genre"": ""Comedy""}",ml-latest-small/movies.csv
ml-latest-small,1733,Afterglow (1997),Drama|Romance,Drama,"{""release_year"": 1997, ""primary_genre"": ""Drama""}",ml-latest-small/movies.csv
ml-latest-small,1734,My Life in Pink (Ma vie en rose) (1997),Comedy|Drama,Comedy,"{""release_year"": 1997, ""primary_genre"": ""Comedy""}",ml-latest-small/movies.csv
ml-latest-small,1735,Great Expectations (1998),Drama|Romance,Drama,"{""release_year"": 1998, ""primary_genre"": ""Drama""}",ml-latest-small/movies.csv
ml-latest-small,1739,3 Ninjas: High Noon On Mega Mountain (1998),Action|Children|Comedy,Action,"{""release_year"": 1998, ""primary_genre"": ""Action""}",ml-latest-small/movies.csv
ml-latest-small,1746,Senseless (1998),Comedy,Comedy,"{""release_year"": 1998, ""primary_genre"": ""Comedy""}",ml-latest-small/movies.csv
ml-latest-small,1747,Wag the Dog (1997),Comedy,Comedy,"{""release_year"": 1997, ""primary_genre"": ""Comedy""}",ml-latest-small/movies.csv
ml-latest-small,1748,Dark City (1998),Adventure|Film-Noir|Sci-Fi|Thriller,Adventure,"{""release_year"": 1998, ""primary_genre"": ""Adventure""}",ml-latest-small/movies.csv
ml-latest-small,1752,Hard Rain (1998),Action|Crime|Thriller,Action,"{""release_year"": 1998, ""primary_genre"": ""Action""}",ml-latest-small/movies.csv
ml-latest-small,1753,Half Baked (1998),Comedy,Comedy,"{""release_year"": 1998, ""primary_genre"": ""Comedy""}",ml-latest-small/movies.csv
ml-latest-small,1754,Fallen (1998),Crime|Drama|Fantasy|Thriller,Crime,"{""release_year"": 1998, ""primary_genre"": ""Crime""}",ml-latest-small/movies.csv
ml-latest-small,1755,Shooting Fish (1997),Comedy|Romance,Comedy,"{""release_year"": 1997, ""primary_genre"": ""Comedy""}",ml-latest-small/movies.csv
ml-latest-small,1757,Fallen Angels (Duo luo tian shi) (1995),Drama|Romance,Drama,"{""release_year"": 1995, ""primary_genre"": ""Drama""}",ml-latest-small/movies.csv
ml-latest-small,1759,"Four Days in September (O Que É Isso, Companheiro?) (1997)",Drama,Drama,"{""release_year"": 1997, ""primary_genre"": ""Drama""}",ml-latest-small/movies.csv
ml-latest-small,1760,Spice World (1997),Comedy,Comedy,"{""release_year"": 1997, ""primary_genre"": ""Comedy""}",ml-latest-small/movies.csv
ml-latest-small,1762,Deep Rising (1998),Action|Horror|Sci-Fi,Action,"{""release_year"": 1998, ""primary_genre"": ""Action""}",ml-latest-small/movies.csv
ml-latest-small,1767,Music From Another Room (1998),Drama|Romance,Drama,"{""release_year"": 1998, ""primary_genre"": ""Drama""}",ml-latest-small/movies.csv
ml-latest-small,1769,"Replacement Killers, The (1998)",Action|Crime|Thriller,Action,"{""release_year"": 1998, ""primary_genre"": ""Action""}",ml-latest-small/movies.csv
ml-latest-small,1770,B. Monkey (1998),Crime|Romance|Thriller,Crime,"{""release_year"": 1998, ""primary_genre"": ""Crime""}",ml-latest-small/movies.csv
ml-latest-small,1771,Night Flier (1997),Horror,Horror,"{""release_year"": 1997, ""primary_genre"": ""Horror""}",ml-latest-small/movies.csv
ml-latest-small,1772,Blues Brothers 2000 (1998),Action|Comedy|Musical,Action,"{""release_year"": 1998, ""primary_genre"": ""Action""}",ml-latest-small/movies.csv
ml-latest-small,1777,"Wedding Singer, The (1998)",Comedy|Romance,Comedy,"{""release_year"": 1998, ""primary_genre"": ""Comedy""}",ml-latest-small/movies.csv
ml-latest-small,1779,Sphere (1998),Sci-Fi|Thriller,Sci-Fi,"{""release_year"": 1998, ""primary_genre"": ""Sci-Fi""}",ml-latest-small/movies.csv
ml-latest-small,1783,Palmetto (1998),Crime|Drama|Mystery|Romance|Thriller,Crime,"{""release_year"": 1998, ""primary_genre"": ""Crime""}",ml-latest-small/movies.csv
ml-latest-small,1784,As Good as It Gets (1997),Comedy|Drama|Romance,Comedy,"{""release_year"": 1997, ""primary_genre"": ""Comedy""}",ml-latest-small/movies.csv
ml-latest-small,1785,King of New York (1990),Crime|Thriller,Crime,"{""release_year"": 1990, ""primary_genre"": ""Crime""}",ml-latest-small/movies.csv
ml-latest-small,1791,Twilight (1998),Crime|Drama|Thriller,Crime,"{""release_year"": 1998, ""primary_genre"": ""Crime""}",ml-latest-small/movies.csv
ml-latest-small,1792,U.S. Marshals (1998),Action|Crime|Thriller,Action,"{""release_year"": 1998, ""primary_genre"": ""Action""}",ml-latest-small/movies.csv
ml-latest-small,1793,Welcome to Woop-Woop (1997),Comedy,Comedy,"{""release_year"": 1997, ""primary_genre"": ""Comedy""}",ml-latest-small/movies.csv
ml-latest-small,1794,Love and Death on Long Island (1997),Comedy|Drama,Comedy,"{""release_year"": 1997, ""primary_genre"": ""Comedy""}",ml-latest-small/movies.csv
ml-latest-small,1797,Everest (1998),Documentary|IMAX,Documentary,"{""release_year"": 1998, ""primary_genre"": ""Documentary""}",ml-latest-small/movies.csv
ml-latest-small,1798,Hush (1998),Thriller,Thriller,"{""release_year"": 1998, ""primary_genre"": ""Thriller""}",ml-latest-small/movies.csv
ml-latest-small,1799,Suicide Kings (1997),Comedy|Crime|Drama|Mystery|Thriller,Comedy,"{""release_year"": 1997, ""primary_genre"": ""Comedy""}",ml-latest-small/movies.csv
ml-latest-small,1801,"Man in the Iron Mask, The (1998)",Action|Adventure|Drama,Action,"{""release_year"": 1998, ""primary_genre"": ""Action""}",ml-latest-small/movies.csv
ml-latest-small,1804,"Newton Boys, The (1998)",Crime|Drama,Crime,"{""release_year"": 1998, ""primary_genre"": ""Crime""}",ml-latest-small/movies.csv
ml-latest-small,1805,Wild Things (1998),Crime|Drama|Mystery|Thriller,Crime,"{""release_year"": 1998, ""primary_genre"": ""Crime""}",ml-latest-small/movies.csv
ml-latest-small,1806,Paulie (1998),Adventure|Children|Comedy,Adventure,"{""release_year"": 1998, ""primary_genre"": ""Adventure""}",ml-latest-small/movies.csv
ml-latest-small,1807,"Cool, Dry Place, A (1998)",Drama,Drama,"{""release_year"": 1998, ""primary_genre"": ""Drama""}",ml-latest-small/movies.csv
ml-latest-small,1809,Fireworks (Hana-bi) (1997),Crime|Drama,Crime,"{""release_year"": 1997, ""primary_genre"": ""Crime""}",ml-latest-small/movies.csv
ml-latest-small,1810,Primary Colors (1998),Comedy|Drama,Comedy,"{""release_year"": 1998, ""primary_genre"": ""Comedy""}",ml-latest-small/movies.csv
ml-latest-small,1812,Wide Awake (1998),Children|Comedy|Drama,Children,"{""release_year"": 1998, ""primary_genre"": ""Children""}",ml-latest-small/movies.csv
ml-latest-small,1816,Two Girls and a Guy (1997),Comedy|Drama,Comedy,"{""release_year"": 1997, ""primary_genre"": ""Comedy""}",ml-latest-small/movies.csv
ml-latest-small,1821,"Object of My Affection, The (1998)",Comedy|Romance,Comedy,"{""release_year"": 1998, ""primary_genre"": ""Comedy""}",ml-latest-small/movies.csv
ml-latest-small,1824,Homegrown (1998),Comedy|Thriller,Comedy,"{""release_year"": 1998, ""primary_genre"": ""Comedy""}",ml-latest-small/movies.csv
ml-latest-small,1825,The Players Club (1998),Comedy|Drama,Comedy,"{""release_year"": 1998, ""primary_genre"": ""Comedy""}",ml-latest-small/movies.csv
ml-latest-small,1826,Barney's Great Adventure (1998),Adventure|Children,Adventure,"{""release_year"": 1998, ""primary_genre"": ""Adventure""}",ml-latest-small/movies.csv
ml-latest-small,1827,"Big One, The (1997)",Comedy|Documentary,Comedy,"{""release_year"": 1997, ""primary_genre"": ""Comedy""}",ml-latest-small/movies.csv
ml-latest-small,1829,Chinese Box (1997),Drama|Romance,Drama,"{""release_year"": 1997, ""primary_genre"": ""Drama""}",ml-latest-small/movies.csv
ml-latest-small,1831,Lost in Space (1998),Action|Adventure|Sci-Fi,Action,"{""release_year"": 1998, ""primary_genre"": ""Action""}",ml-latest-small/movies.csv
ml-latest-small,1833,Mercury Rising (1998),Action|Drama|Thriller,Action,"{""release_year"": 1998, ""primary_genre"": ""Action""}",ml-latest-small/movies.csv
ml-latest-small,1834,"Spanish Prisoner, The (1997)",Crime|Drama|Mystery|Thriller,Crime,"{""release_year"": 1997, ""primary_genre"": ""Crime""}",ml-latest-small/movies.csv
ml-latest-small,1835,City of Angels (1998),Drama|Fantasy|Romance,Drama,"{""release_year"": 1998, ""primary_genre"": ""Drama""}",ml-latest-small/movies.csv
ml-latest-small,1836,"Last Days of Disco, The (1998)",Comedy|Drama,Comedy,"{""release_year"": 1998, ""primary_genre"": ""Comedy""}",ml-latest-small/movies.csv
ml-latest-small,1837,"Odd Couple II, The (1998)",Comedy,Comedy,"{""release_year"": 1998, ""primary_genre"": ""Comedy""}",ml-latest-small/movies.csv
ml-latest-small,1839,My Giant (1998),Comedy,Comedy,"{""release_year"": 1998, ""primary_genre"": ""Comedy""}",ml-latest-small/movies.csv
ml-latest-small,1840,He Got Game (1998),Drama,Drama,"{""release_year"": 1998, ""primary_genre"": ""Drama""}",ml-latest-small/movies.csv
ml-latest-small,1841,"Gingerbread Man, The (1998)",Drama|Thriller,Drama,"{""release_year"": 1998, ""primary_genre"": ""Drama""}",ml-latest-small/movies.csv
ml-latest-small,1844,Live Flesh (Carne trémula) (1997),Drama|Romance,Drama,"{""release_year"": 1997, ""primary_genre"": ""Drama""}",ml-latest-small/movies.csv
ml-latest-small,1845,Zero Effect (1998),Comedy|Mystery|Thriller,Comedy,"{""release_year"": 1998, ""primary_genre"": ""Comedy""}",ml-latest-small/movies.csv
ml-latest-small,1848,"Borrowers, The (1997)",Adventure|Children|Comedy|Fantasy,Adventure,"{""release_year"": 1997, ""primary_genre"": ""Adventure""}",ml-latest-small/movies.csv
ml-latest-small,1855,Krippendorf's Tribe (1998),Comedy,Comedy,"{""release_year"": 1998, ""primary_genre"": ""Comedy""}",ml-latest-small/movies.csv
ml-latest-small,1856,Kurt & Courtney (1998),Documentary,Documentary,"{""release_year"": 1998, ""primary_genre"": ""Documentary""}",ml-latest-small/movies.csv
ml-latest-small,1857,"Real Blonde, The (1997)",Comedy,Comedy,"{""release_year"": 1997, ""primary_genre"": ""Comedy""}",ml-latest-small/movies.csv
ml-latest-small,1858,Mr. Nice Guy (Yat goh ho yan) (1997),Action|Comedy,Action,"{""release_year"": 1997, ""primary_genre"": ""Action""}",ml-latest-small/movies.csv
ml-latest-small,1859,Taste of Cherry (Ta'm e guilass) (1997),Drama,Drama,"{""release_year"": 1997, ""primary_genre"": ""Drama""}",ml-latest-small/movies.csv
ml-latest-small,1860,Character (Karakter) (1997),Drama,Drama,"{""release_year"": 1997, ""primary_genre"": ""Drama""}",ml-latest-small/movies.csv
ml-latest-small,1862,Species II (1998),Horror|Sci-Fi,Horror,"{""release_year"": 1998, ""primary_genre"": ""Horror""}",ml-latest-small/movies.csv
ml-latest-small,1863,Major League: Back to the Minors (1998),Comedy,Comedy,"{""release_year"": 1998, ""primary_genre"": ""Comedy""}",ml-latest-small/movies.csv
ml-latest-small,1866,"Big Hit, The (1998)",Action|Comedy|Crime,Action,"{""release_year"": 1998, ""primary_genre"": ""Action""}",ml-latest-small/movies.csv
ml-latest-small,1867,Tarzan and the Lost City (1998),Action|Adventure,Action,"{""release_year"": 1998, ""primary_genre"": ""Action""}",ml-latest-small/movies.csv
ml-latest-small,1870,"Dancer, Texas Pop. 81 (1998)",Comedy|Drama,Comedy,"{""release_year"": 1998, ""primary_genre"": ""Comedy""}",ml-latest-small/movies.csv
ml-latest-small,1873,"Misérables, Les (1998)",Crime|Drama|Romance|War,Crime,"{""release_year"": 1998, ""primary_genre"": ""Crime""}",ml-latest-small/movies.csv
ml-latest-small,1875,Clockwatchers (1997),Comedy,Comedy,"{""release_year"": 1997, ""primary_genre"": ""Comedy""}",ml-latest-small/movies.csv
ml-latest-small,1876,Deep Impact (1998),Drama|Sci-Fi|Thriller,Drama,"{""release_year"": 1998, ""primary_genre"": ""Drama""}",ml-latest-small/movies.csv
ml-latest-small,1881,Quest for Camelot (1998),Adventure|Animation|Children|Fantasy|Musical,Adventure,"{""release_year"": 1998, ""primary_genre"": ""Adventure""}",ml-latest-small/movies.csv
ml-latest-small,1882,Godzilla (1998),Action|Sci-Fi|Thriller,Action,"{""release_year"": 1998, ""primary_genre"": ""Action""}",ml-latest-small/movies.csv
ml-latest-small,1883,Bulworth (1998),Comedy|Drama|Romance,Comedy,"{""release_year"": 1998, ""primary_genre"": ""Comedy""}",ml-latest-small/movies.csv
ml-latest-small,1884,Fear and Loathing in Las Vegas (1998),Adventure|Comedy|Drama,Adventure,"{""release_year"": 1998, ""primary_genre"": ""Adventure""}",ml-latest-small/movies.csv
ml-latest-small,1885,"Opposite of Sex, The (1998)",Comedy|Drama|Romance,Comedy,"{""release_year"": 1998, ""primary_genre"": ""Comedy""}",ml-latest-small/movies.csv
ml-latest-small,1887,Almost Heroes (1998),Adventure|Comedy|Western,Adventure,"{""release_year"": 1998, ""primary_genre"": ""Adventure""}",ml-latest-small/movies.csv
ml-latest-small,1888,Hope Floats (1998),Comedy|Drama|Romance,Comedy,"{""release_year"": 1998, ""primary_genre"": ""Comedy""}",ml-latest-small/movies.csv
ml-latest-small,1889,Insomnia (1997),Drama|Mystery|Thriller,Drama,"{""release_year"": 1997, ""primary_genre"": ""Drama""}",ml-latest-small/movies.csv
ml-latest-small,1891,"Ugly, The (1997)",Horror|Thriller,Horror,"{""release_year"": 1997, ""primary_genre"": ""Horror""}",ml-latest-small/movies.csv
ml-latest-small,1892,"Perfect Murder, A (1998)",Thriller,Thriller,"{""release_year"": 1998, ""primary_genre"": ""Thriller""}",ml-latest-small/movies.csv
ml-latest-small,1893,Beyond Silence (Jenseits der Stille) (1996),Drama,Drama,"{""release_year"": 1996, ""primary_genre"": ""Drama""}",ml-latest-small/movies.csv
ml-latest-small,1894,Six Days Seven Nights (1998),Adventure|Comedy|Romance,Adventure,"{""release_year"": 1998, ""primary_genre"": ""Adventure""}",ml-latest-small/movies.csv
ml-latest-small,1895,Can't Hardly Wait (1998),Comedy|Drama|Romance,Comedy,"{""release_year"": 1998, ""primary_genre"": ""Comedy""}",ml-latest-small/movies.csv
ml-latest-small,1897,High Art (1998),Drama|Romance,Drama,"{""release_year"": 1998, ""primary_genre"": ""Drama""}",ml-latest-small/movies.csv
ml-latest-small,1900,"Children of Heaven, The (Bacheha-Ye Aseman) (1997)",Comedy|Drama,Comedy,"{""release_year"": 1997, ""primary_genre"": ""Comedy""}",ml-latest-small/movies.csv
ml-latest-small,1902,Dream for an Insomniac (1996),Drama|Romance,Drama,"{""release_year"": 1996, ""primary_genre"": ""Drama""}",ml-latest-small/movies.csv
ml-latest-small,1904,Henry Fool (1997),Comedy|Drama,Comedy,"{""release_year"": 1997, ""primary_genre"": ""Comedy""}",ml-latest-small/movies.csv
ml-latest-small,1906,Mr. Jealousy (1997),Comedy|Romance,Comedy,"{""release_year"": 1997, ""primary_genre"": ""Comedy""}",ml-latest-small/movies.csv
ml-latest-small,1907,Mulan (1998),Adventure|Animation|Children|Comedy|Drama|Musical|Romance,Adventure,"{""release_year"": 1998, ""primary_genre"": ""Adventure""}",ml-latest-small/movies.csv
ml-latest-small,1909,"X-Files: Fight the Future, The (1998)",Action|Crime|Mystery|Sci-Fi|Thriller,Action,"{""release_year"": 1998, ""primary_genre"": ""Action""}",ml-latest-small/movies.csv
ml-latest-small,1910,I Went Down (1997),Comedy|Crime|Drama,Comedy,"{""release_year"": 1997, ""primary_genre"": ""Comedy""}",ml-latest-small/movies.csv
ml-latest-small,1911,Dr. Dolittle (1998),Comedy,Comedy,"{""release_year"": 1998, ""primary_genre"": ""Comedy""}",ml-latest-small/movies.csv
ml-latest-small,1912,Out of Sight (1998),Comedy|Crime|Drama|Romance|Thriller,Comedy,"{""release_year"": 1998, ""primary_genre"": ""Comedy""}",ml-latest-small/movies.csv
ml-latest-small,1913,Picnic at Hanging Rock (1975),Drama|Mystery,Drama,"{""release_year"": 1975, ""primary_genre"": ""Drama""}",ml-latest-small/movies.csv
ml-latest-small,1914,Smoke Signals (1998),Comedy|Drama,Comedy,"{""release_year"": 1998, ""primary_genre"": ""Comedy""}",ml-latest-small/movies.csv
ml-latest-small,1916,Buffalo '66 (a.k.a. Buffalo 66) (1998),Drama|Romance,Drama,"{""release_year"": 1998, ""primary_genre"": ""Drama""}",ml-latest-small/movies.csv
ml-latest-small,1917,Armageddon (1998),Action|Romance|Sci-Fi|Thriller,Action,"{""release_year"": 1998, ""primary_genre"": ""Action""}",ml-latest-small/movies.csv
ml-latest-small,1918,Lethal Weapon 4 (1998),Action|Comedy|Crime|Thriller,Action,"{""release_year"": 1998, ""primary_genre"": ""Action""}",ml-latest-small/movies.csv
ml-latest-small,1919,Madeline (1998),Children|Comedy,Children,"{""release_year"": 1998, ""primary_genre"": ""Children""}",ml-latest-small/movies.csv
ml-latest-small,1920,Small Soldiers (1998),Animation|Children|Fantasy|War,Animation,"{""release_year"": 1998, ""primary_genre"": ""Animation""}",ml-latest-small/movies.csv
ml-latest-small,1921,Pi (1998),Drama|Sci-Fi|Thriller,Drama,"{""release_year"": 1998, ""primary_genre"": ""Drama""}",ml-latest-small/movies.csv
ml-latest-small,1922,Whatever (1998),Drama,Drama,"{""release_year"": 1998, ""primary_genre"": ""Drama""}",ml-latest-small/movies.csv
ml-latest-small,1923,There's Something About Mary (1998),Comedy|Romance,Comedy,"{""release_year"": 1998, ""primary_genre"": ""Comedy""}",ml-latest-small/movies.csv
ml-latest-small,1924,Plan 9 from Outer Space (1959),Horror|Sci-Fi,Horror,"{""release_year"": 1959, ""primary_genre"": ""Horror""}",ml-latest-small/movies.csv
ml-latest-small,1926,"Broadway Melody, The (1929)",Musical,Musical,"{""release_year"": 1929, ""primary_genre"": ""Musical""}",ml-latest-small/movies.csv
ml-latest-small,1927,All Quiet on the Western Front (1930),Action|Drama|War,Action,"{""release_year"": 1930, ""primary_genre"": ""Action""}",ml-latest-small/movies.csv
ml-latest-small,1928,Cimarron (1931),Drama|Western,Drama,"{""release_year"": 1931, ""primary_genre"": ""Drama""}",ml-latest-small/movies.csv
ml-latest-small,1929,Grand Hotel (1932),Drama|Romance,Drama,"{""release_year"": 1932, ""primary_genre"": ""Drama""}",ml-latest-small/movies.csv
ml-latest-small,1931,Mutiny on the Bounty (1935),Adventure|Drama,Adventure,"{""release_year"": 1935, ""primary_genre"": ""Adventure""}",ml-latest-small/movies.csv
ml-latest-small,1932,"Great Ziegfeld, The (1936)",Drama|Musical,Drama,"{""release_year"": 1936, ""primary_genre"": ""Drama""}",ml-latest-small/movies.csv
ml-latest-small,1933,"Life of Emile Zola, The (1937)",Drama,Drama,"{""release_year"": 1937, ""primary_genre"": ""Drama""}",ml-latest-small/movies.csv
ml-latest-small,1934,You Can't Take It with You (1938),Comedy|Romance,Comedy,"{""release_year"": 1938, ""primary_genre"": ""Comedy""}",ml-latest-small/movies.csv
ml-latest-small,1936,Mrs. Miniver (1942),Drama|War,Drama,"{""release_year"": 1942, ""primary_genre"": ""Drama""}",ml-latest-small/movies.csv
ml-latest-small,1937,Going My Way (1944),Comedy|Drama|Musical,Comedy,"{""release_year"": 1944, ""primary_genre"": ""Comedy""}",ml-latest-small/movies.csv
ml-latest-small,1938,"Lost Weekend, The (1945)",Drama,Drama,"{""release_year"": 1945, ""primary_genre"": ""Drama""}",ml-latest-small/movies.csv
ml-latest-small,1939,"Best Years of Our Lives, The (1946)",Drama|War,Drama,"{""release_year"": 1946, ""primary_genre"": ""Drama""}",ml-latest-small/movies.csv
ml-latest-small,1940,Gentleman's Agreement (1947),Drama,Drama,"{""release_year"": 1947, ""primary_genre"": ""Drama""}",ml-latest-small/movies.csv
ml-latest-small,1941,Hamlet (1948),Drama,Drama,"{""release_year"": 1948, ""primary_genre"": ""Drama""}",ml-latest-small/movies.csv
ml-latest-small,1942,All the King's Men (1949),Drama,Drama,"{""release_year"": 1949, ""primary_genre"": ""Drama""}",ml-latest-small/movies.csv
ml-latest-small,1944,From Here to Eternity (1953),Drama|Romance|War,Drama,"{""release_year"": 1953, ""primary_genre"": ""Drama""}",ml-latest-small/movies.csv
ml-latest-small,1945,On the Waterfront (1954),Crime|Drama,Crime,"{""release_year"": 1954, ""primary_genre"": ""Crime""}",ml-latest-small/movies.csv
ml-latest-small,1946,Marty (1955),Drama|Romance,Drama,"{""release_year"": 1955, ""primary_genre"": ""Drama""}",ml-latest-small/movies.csv
ml-latest-small,1947,West Side Story (1961),Drama|Musical|Romance,Drama,"{""release_year"": 1961, ""primary_genre"": ""Drama""}",ml-latest-small/movies.csv
ml-latest-small,1948,Tom Jones (1963),Adventure|Comedy|Romance,Adventure,"{""release_year"": 1963, ""primary_genre"": ""Adventure""}",ml-latest-small/movies.csv
ml-latest-small,1949,"Man for All Seasons, A (1966)",Drama,Drama,"{""release_year"": 1966, ""primary_genre"": ""Drama""}",ml-latest-small/movies.csv
ml-latest-small,1950,In the Heat of the Night (1967),Drama|Mystery,Drama,"{""release_year"": 1967, ""primary_genre"": ""Drama""}",ml-latest-small/movies.csv
ml-latest-small,1951,Oliver! (1968),Drama|Musical,Drama,"{""release_year"": 1968, ""primary_genre"": ""Drama""}",ml-latest-small/movies.csv
ml-latest-small,1952,Midnight Cowboy (1969),Drama,Drama,"{""release_year"": 1969, ""primary_genre"": ""Drama""}",ml-latest-small/movies.csv
ml-latest-small,1953,"French Connection, The (1971)",Action|Crime|Thriller,Action,"{""release_year"": 1971, ""primary_genre"": ""Action""}",ml-latest-small/movies.csv
ml-latest-small,1954,Rocky (1976),Drama,Drama,"{""release_year"": 1976, ""primary_genre"": ""Drama""}",ml-latest-small/movies.csv
ml-latest-small,1955,Kramer vs. Kramer (1979),Drama,Drama,"{""release_year"": 1979, ""primary_genre"": ""Drama""}",ml-latest-small/movies.csv
ml-latest-small,1956,Ordinary People (1980),Drama,Drama,"{""release_year"": 1980, ""primary_genre"": ""Drama""}",ml-latest-small/movies.csv
ml-latest-small,1957,Chariots of Fire (1981),Drama,Drama,"{""release_year"": 1981, ""primary_genre"": ""Drama""}",ml-latest-small/movies.csv
ml-latest-small,1958,Terms of Endearment (1983),Comedy|Drama,Comedy,"{""release_year"": 1983, ""primary_genre"": ""Comedy""}",ml-latest-small/movies.csv
ml-latest-small,1959,Out of Africa (1985),Drama|Romance,Drama,"{""release_year"": 1985, ""primary_genre"": ""Drama""}",ml-latest-small/movies.csv
ml-latest-small,1960,"Last Emperor, The (1987)",Drama,Drama,"{""release_year"": 1987, ""primary_genre"": ""Drama""}",ml-latest-small/movies.csv
ml-latest-small,1961,Rain Man (1988),Drama,Drama,"{""release_year"": 1988, ""primary_genre"": ""Drama""}",ml-latest-small/movies.csv
ml-latest-small,1962,Driving Miss Daisy (1989),Drama,Drama,"{""release_year"": 1989, ""primary_genre"": ""Drama""}",ml-latest-small/movies.csv
ml-latest-small,1963,Take the Money and Run (1969),Comedy|Crime,Comedy,"{""release_year"": 1969, ""primary_genre"": ""Comedy""}",ml-latest-small/movies.csv
ml-latest-small,1964,Klute (1971),Drama|Mystery,Drama,"{""release_year"": 1971, ""primary_genre"": ""Drama""}",ml-latest-small/movies.csv
ml-latest-small,1965,Repo Man (1984),Comedy|Sci-Fi,Comedy,"{""release_year"": 1984, ""primary_genre"": ""Comedy""}",ml-latest-small/movies.csv
ml-latest-small,1966,Metropolitan (1990),Comedy,Comedy,"{""release_year"": 1990, ""primary_genre"": ""Comedy""}",ml-latest-small/movies.csv
ml-latest-small,1967,Labyrinth (1986),Adventure|Fantasy|Musical,Adventure,"{""release_year"": 1986, ""primary_genre"": ""Adventure""}",ml-latest-small/movies.csv
ml-latest-small,1968,"Breakfast Club, The (1985)",Comedy|Drama,Comedy,"{""release_year"": 1985, ""primary_genre"": ""Comedy""}",ml-latest-small/movies.csv
ml-latest-small,1969,"Nightmare on Elm Street 2: Freddy's Revenge, A (1985)",Horror,Horror,"{""release_year"": 1985, ""primary_genre"": ""Horror""}",ml-latest-small/movies.csv
ml-latest-small,1970,"Nightmare on Elm Street 3: Dream Warriors, A (1987)",Horror|Thriller,Horror,"{""release_year"": 1987, ""primary_genre"": ""Horror""}",ml-latest-small/movies.csv
ml-latest-small,1971,"Nightmare on Elm Street 4: The Dream Master, A (1988)",Horror|Thriller,Horror,"{""release_year"": 1988, ""primary_genre"": ""Horror""}",ml-latest-small/movies.csv
ml-latest-small,1972,"Nightmare on Elm Street 5: The Dream Child, A (1989)",Horror,Horror,"{""release_year"": 1989, ""primary_genre"": ""Horror""}",ml-latest-small/movies.csv
ml-latest-small,1973,"Freddy's Dead: The Final Nightmare (Nightmare on Elm Street Part 6: Freddy's Dead, A) (1991)",Horror,Horror,"{""release_year"": 1991, ""primary_genre"": ""Horror""}",ml-latest-small/movies.csv
ml-latest-small,1974,Friday the 13th (1980),Horror|Mystery|Thriller,Horror,"{""release_year"": 1980, ""primary_genre"": ""Horror""}",ml-latest-small/movies.csv
ml-latest-small,1975,Friday the 13th Part 2 (1981),Horror,Horror,"{""release_year"": 1981, ""primary_genre"": ""Horror""}",ml-latest-small/movies.csv
ml-latest-small,1976,Friday the 13th Part 3: 3D (1982),Horror,Horror,"{""release_year"": 1982, ""primary_genre"": ""Horror""}",ml-latest-small/movies.csv
ml-latest-small,1977,Friday the 13th Part IV: The Final Chapter (1984),Horror,Horror,"{""release_year"": 1984, ""primary_genre"": ""Horror""}",ml-latest-small/movies.csv
ml-latest-small,1978,Friday the 13th Part V: A New Beginning (1985),Horror,Horror,"{""release_year"": 1985, ""primary_genre"": ""Horror""}",ml-latest-small/movies.csv
ml-latest-small,1979,Friday the 13th Part VI: Jason Lives (1986),Horror,Horror,"{""release_year"": 1986, ""primary_genre"": ""Horror""}",ml-latest-small/movies.csv
ml-latest-small,1980,Friday the 13th Part VII: The New Blood (1988),Horror,Horror,"{""release_year"": 1988, ""primary_genre"": ""Horror""}",ml-latest-small/movies.csv
ml-latest-small,1981,Friday the 13th Part VIII: Jason Takes Manhattan (1989),Horror,Horror,"{""release_year"": 1989, ""primary_genre"": ""Horror""}",ml-latest-small/movies.csv
ml-latest-small,1982,Halloween (1978),Horror,Horror,"{""release_year"": 1978, ""primary_genre"": ""Horror""}",ml-latest-small/movies.csv
ml-latest-small,1983,Halloween II (1981),Horror,Horror,"{""release_year"": 1981, ""primary_genre"": ""Horror""}",ml-latest-small/movies.csv
ml-latest-small,1984,Halloween III: Season of the Witch (1982),Horror,Horror,"{""release_year"": 1982, ""primary_genre"": ""Horror""}",ml-latest-small/movies.csv
ml-latest-small,1985,Halloween 4: The Return of Michael Myers (1988),Horror,Horror,"{""release_year"": 1988, ""primary_genre"": ""Horror""}",ml-latest-small/movies.csv
ml-latest-small,1986,Halloween 5: The Revenge of Michael Myers (1989),Horror,Horror,"{""release_year"": 1989, ""primary_genre"": ""Horror""}",ml-latest-small/movies.csv
ml-latest-small,1987,Prom Night (1980),Horror,Horror,"{""release_year"": 1980, ""primary_genre"": ""Horror""}",ml-latest-small/movies.csv
ml-latest-small,1990,Prom Night IV: Deliver Us From Evil (1992),Horror,Horror,"{""release_year"": 1992, ""primary_genre"": ""Horror""}",ml-latest-small/movies.csv
ml-latest-small,1991,Child's Play (1988),Horror|Thriller,Horror,"{""release_year"": 1988, ""primary_genre"": ""Horror""}",ml-latest-small/movies.csv
ml-latest-small,1992,Child's Play 2 (1990),Horror|Thriller,Horror,"{""release_year"": 1990, ""primary_genre"": ""Horror""}",ml-latest-small/movies.csv
ml-latest-small,1993,Child's Play 3 (1991),Comedy|Horror|Thriller,Comedy,"{""release_year"": 1991, ""primary_genre"": ""Comedy""}",ml-latest-small/movies.csv
ml-latest-small,1994,Poltergeist (1982),Horror|Thriller,Horror,"{""release_year"": 1982, ""primary_genre"": ""Horror""}",ml-latest-small/movies.csv
ml-latest-small,1995,Poltergeist II: The Other Side (1986),Horror|Thriller,Horror,"{""release_year"": 1986, ""primary_genre"": ""Horror""}",ml-latest-small/movies.csv
ml-latest-small,1996,Poltergeist III (1988),Horror|Thriller,Horror,"{""release_year"": 1988, ""primary_genre"": ""Horror""}",ml-latest-small/movies.csv
ml-latest-small,1997,"Exorcist, The (1973)",Horror|Mystery,Horror,"{""release_year"": 1973, ""primary_genre"": ""Horror""}",ml-latest-small/movies.csv
ml-latest-small,1998,Exorcist II: The Heretic (1977),Horror,Horror,"{""release_year"": 1977, ""primary_genre"": ""Horror""}",ml-latest-small/movies.csv
ml-latest-small,1999,"Exorcist III, The (1990)",Horror,Horror,"{""release_year"": 1990, ""primary_genre"": ""Horror""}",ml-latest-small/movies.csv
ml-latest-small,2000,Lethal Weapon (1987),Action|Comedy|Crime|Drama,Action,"{""release_year"": 1987, ""primary_genre"": ""Action""}",ml-latest-small/movies.csv
ml-latest-small,2001,Lethal Weapon 2 (1989),Action|Comedy|Crime|Drama,Action,"{""release_year"": 1989, ""primary_genre"": ""Action""}",ml-latest-small/movies.csv
ml-latest-small,2002,Lethal Weapon 3 (1992),Action|Comedy|Crime|Drama,Action,"{""release_year"": 1992, ""primary_genre"": ""Action""}",ml-latest-small/movies.csv
ml-latest-small,2003,Gremlins (1984),Comedy|Horror,Comedy,"{""release_year"": 1984, ""primary_genre"": ""Comedy""}",ml-latest-small/movies.csv
ml-latest-small,2004,Gremlins 2: The New Batch (1990),Comedy|Horror,Comedy,"{""release_year"": 1990, ""primary_genre"": ""Comedy""}",ml-latest-small/movies.csv
ml-latest-small,2005,"Goonies, The (1985)",Action|Adventure|Children|Comedy|Fantasy,Action,"{""release_year"": 1985, ""primary_genre"": ""Action""}",ml-latest-small/movies.csv
ml-latest-small,2006,"Mask of Zorro, The (1998)",Action|Comedy|Romance,Action,"{""release_year"": 1998, ""primary_genre"": ""Action""}",ml-latest-small/movies.csv
ml-latest-small,2007,Polish Wedding (1998),Comedy,Comedy,"{""release_year"": 1998, ""primary_genre"": ""Comedy""}",ml-latest-small/movies.csv
ml-latest-small,2008,"This World, Then the Fireworks (1997)",Crime|Drama|Film-Noir,Crime,"{""release_year"": 1997, ""primary_genre"": ""Crime""}",ml-latest-small/movies.csv
ml-latest-small,2009,Soylent Green (1973),Drama|Mystery|Sci-Fi|Thriller,Drama,"{""release_year"": 1973, ""primary_genre"": ""Drama""}",ml-latest-small/movies.csv
ml-latest-small,2010,Metropolis (1927),Drama|Sci-Fi,Drama,"{""release_year"": 1927, ""primary_genre"": ""Drama""}",ml-latest-small/movies.csv
ml-latest-small,2011,Back to the Future Part II (1989),Adventure|Comedy|Sci-Fi,Adventure,"{""release_year"": 1989, ""primary_genre"": ""Adventure""}",ml-latest-small/movies.csv
ml-latest-small,2012,Back to the Future Part III (1990),Adventure|Comedy|Sci-Fi|Western,Adventure,"{""release_year"": 1990, ""primary_genre"": ""Adventure""}",ml-latest-small/movies.csv
ml-latest-small,2013,"Poseidon Adventure, The (1972)",Action|Adventure|Drama,Action,"{""release_year"": 1972, ""primary_genre"": ""Action""}",ml-latest-small/movies.csv
ml-latest-small,2014,Freaky Friday (1977),Children|Comedy|Fantasy,Children,"{""release_year"": 1977, ""primary_genre"": ""Children""}",ml-latest-small/movies.csv
ml-latest-small,2015,"Absent-Minded Professor, The (1961)",Children|Comedy|Fantasy,Children,"{""release_year"": 1961, ""primary_genre"": ""Children""}",ml-latest-small/movies.csv
ml-latest-small,2016,"Apple Dumpling Gang Rides Again, The (1979)",Children|Comedy|Western,Children,"{""release_year"": 1979, ""primary_genre"": ""Children""}",ml-latest-small/movies.csv
ml-latest-small,2017,Babes in Toyland (1961),Children|Fantasy|Musical,Children,"{""release_year"": 1961, ""primary_genre"": ""Children""}",ml-latest-small/movies.csv
ml-latest-small,2018,Bambi (1942),Animation|Children|Drama,Animation,"{""release_year"": 1942, ""primary_genre"": ""Animation""}",ml-latest-small/movies.csv
ml-latest-small,2019,Seven Samurai (Shichinin no samurai) (1954),Action|Adventure|Drama,Action,"{""release_year"": 1954, ""primary_genre"": ""Action""}",ml-latest-small/movies.csv
ml-latest-small,2020,Dangerous Liaisons (1988),Drama|Romance,Drama,"{""release_year"": 1988, ""primary_genre"": ""Drama""}",ml-latest-small/movies.csv
ml-latest-small,2021,Dune (1984),Adventure|Sci-Fi,Adventure,"{""release_year"": 1984, ""primary_genre"": ""Adventure""}",ml-latest-small/movies.csv
ml-latest-small,2022,"Last Temptation of Christ, The (1988)",Drama,Drama,"{""release_year"": 1988, ""primary_genre"": ""Drama""}",ml-latest-small/movies.csv
ml-latest-small,2023,"Godfather: Part III, The (1990)",Crime|Drama|Mystery|Thriller,Crime,"{""release_year"": 1990, ""primary_genre"": ""Crime""}",ml-latest-small/movies.csv
ml-latest-small,2024,"Rapture, The (1991)",Drama|Mystery,Drama,"{""release_year"": 1991, ""primary_genre"": ""Drama""}",ml-latest-small/movies.csv
ml-latest-small,2025,Lolita (1997),Drama|Romance,Drama,"{""release_year"": 1997, ""primary_genre"": ""Drama""}",ml-latest-small/movies.csv
ml-latest-small,2026,Disturbing Behavior (1998),Horror|Thriller,Horror,"{""release_year"": 1998, ""primary_genre"": ""Horror""}",ml-latest-small/movies.csv
ml-latest-small,2027,Jane Austen's Mafia! (1998),Comedy|Crime,Comedy,"{""release_year"": 1998, ""primary_genre"": ""Comedy""}",ml-latest-small/movies.csv
ml-latest-small,2028,Saving Private Ryan (1998),Action|Drama|War,Action,"{""release_year"": 1998, ""primary_genre"": ""Action""}",ml-latest-small/movies.csv
ml-latest-small,2032,"Barefoot Executive, The (1971)",Children|Comedy,Children,"{""release_year"": 1971, ""primary_genre"": ""Children""}",ml-latest-small/movies.csv
ml-latest-small,2033,"Black Cauldron, The (1985)",Adventure|Animation|Children|Fantasy,Adventure,"{""release_year"": 1985, ""primary_genre"": ""Adventure""}",ml-latest-small/movies.csv
ml-latest-small,2034,"Black Hole, The (1979)",Children|Sci-Fi,Children,"{""release_year"": 1979, ""primary_genre"": ""Children""}",ml-latest-small/movies.csv
ml-latest-small,2035,Blackbeard's Ghost (1968),Children|Comedy,Children,"{""release_year"": 1968, ""primary_genre"": ""Children""}",ml-latest-small/movies.csv
ml-latest-small,2036,Blank Check (1994),Children|Comedy,Children,"{""release_year"": 1994, ""primary_genre"": ""Children""}",ml-latest-small/movies.csv
ml-latest-small,2037,Candleshoe (1977),Adventure|Children|Comedy,Adventure,"{""release_year"": 1977, ""primary_genre"": ""Adventure""}",ml-latest-small/movies.csv
ml-latest-small,2038,"Cat from Outer Space, The (1978)",Children|Comedy|Sci-Fi,Children,"{""release_year"": 1978, ""primary_genre"": ""Children""}",ml-latest-small/movies.csv
ml-latest-small,2040,"Computer Wore Tennis Shoes, The (1969)",Children|Comedy,Children,"{""release_year"": 1969, ""primary_genre"": ""Children""}",ml-latest-small/movies.csv
ml-latest-small,2041,Condorman (1981),Action|Adventure|Children|Comedy,Action,"{""release_year"": 1981, ""primary_genre"": ""Action""}",ml-latest-small/movies.csv
ml-latest-small,2042,D2: The Mighty Ducks (1994),Children|Comedy,Children,"{""release_year"": 1994, ""primary_genre"": ""Children""}",ml-latest-small/movies.csv
ml-latest-small,2043,Darby O'Gill and the Little People (1959),Adventure|Children|Fantasy,Adventure,"{""release_year"": 1959, ""primary_genre"": ""Adventure""}",ml-latest-small/movies.csv
ml-latest-small,2044,"Devil and Max Devlin, The (1981)",Comedy|Fantasy,Comedy,"{""release_year"": 1981, ""primary_genre"": ""Comedy""}",ml-latest-small/movies.csv
ml-latest-small,2046,Flight of the Navigator (1986),Adventure|Children|Sci-Fi,Adventure,"{""release_year"": 1986, ""primary_genre"": ""Adventure""}",ml-latest-small/movies.csv
ml-latest-small,2048,"Great Mouse Detective, The (1986)",Action|Animation|Children|Crime,Action,"{""release_year"": 1986, ""primary_genre"": ""Action""}",ml-latest-small/movies.csv
ml-latest-small,2050,Herbie Goes Bananas (1980),Adventure|Children|Comedy,Adventure,"{""release_year"": 1980, ""primary_genre"": ""Adventure""}",ml-latest-small/movies.csv
ml-latest-small,2051,Herbie Goes to Monte Carlo (1977),Adventure|Children|Comedy,Adventure,"{""release_year"": 1977, ""primary_genre"": ""Adventure""}",ml-latest-small/movies.csv
ml-latest-small,2052,Hocus Pocus (1993),Children|Comedy|Fantasy|Horror,Children,"{""release_year"": 1993, ""primary_genre"": ""Children""}",ml-latest-small/movies.csv
ml-latest-small,2053,"Honey, I Blew Up the Kid (1992)",Children|Comedy|Sci-Fi,Children,"{""release_year"": 1992, ""primary_genre"": ""Children""}",ml-latest-small/movies.csv
ml-latest-small,2054,"Honey, I Shrunk the Kids (1989)",Adventure|Children|Comedy|Fantasy|Sci-Fi,Adventure,"{""release_year"": 1989, ""primary_genre"": ""Adventure""}",ml-latest-small/movies.csv
ml-latest-small,2055,Hot Lead and Cold Feet (1978),Action|Comedy|Western,Action,"{""release_year"": 1978, ""primary_genre"": ""Action""}",ml-latest-small/movies.csv
ml-latest-small,2056,In Search of the Castaways (1962),Adventure|Children,Adventure,"{""release_year"": 1962, ""primary_genre"": ""Adventure""}",ml-latest-small/movies.csv
ml-latest-small,2057,"Incredible Journey, The (1963)",Adventure|Children,Adventure,"{""release_year"": 1963, ""primary_genre"": ""Adventure""}",ml-latest-small/movies.csv
ml-latest-small,2058,"Negotiator, The (1998)",Action|Crime|Drama|Mystery|Thriller,Action,"{""release_year"": 1998, ""primary_genre"": ""Action""}",ml-latest-small/movies.csv
ml-latest-small,2059,"Parent Trap, The (1998)",Children|Comedy|Romance,Children,"{""release_year"": 1998, ""primary_genre"": ""Children""}",ml-latest-small/movies.csv
ml-latest-small,2060,BASEketball (1998),Comedy,Comedy,"{""release_year"": 1998, ""primary_genre"": ""Comedy""}",ml-latest-small/movies.csv
ml-latest-small,2064,Roger & Me (1989),Documentary,Documentary,"{""release_year"": 1989, ""primary_genre"": ""Documentary""}",ml-latest-small/movies.csv
ml-latest-small,2065,"Purple Rose of Cairo, The (1985)",Comedy|Drama|Fantasy|Romance,Comedy,"{""release_year"": 1985, ""primary_genre"": ""Comedy""}",ml-latest-small/movies.csv
ml-latest-small,2066,Out of the Past (1947),Film-Noir,Film-Noir,"{""release_year"": 1947, ""primary_genre"": ""Film-Noir""}",ml-latest-small/movies.csv
ml-latest-small,2067,Doctor Zhivago (1965),Drama|Romance|War,Drama,"{""release_year"": 1965, ""primary_genre"": ""Drama""}",ml-latest-small/movies.csv
ml-latest-small,2068,Fanny and Alexander (Fanny och Alexander) (1982),Drama|Fantasy|Mystery,Drama,"{""release_year"": 1982, ""primary_genre"": ""Drama""}",ml-latest-small/movies.csv
ml-latest-small,2069,"Trip to Bountiful, The (1985)",Drama,Drama,"{""release_year"": 1985, ""primary_genre"": ""Drama""}",ml-latest-small/movies.csv
ml-latest-small,2070,Tender Mercies (1983),Drama|Romance|Western,Drama,"{""release_year"": 1983, ""primary_genre"": ""Drama""}",ml-latest-small/movies.csv
ml-latest-small,2071,And the Band Played On (1993),Drama,Drama,"{""release_year"": 1993, ""primary_genre"": ""Drama""}",ml-latest-small/movies.csv
ml-latest-small,2072,"'burbs, The (1989)",Comedy,Comedy,"{""release_year"": 1989, ""primary_genre"": ""Comedy""}",ml-latest-small/movies.csv
ml-latest-small,2073,Fandango (1985),Comedy,Comedy,"{""release_year"": 1985, ""primary_genre"": ""Comedy""}",ml-latest-small/movies.csv
ml-latest-small,2074,"Night Porter, The (Portiere di notte, Il) (1974)",Crime|Drama|Romance,Crime,"{""release_year"": 1974, ""primary_genre"": ""Crime""}",ml-latest-small/movies.csv
ml-latest-small,2075,Mephisto (1981),Drama|War,Drama,"{""release_year"": 1981, ""primary_genre"": ""Drama""}",ml-latest-small/movies.csv
ml-latest-small,2076,Blue Velvet (1986),Drama|Mystery|Thriller,Drama,"{""release_year"": 1986, ""primary_genre"": ""Drama""}",ml-latest-small/movies.csv
ml-latest-small,2077,"Journey of Natty Gann, The (1985)",Adventure|Children,Adventure,"{""release_year"": 1985, ""primary_genre"": ""Adventure""}",ml-latest-small/movies.csv
ml-latest-small,2078,"Jungle Book, The (1967)",Animation|Children|Comedy|Musical,Animation,"{""release_year"": 1967, ""primary_genre"": ""Animation""}",ml-latest-small/movies.csv
ml-latest-small,2080,Lady and the Tramp (1955),Animation|Children|Comedy|Romance,Animation,"{""release_year"": 1955, ""primary_genre"": ""Animation""}",ml-latest-small/movies.csv
ml-latest-small,2081,"Little Mermaid, The (1989)",Animation|Children|Comedy|Musical|Romance,Animation,"{""release_year"": 1989, ""primary_genre"": ""Animation""}",ml-latest-small/movies.csv
ml-latest-small,2082,"Mighty Ducks, The (1992)",Children|Comedy,Children,"{""release_year"": 1992, ""primary_genre"": ""Children""}",ml-latest-small/movies.csv
ml-latest-small,2083,"Muppet Christmas Carol, The (1992)",Children|Comedy|Musical,Children,"{""release_year"": 1992, ""primary_genre"": ""Children""}",ml-latest-small/movies.csv
ml-latest-small,2084,Newsies (1992),Children|Musical,Children,"{""release_year"": 1992, ""primary_genre"": ""Children""}",ml-latest-small/movies.csv
ml-latest-small,2085,101 Dalmatians (One Hundred and One Dalmatians) (1961),Adventure|Animation|Children,Adventure,"{""release_year"": 1961, ""primary_genre"": ""Adventure""}",ml-latest-small/movies.csv
ml-latest-small,2087,Peter Pan (1953),Animation|Children|Fantasy|Musical,Animation,"{""release_year"": 1953, ""primary_genre"": ""Animation""}",ml-latest-small/movies.csv
ml-latest-small,2088,Popeye (1980),Adventure|Comedy|Musical,Adventure,"{""release_year"": 1980, ""primary_genre"": ""Adventure""}",ml-latest-small/movies.csv
ml-latest-small,2089,"Rescuers Down Under, The (1990)",Adventure|Animation|Children,Adventure,"{""release_year"": 1990, ""primary_genre"": ""Adventure""}",ml-latest-small/movies.csv
ml-latest-small,2090,"Rescuers, The (1977)",Adventure|Animation|Children|Crime|Drama,Adventure,"{""release_year"": 1977, ""primary_genre"": ""Adventure""}",ml-latest-small/movies.csv
ml-latest-small,2091,Return from Witch Mountain (1978),Children|Sci-Fi,Children,"{""release_year"": 1978, ""primary_genre"": ""Children""}",ml-latest-small/movies.csv
ml-latest-small,2092,"Return of Jafar, The (1994)",Adventure|Animation|Children|Fantasy|Musical|Romance,Adventure,"{""release_year"": 1994, ""primary_genre"": ""Adventure""}",ml-latest-small/movies.csv
ml-latest-small,2093,Return to Oz (1985),Adventure|Children|Fantasy,Adventure,"{""release_year"": 1985, ""primary_genre"": ""Adventure""}",ml-latest-small/movies.csv
ml-latest-small,2094,"Rocketeer, The (1991)",Action|Adventure|Sci-Fi,Action,"{""release_year"": 1991, ""primary_genre"": ""Action""}",ml-latest-small/movies.csv
ml-latest-small,2095,"Shaggy D.A., The (1976)",Children|Comedy,Children,"{""release_year"": 1976, ""primary_genre"": ""Children""}",ml-latest-small/movies.csv
ml-latest-small,2096,Sleeping Beauty (1959),Animation|Children|Musical,Animation,"{""release_year"": 1959, ""primary_genre"": ""Animation""}",ml-latest-small/movies.csv
ml-latest-small,2097,Something Wicked This Way Comes (1983),Children|Drama|Fantasy|Mystery|Thriller,Children,"{""release_year"": 1983, ""primary_genre"": ""Children""}",ml-latest-small/movies.csv
ml-latest-small,2098,Son of Flubber (1963),Children|Comedy,Children,"{""release_year"": 1963, ""primary_genre"": ""Children""}",ml-latest-small/movies.csv
ml-latest-small,2099,Song of the South (1946),Adventure|Animation|Children|Musical,Adventure,"{""release_year"": 1946, ""primary_genre"": ""Adventure""}",ml-latest-small/movies.csv
ml-latest-small,2100,Splash (1984),Comedy|Fantasy|Romance,Comedy,"{""release_year"": 1984, ""primary_genre"": ""Comedy""}",ml-latest-small/movies.csv
ml-latest-small,2102,Steamboat Willie (1928),Animation|Children|Comedy|Musical,Animation,"{""release_year"": 1928, ""primary_genre"": ""Animation""}",ml-latest-small/movies.csv
ml-latest-small,2103,Tall Tale (1995),Adventure|Children|Fantasy|Western,Adventure,"{""release_year"": 1995, ""primary_genre"": ""Adventure""}",ml-latest-small/movies.csv
ml-latest-small,2104,Tex (1982),Drama,Drama,"{""release_year"": 1982, ""primary_genre"": ""Drama""}",ml-latest-small/movies.csv
ml-latest-small,2105,Tron (1982),Action|Adventure|Sci-Fi,Action,"{""release_year"": 1982, ""primary_genre"": ""Action""}",ml-latest-small/movies.csv
ml-latest-small,2106,Swing Kids (1993),Drama|War,Drama,"{""release_year"": 1993, ""primary_genre"": ""Drama""}",ml-latest-small/movies.csv
ml-latest-small,2107,Halloween H20: 20 Years Later (Halloween 7: The Revenge of Laurie Strode) (1998),Horror|Thriller,Horror,"{""release_year"": 1998, ""primary_genre"": ""Horror""}",ml-latest-small/movies.csv
ml-latest-small,2108,L.A. Story (1991),Comedy|Romance,Comedy,"{""release_year"": 1991, ""primary_genre"": ""Comedy""}",ml-latest-small/movies.csv
ml-latest-small,2109,"Jerk, The (1979)",Comedy,Comedy,"{""release_year"": 1979, ""primary_genre"": ""Comedy""}",ml-latest-small/movies.csv
ml-latest-small,2110,Dead Men Don't Wear Plaid (1982),Comedy|Crime|Thriller,Comedy,"{""release_year"": 1982, ""primary_genre"": ""Comedy""}",ml-latest-small/movies.csv
ml-latest-small,2111,"Man with Two Brains, The (1983)",Comedy,Comedy,"{""release_year"": 1983, ""primary_genre"": ""Comedy""}",ml-latest-small/movies.csv
ml-latest-small,2112,Grand Canyon (1991),Crime|Drama,Crime,"{""release_year"": 1991, ""primary_genre"": ""Crime""}",ml-latest-small/movies.csv
ml-latest-small,2114,"Outsiders, The (1983)",Drama,Drama,"{""release_year"": 1983, ""primary_genre"": ""Drama""}",ml-latest-small/movies.csv
ml-latest-small,2115,Indiana Jones and the Temple of Doom (1984),Action|Adventure|Fantasy,Action,"{""release_year"": 1984, ""primary_genre"": ""Action""}",ml-latest-small/movies.csv
ml-latest-small,2116,"Lord of the Rings, The (1978)",Adventure|Animation|Children|Fantasy,Adventure,"{""release_year"": 1978, ""primary_genre"": ""Adventure""}",ml-latest-small/movies.csv
ml-latest-small,2117,1984 (Nineteen Eighty-Four) (1984),Drama|Sci-Fi,Drama,"{""release_year"": 1984, ""primary_genre"": ""Drama""}",ml-latest-small/movies.csv
ml-latest-small,2118,"Dead Zone, The (1983)",Thriller,Thriller,"{""release_year"": 1983, ""primary_genre"": ""Thriller""}",ml-latest-small/movies.csv
ml-latest-small,2119,Maximum Overdrive (1986),Horror,Horror,"{""release_year"": 1986, ""primary_genre"": ""Horror""}",ml-latest-small/movies.csv
ml-latest-small,2120,Needful Things (1993),Drama|Horror,Drama,"{""release_year"": 1993, ""primary_genre"": ""Drama""}",ml-latest-small/movies.csv
ml-latest-small,2121,Cujo (1983),Horror|Thriller,Horror,"{""release_year"": 1983, ""primary_genre"": ""Horror""}",ml-latest-small/movies.csv
ml-latest-small,2122,Children of the Corn (1984),Horror|Thriller,Horror,"{""release_year"": 1984, ""primary_genre"": ""Horror""}",ml-latest-small/movies.csv
ml-latest-small,2123,All Dogs Go to Heaven (1989),Animation|Children|Comedy|Drama|Fantasy,Animation,"{""release_year"": 1989, ""primary_genre"": ""Animation""}",ml-latest-small/movies.csv
ml-latest-small,2124,"Addams Family, The (1991)",Children|Comedy|Fantasy,Children,"{""release_year"": 1991, ""primary_genre"": ""Children""}",ml-latest-small/movies.csv
ml-latest-small,2125,Ever After: A Cinderella Story (1998),Comedy|Drama|Romance,Comedy,"{""release_year"": 1998, ""primary_genre"": ""Comedy""}",ml-latest-small/movies.csv
ml-latest-small,2126,Snake Eyes (1998),Action|Crime|Mystery|Thriller,Action,"{""release_year"": 1998, ""primary_genre"": ""Action""}",ml-latest-small/movies.csv
ml-latest-small,2130,Atlantic City (1980),Crime|Drama|Romance,Crime,"{""release_year"": 1980, ""primary_genre"": ""Crime""}",ml-latest-small/movies.csv
ml-latest-small,2131,Autumn Sonata (Höstsonaten) (1978),Drama,Drama,"{""release_year"": 1978, ""primary_genre"": ""Drama""}",ml-latest-small/movies.csv
ml-latest-small,2132,Who's Afraid of Virginia Woolf? (1966),Drama,Drama,"{""release_year"": 1966, ""primary_genre"": ""Drama""}",ml-latest-small/movies.csv
ml-latest-small,2133,Adventures in Babysitting (1987),Adventure|Comedy,Adventure,"{""release_year"": 1987, ""primary_genre"": ""Adventure""}",ml-latest-small/movies.csv
ml-latest-small,2134,Weird Science (1985),Comedy|Fantasy|Sci-Fi,Comedy,"{""release_year"": 1985, ""primary_genre"": ""Comedy""}",ml-latest-small/movies.csv
ml-latest-small,2135,Doctor Dolittle (1967),Adventure|Children|Musical,Adventure,"{""release_year"": 1967, ""primary_genre"": ""Adventure""}",ml-latest-small/movies.csv
ml-latest-small,2136,"Nutty Professor, The (1963)",Comedy|Sci-Fi,Comedy,"{""release_year"": 1963, ""primary_genre"": ""Comedy""}",ml-latest-small/movies.csv
ml-latest-small,2137,Charlotte's Web (1973),Animation|Children,Animation,"{""release_year"": 1973, ""primary_genre"": ""Animation""}",ml-latest-small/movies.csv
ml-latest-small,2138,Watership Down (1978),Adventure|Animation|Children|Drama|Fantasy,Adventure,"{""release_year"": 1978, ""primary_genre"": ""Adventure""}",ml-latest-small/movies.csv
ml-latest-small,2139,"Secret of NIMH, The (1982)",Adventure|Animation|Children|Drama,Adventure,"{""release_year"": 1982, ""primary_genre"": ""Adventure""}",ml-latest-small/movies.csv
ml-latest-small,2140,"Dark Crystal, The (1982)",Adventure|Fantasy,Adventure,"{""release_year"": 1982, ""primary_genre"": ""Adventure""}",ml-latest-small/movies.csv
ml-latest-small,2141,"American Tail, An (1986)",Adventure|Animation|Children|Comedy,Adventure,"{""release_year"": 1986, ""primary_genre"": ""Adventure""}",ml-latest-small/movies.csv
ml-latest-small,2142,"American Tail: Fievel Goes West, An (1991)",Adventure|Animation|Children|Musical|Western,Adventure,"{""release_year"": 1991, ""primary_genre"": ""Adventure""}",ml-latest-small/movies.csv
ml-latest-small,2143,Legend (1985),Adventure|Fantasy|Romance,Adventure,"{""release_year"": 1985, ""primary_genre"": ""Adventure""}",ml-latest-small/movies.csv
ml-latest-small,2144,Sixteen Candles (1984),Comedy|Romance,Comedy,"{""release_year"": 1984, ""primary_genre"": ""Comedy""}",ml-latest-small/movies.csv
ml-latest-small,2145,Pretty in Pink (1986),Comedy|Drama|Romance,Comedy,"{""release_year"": 1986, ""primary_genre"": ""Comedy""}",ml-latest-small/movies.csv
ml-latest-small,2146,St. Elmo's Fire (1985),Drama|Romance,Drama,"{""release_year"": 1985, ""primary_genre"": ""Drama""}",ml-latest-small/movies.csv
ml-latest-small,2147,"Clan of the Cave Bear, The (1986)",Adventure|Drama|Fantasy,Adventure,"{""release_year"": 1986, ""primary_genre"": ""Adventure""}",ml-latest-small/movies.csv
ml-latest-small,2148,House (1986),Comedy|Fantasy|Horror,Comedy,"{""release_year"": 1986, ""primary_genre"": ""Comedy""}",ml-latest-small/movies.csv
ml-latest-small,2149,House II: The Second Story (1987),Comedy|Fantasy|Horror,Comedy,"{""release_year"": 1987, ""primary_genre"": ""Comedy""}",ml-latest-small/movies.csv
ml-latest-small,2150,"Gods Must Be Crazy, The (1980)",Adventure|Comedy,Adventure,"{""release_year"": 1980, ""primary_genre"": ""Adventure""}",ml-latest-small/movies.csv
ml-latest-small,2151,"Gods Must Be Crazy II, The (1989)",Comedy,Comedy,"{""release_year"": 1989, ""primary_genre"": ""Comedy""}",ml-latest-small/movies.csv
ml-latest-small,2152,Air Bud: Golden Receiver (1998),Children|Comedy,Children,"{""release_year"": 1998, ""primary_genre"": ""Children""}",ml-latest-small/movies.csv
ml-latest-small,2153,"Avengers, The (1998)",Action|Adventure,Action,"{""release_year"": 1998, ""primary_genre"": ""Action""}",ml-latest-small/movies.csv
ml-latest-small,2154,How Stella Got Her Groove Back (1998),Drama|Romance,Drama,"{""release_year"": 1998, ""primary_genre"": ""Drama""}",ml-latest-small/movies.csv
ml-latest-small,2155,"Slums of Beverly Hills, The (1998)",Comedy|Drama,Comedy,"{""release_year"": 1998, ""primary_genre"": ""Comedy""}",ml-latest-small/movies.csv
ml-latest-small,2156,"Best Man, The (Testimone dello sposo, Il) (1998)",Comedy|Drama|Romance,Comedy,"{""release_year"": 1998, ""primary_genre"": ""Comedy""}",ml-latest-small/movies.csv
ml-latest-small,2159,Henry: Portrait of a Serial Killer (1986),Crime|Horror|Thriller,Crime,"{""release_year"": 1986, ""primary_genre"": ""Crime""}",ml-latest-small/movies.csv
ml-latest-small,2160,Rosemary's Baby (1968),Drama|Horror|Thriller,Drama,"{""release_year"": 1968, ""primary_genre"": ""Drama""}",ml-latest-small/movies.csv
ml-latest-small,2161,"NeverEnding Story, The (1984)",Adventure|Children|Fantasy,Adventure,"{""release_year"": 1984, ""primary_genre"": ""Adventure""}",ml-latest-small/movies.csv
ml-latest-small,2162,"NeverEnding Story II: The Next Chapter, The (1990)",Adventure|Children|Fantasy,Adventure,"{""release_year"": 1990, ""primary_genre"": ""Adventure""}",ml-latest-small/movies.csv
ml-latest-small,2163,Attack of the Killer Tomatoes! (1978),Comedy|Horror,Comedy,"{""release_year"": 1978, ""primary_genre"": ""Comedy""}",ml-latest-small/movies.csv
ml-latest-small,2164,Surf Nazis Must Die (1987),Action|Comedy|Drama|Horror,Action,"{""release_year"": 1987, ""primary_genre"": ""Action""}",ml-latest-small/movies.csv
ml-latest-small,2165,Your Friends and Neighbors (1998),Comedy|Drama,Comedy,"{""release_year"": 1998, ""primary_genre"": ""Comedy""}",ml-latest-small/movies.csv
ml-latest-small,2166,Return to Paradise (1998),Crime|Drama|Romance|Thriller,Crime,"{""release_year"": 1998, ""primary_genre"": ""Crime""}",ml-latest-small/movies.csv
ml-latest-small,2167,Blade (1998),Action|Horror|Thriller,Action,"{""release_year"": 1998, ""primary_genre"": ""Action""}",ml-latest-small/movies.csv
ml-latest-small,2169,Dead Man on Campus (1998),Comedy,Comedy,"{""release_year"": 1998, ""primary_genre"": ""Comedy""}",ml-latest-small/movies.csv
ml-latest-small,2170,Wrongfully Accused (1998),Action|Comedy,Action,"{""release_year"": 1998, ""primary_genre"": ""Action""}",ml-latest-small/movies.csv
ml-latest-small,2171,Next Stop Wonderland (1998),Comedy|Drama|Romance,Comedy,"{""release_year"": 1998, ""primary_genre"": ""Comedy""}",ml-latest-small/movies.csv
ml-latest-small,2172,"Strike! (a.k.a. All I Wanna Do, The Hairy Bird) (1998)",Comedy|Drama,Comedy,"{""release_year"": 1998, ""primary_genre"": ""Comedy""}",ml-latest-small/movies.csv
ml-latest-small,2174,Beetlejuice (1988),Comedy|Fantasy,Comedy,"{""release_year"": 1988, ""primary_genre"": ""Comedy""}",ml-latest-small/movies.csv
ml-latest-small,2175,Déjà Vu (1997),Drama|Romance,Drama,"{""release_year"": 1997, ""primary_genre"": ""Drama""}",ml-latest-small/movies.csv
ml-latest-small,2176,Rope (1948),Crime|Drama|Thriller,Crime,"{""release_year"": 1948, ""primary_genre"": ""Crime""}",ml-latest-small/movies.csv
ml-latest-small,2177,Family Plot (1976),Comedy|Thriller,Comedy,"{""release_year"": 1976, ""primary_genre"": ""Comedy""}",ml-latest-small/movies.csv
ml-latest-small,2178,Frenzy (1972),Thriller,Thriller,"{""release_year"": 1972, ""primary_genre"": ""Thriller""}",ml-latest-small/movies.csv
ml-latest-small,2179,Topaz (1969),Thriller,Thriller,"{""release_year"": 1969, ""primary_genre"": ""Thriller""}",ml-latest-small/movies.csv
ml-latest-small,2180,Torn Curtain (1966),Thriller,Thriller,"{""release_year"": 1966, ""primary_genre"": ""Thriller""}",ml-latest-small/movies.csv
ml-latest-small,2181,Marnie (1964),Drama|Mystery|Romance|Thriller,Drama,"{""release_year"": 1964, ""primary_genre"": ""Drama""}",ml-latest-small/movies.csv
ml-latest-small,2182,"Wrong Man, The (1956)",Drama|Film-Noir|Thriller,Drama,"{""release_year"": 1956, ""primary_genre"": ""Drama""}",ml-latest-small/movies.csv
ml-latest-small,2183,"Man Who Knew Too Much, The (1956)",Adventure|Drama|Mystery|Thriller,Adventure,"{""release_year"": 1956, ""primary_genre"": ""Adventure""}",ml-latest-small/movies.csv
ml-latest-small,2184,"Trouble with Harry, The (1955)",Comedy|Mystery,Comedy,"{""release_year"": 1955, ""primary_genre"": ""Comedy""}",ml-latest-small/movies.csv
ml-latest-small,2185,I Confess (1953),Thriller,Thriller,"{""release_year"": 1953, ""primary_genre"": ""Thriller""}",ml-latest-small/movies.csv
ml-latest-small,2186,Strangers on a Train (1951),Crime|Drama|Film-Noir|Thriller,Crime,"{""release_year"": 1951, ""primary_genre"": ""Crime""}",ml-latest-small/movies.csv
ml-latest-small,2187,Stage Fright (1950),Mystery|Romance|Thriller,Mystery,"{""release_year"": 1950, ""primary_genre"": ""Mystery""}",ml-latest-small/movies.csv
ml-latest-small,2188,54 (1998),Drama,Drama,"{""release_year"": 1998, ""primary_genre"": ""Drama""}",ml-latest-small/movies.csv
ml-latest-small,2190,Why Do Fools Fall In Love? (1998),Drama,Drama,"{""release_year"": 1998, ""primary_genre"": ""Drama""}",ml-latest-small/movies.csv
ml-latest-small,2193,Willow (1988),Action|Adventure|Fantasy,Action,"{""release_year"": 1988, ""primary_genre"": ""Action""}",ml-latest-small/movies.csv
ml-latest-small,2194,"Untouchables, The (1987)",Action|Crime|Drama,Action,"{""release_year"": 1987, ""primary_genre"": ""Action""}",ml-latest-small/movies.csv
ml-latest-small,2195,Dirty Work (1998),Comedy,Comedy,"{""release_year"": 1998, ""primary_genre"": ""Comedy""}",ml-latest-small/movies.csv
ml-latest-small,2196,Knock Off (1998),Action,Action,"{""release_year"": 1998, ""primary_genre"": ""Action""}",ml-latest-small/movies.csv
ml-latest-small,2201,"Paradine Case, The (1947)",Drama,Drama,"{""release_year"": 1947, ""primary_genre"": ""Drama""}",ml-latest-small/movies.csv
ml-latest-small,2202,Lifeboat (1944),Drama|War,Drama,"{""release_year"": 1944, ""primary_genre"": ""Drama""}",ml-latest-small/movies.csv
ml-latest-small,2203,Shadow of a Doubt (1943),Crime|Drama|Thriller,Crime,"{""release_year"": 1943, ""primary_genre"": ""Crime""}",ml-latest-small/movies.csv
ml-latest-small,2204,Saboteur (1942),Mystery|Thriller,Mystery,"{""release_year"": 1942, ""primary_genre"": ""Mystery""}",ml-latest-small/movies.csv
ml-latest-small,2205,Mr. & Mrs. Smith (1941),Comedy|Romance,Comedy,"{""release_year"": 1941, ""primary_genre"": ""Comedy""}",ml-latest-small/movies.csv
ml-latest-small,2206,Suspicion (1941),Film-Noir|Mystery|Thriller,Film-Noir,"{""release_year"": 1941, ""primary_genre"": ""Film-Noir""}",ml-latest-small/movies.csv
ml-latest-small,2207,Jamaica Inn (1939),Drama,Drama,"{""release_year"": 1939, ""primary_genre"": ""Drama""}",ml-latest-small/movies.csv
ml-latest-small,2208,"Lady Vanishes, The (1938)",Drama|Mystery|Thriller,Drama,"{""release_year"": 1938, ""primary_genre"": ""Drama""}",ml-latest-small/movies.csv
ml-latest-small,2210,Sabotage (1936),Thriller,Thriller,"{""release_year"": 1936, ""primary_genre"": ""Thriller""}",ml-latest-small/movies.csv
ml-latest-small,2211,Secret Agent (1936),Thriller,Thriller,"{""release_year"": 1936, ""primary_genre"": ""Thriller""}",ml-latest-small/movies.csv
ml-latest-small,2212,"Man Who Knew Too Much, The (1934)",Drama|Thriller,Drama,"{""release_year"": 1934, ""primary_genre"": ""Drama""}",ml-latest-small/movies.csv
ml-latest-small,2226,"Ring, The (1927)",Drama,Drama,"{""release_year"": 1927, ""primary_genre"": ""Drama""}",ml-latest-small/movies.csv
ml-latest-small,2227,"Lodger: A Story of the London Fog, The (1927)",Crime|Drama|Thriller,Crime,"{""release_year"": 1927, ""primary_genre"": ""Crime""}",ml-latest-small/movies.csv
ml-latest-small,2231,Rounders (1998),Drama,Drama,"{""release_year"": 1998, ""primary_genre"": ""Drama""}",ml-latest-small/movies.csv
ml-latest-small,2232,Cube (1997),Horror|Mystery|Sci-Fi|Thriller,Horror,"{""release_year"": 1997, ""primary_genre"": ""Horror""}",ml-latest-small/movies.csv
ml-latest-small,2236,Simon Birch (1998),Drama,Drama,"{""release_year"": 1998, ""primary_genre"": ""Drama""}",ml-latest-small/movies.csv
ml-latest-small,2239,Swept Away (Travolti da un insolito destino nell'azzurro mare d'Agosto) (1975),Comedy|Drama,Comedy,"{""release_year"": 1975, ""primary_genre"": ""Comedy""}",ml-latest-small/movies.csv
ml-latest-small,2240,My Bodyguard (1980),Drama,Drama,"{""release_year"": 1980, ""primary_genre"": ""Drama""}",ml-latest-small/movies.csv
ml-latest-small,2241,Class (1983),Comedy,Comedy,"{""release_year"": 1983, ""primary_genre"": ""Comedy""}",ml-latest-small/movies.csv
ml-latest-small,2243,Broadcast News (1987),Comedy|Drama|Romance,Comedy,"{""release_year"": 1987, ""primary_genre"": ""Comedy""}",ml-latest-small/movies.csv
ml-latest-small,2244,"Allnighter, The (1987)",Comedy|Romance,Comedy,"{""release_year"": 1987, ""primary_genre"": ""Comedy""}",ml-latest-small/movies.csv
ml-latest-small,2245,Working Girl (1988),Comedy|Drama|Romance,Comedy,"{""release_year"": 1988, ""primary_genre"": ""Comedy""}",ml-latest-small/movies.csv
ml-latest-small,2247,Married to the Mob (1988),Comedy,Comedy,"{""release_year"": 1988, ""primary_genre"": ""Comedy""}",ml-latest-small/movies.csv
ml-latest-small,2248,Say Anything... (1989),Comedy|Drama|Romance,Comedy,"{""release_year"": 1989, ""primary_genre"": ""Comedy""}",ml-latest-small/movies.csv
ml-latest-small,2249,My Blue Heaven (1990),Comedy,Comedy,"{""release_year"": 1990, ""primary_genre"": ""Comedy""}",ml-latest-small/movies.csv
ml-latest-small,2252,Hero (1992),Comedy|Drama,Comedy,"{""release_year"": 1992, ""primary_genre"": ""Comedy""}",ml-latest-small/movies.csv
ml-latest-small,2253,Toys (1992),Comedy|Fantasy,Comedy,"{""release_year"": 1992, ""primary_genre"": ""Comedy""}",ml-latest-small/movies.csv
ml-latest-small,2255,Young Doctors in Love (1982),Comedy,Comedy,"{""release_year"": 1982, ""primary_genre"": ""Comedy""}",ml-latest-small/movies.csv
ml-latest-small,2256,Parasite (1982),Horror|Sci-Fi,Horror,"{""release_year"": 1982, ""primary_genre"": ""Horror""}",ml-latest-small/movies.csv
ml-latest-small,2257,No Small Affair (1984),Comedy|Romance,Comedy,"{""release_year"": 1984, ""primary_genre"": ""Comedy""}",ml-latest-small/movies.csv
ml-latest-small,2259,Blame It on Rio (1984),Comedy|Romance,Comedy,"{""release_year"": 1984, ""primary_genre"": ""Comedy""}",ml-latest-small/movies.csv
ml-latest-small,2260,Wisdom (1986),Crime|Drama,Crime,"{""release_year"": 1986, ""primary_genre"": ""Crime""}",ml-latest-small/movies.csv
ml-latest-small,2261,One Crazy Summer (1986),Comedy,Comedy,"{""release_year"": 1986, ""primary_genre"": ""Comedy""}",ml-latest-small/movies.csv
ml-latest-small,2262,About Last Night... (1986),Comedy|Drama|Romance,Comedy,"{""release_year"": 1986, ""primary_genre"": ""Comedy""}",ml-latest-small/movies.csv
ml-latest-small,2263,"Seventh Sign, The (1988)",Drama|Fantasy|Thriller,Drama,"{""release_year"": 1988, ""primary_genre"": ""Drama""}",ml-latest-small/movies.csv
ml-latest-small,2264,We're No Angels (1989),Comedy|Crime,Comedy,"{""release_year"": 1989, ""primary_genre"": ""Comedy""}",ml-latest-small/movies.csv
ml-latest-small,2265,Nothing But Trouble (1991),Adventure|Comedy,Adventure,"{""release_year"": 1991, ""primary_genre"": ""Adventure""}",ml-latest-small/movies.csv
ml-latest-small,2266,"Butcher's Wife, The (1991)",Comedy|Romance,Comedy,"{""release_year"": 1991, ""primary_genre"": ""Comedy""}",ml-latest-small/movies.csv
ml-latest-small,2267,Mortal Thoughts (1991),Mystery|Thriller,Mystery,"{""release_year"": 1991, ""primary_genre"": ""Mystery""}",ml-latest-small/movies.csv
ml-latest-small,2268,"Few Good Men, A (1992)",Crime|Drama|Thriller,Crime,"{""release_year"": 1992, ""primary_genre"": ""Crime""}",ml-latest-small/movies.csv
ml-latest-small,2269,Indecent Proposal (1993),Drama|Romance,Drama,"{""release_year"": 1993, ""primary_genre"": ""Drama""}",ml-latest-small/movies.csv
ml-latest-small,2271,Permanent Midnight (1998),Drama,Drama,"{""release_year"": 1998, ""primary_genre"": ""Drama""}",ml-latest-small/movies.csv
ml-latest-small,2272,One True Thing (1998),Drama,Drama,"{""release_year"": 1998, ""primary_genre"": ""Drama""}",ml-latest-small/movies.csv
ml-latest-small,2273,Rush Hour (1998),Action|Comedy|Crime|Thriller,Action,"{""release_year"": 1998, ""primary_genre"": ""Action""}",ml-latest-small/movies.csv
ml-latest-small,2275,Six-String Samurai (1998),Action|Adventure|Sci-Fi,Action,"{""release_year"": 1998, ""primary_genre"": ""Action""}",ml-latest-small/movies.csv
ml-latest-small,2278,Ronin (1998),Action|Crime|Thriller,Action,"{""release_year"": 1998, ""primary_genre"": ""Action""}",ml-latest-small/movies.csv
ml-latest-small,2279,Urban Legend (1998),Horror|Thriller,Horror,"{""release_year"": 1998, ""primary_genre"": ""Horror""}",ml-latest-small/movies.csv
ml-latest-small,2280,Clay Pigeons (1998),Crime,Crime,"{""release_year"": 1998, ""primary_genre"": ""Crime""}",ml-latest-small/movies.csv
ml-latest-small,2281,Monument Ave. (1998),Action|Crime|Drama,Action,"{""release_year"": 1998, ""primary_genre"": ""Action""}",ml-latest-small/movies.csv
ml-latest-small,2282,Pecker (1998),Comedy|Drama,Comedy,"{""release_year"": 1998, ""primary_genre"": ""Comedy""}",ml-latest-small/movies.csv
ml-latest-small,2283,"Sheltering Sky, The (1990)",Drama,Drama,"{""release_year"": 1990, ""primary_genre"": ""Drama""}",ml-latest-small/movies.csv
ml-latest-small,2286,"Fiendish Plot of Dr. Fu Manchu, The (1980)",Comedy,Comedy,"{""release_year"": 1980, ""primary_genre"": ""Comedy""}",ml-latest-small/movies.csv
ml-latest-small,2287,Them! (1954),Horror|Sci-Fi|Thriller,Horror,"{""release_year"": 1954, ""primary_genre"": ""Horror""}",ml-latest-small/movies.csv
ml-latest-small,2288,"Thing, The (1982)",Action|Horror|Sci-Fi|Thriller,Action,"{""release_year"": 1982, ""primary_genre"": ""Action""}",ml-latest-small/movies.csv
ml-latest-small,2289,"Player, The (1992)",Comedy|Crime|Drama,Comedy,"{""release_year"": 1992, ""primary_genre"": ""Comedy""}",ml-latest-small/movies.csv
ml-latest-small,2290,Stardust Memories (1980),Comedy|Drama,Comedy,"{""release_year"": 1980, ""primary_genre"": ""Comedy""}",ml-latest-small/movies.csv
ml-latest-small,2291,Edward Scissorhands (1990),Drama|Fantasy|Romance,Drama,"{""release_year"": 1990, ""primary_genre"": ""Drama""}",ml-latest-small/movies.csv
ml-latest-small,2292,Overnight Delivery (1998),Comedy|Romance,Comedy,"{""release_year"": 1998, ""primary_genre"": ""Comedy""}",ml-latest-small/movies.csv
ml-latest-small,2294,Antz (1998),Adventure|Animation|Children|Comedy|Fantasy,Adventure,"{""release_year"": 1998, ""primary_genre"": ""Adventure""}",ml-latest-small/movies.csv
ml-latest-small,2295,"Impostors, The (1998)",Comedy,Comedy,"{""release_year"": 1998, ""primary_genre"": ""Comedy""}",ml-latest-small/movies.csv
ml-latest-small,2296,"Night at the Roxbury, A (1998)",Comedy,Comedy,"{""release_year"": 1998, ""primary_genre"": ""Comedy""}",ml-latest-small/movies.csv
ml-latest-small,2297,What Dreams May Come (1998),Adventure|Drama|Fantasy|Romance,Adventure,"{""release_year"": 1998, ""primary_genre"": ""Adventure""}",ml-latest-small/movies.csv
ml-latest-small,2298,Strangeland (1998),Thriller,Thriller,"{""release_year"": 1998, ""primary_genre"": ""Thriller""}",ml-latest-small/movies.csv
ml-latest-small,2300,"Producers, The (1968)",Comedy,Comedy,"{""release_year"": 1968, ""primary_genre"": ""Comedy""}",ml-latest-small/movies.csv
ml-latest-small,2301,History of the World: Part I (1981),Comedy|Musical,Comedy,"{""release_year"": 1981, ""primary_genre"": ""Comedy""}",ml-latest-small/movies.csv
ml-latest-small,2302,My Cousin Vinny (1992),Comedy,Comedy,"{""release_year"": 1992, ""primary_genre"": ""Comedy""}",ml-latest-small/movies.csv
ml-latest-small,2303,Nashville (1975),Drama|Musical,Drama,"{""release_year"": 1975, ""primary_genre"": ""Drama""}",ml-latest-small/movies.csv
ml-latest-small,2304,Love Is the Devil (1998),Drama,Drama,"{""release_year"": 1998, ""primary_genre"": ""Drama""}",ml-latest-small/movies.csv
ml-latest-small,2306,Holy Man (1998),Comedy,Comedy,"{""release_year"": 1998, ""primary_genre"": ""Comedy""}",ml-latest-small/movies.csv
ml-latest-small,2307,One Tough Cop (1998),Action|Crime,Action,"{""release_year"": 1998, ""primary_genre"": ""Action""}",ml-latest-small/movies.csv
ml-latest-small,2310,"Mighty, The (1998)",Drama,Drama,"{""release_year"": 1998, ""primary_genre"": ""Drama""}",ml-latest-small/movies.csv
ml-latest-small,2311,2010: The Year We Make Contact (1984),Sci-Fi,Sci-Fi,"{""release_year"": 1984, ""primary_genre"": ""Sci-Fi""}",ml-latest-small/movies.csv
ml-latest-small,2312,Children of a Lesser God (1986),Drama,Drama,"{""release_year"": 1986, ""primary_genre"": ""Drama""}",ml-latest-small/movies.csv
ml-latest-small,2313,"Elephant Man, The (1980)",Drama,Drama,"{""release_year"": 1980, ""primary_genre"": ""Drama""}",ml-latest-small/movies.csv
ml-latest-small,2314,Beloved (1998),Drama,Drama,"{""release_year"": 1998, ""primary_genre"": ""Drama""}",ml-latest-small/movies.csv
ml-latest-small,2315,Bride of Chucky (Child's Play 4) (1998),Comedy|Horror|Thriller,Comedy,"{""release_year"": 1998, ""primary_genre"": ""Comedy""}",ml-latest-small/movies.csv
ml-latest-small,2316,Practical Magic (1998),Drama|Fantasy|Mystery|Romance,Drama,"{""release_year"": 1998, ""primary_genre"": ""Drama""}",ml-latest-small/movies.csv
ml-latest-small,2318,Happiness (1998),Comedy|Drama,Comedy,"{""release_year"": 1998, ""primary_genre"": ""Comedy""}",ml-latest-small/movies.csv
ml-latest-small,2320,Apt Pupil (1998),Drama|Thriller,Drama,"{""release_year"": 1998, ""primary_genre"": ""Drama""}",ml-latest-small/movies.csv
ml-latest-small,2321,Pleasantville (1998),Comedy|Drama|Fantasy,Comedy,"{""release_year"": 1998, ""primary_genre"": ""Comedy""}",ml-latest-small/movies.csv
ml-latest-small,2322,Soldier (1998),Action|Sci-Fi|War,Action,"{""release_year"": 1998, ""primary_genre"": ""Action""}",ml-latest-small/movies.csv
ml-latest-small,2323,"Cruise, The (1998)",Documentary,Documentary,"{""release_year"": 1998, ""primary_genre"": ""Documentary""}",ml-latest-small/movies.csv
ml-latest-small,2324,Life Is Beautiful (La Vita è bella) (1997),Comedy|Drama|Romance|War,Comedy,"{""release_year"": 1997, ""primary_genre"": ""Comedy""}",ml-latest-small/movies.csv
ml-latest-small,2325,Orgazmo (1997),Comedy,Comedy,"{""release_year"": 1997, ""primary_genre"": ""Comedy""}",ml-latest-small/movies.csv
ml-latest-small,2327,Tales from the Darkside: The Movie (1990),Fantasy|Horror|Thriller,Fantasy,"{""release_year"": 1990, ""primary_genre"": ""Fantasy""}",ml-latest-small/movies.csv
ml-latest-small,2328,Vampires (1998),Horror|Western,Horror,"{""release_year"": 1998, ""primary_genre"": ""Horror""}",ml-latest-small/movies.csv
ml-latest-small,2329,American History X (1998),Crime|Drama,Crime,"{""release_year"": 1998, ""primary_genre"": ""Crime""}",ml-latest-small/movies.csv
ml-latest-small,2330,Hands on a Hard Body (1996),Comedy|Documentary,Comedy,"{""release_year"": 1996, ""primary_genre"": ""Comedy""}",ml-latest-small/movies.csv
ml-latest-small,2331,Living Out Loud (1998),Comedy|Drama|Romance,Comedy,"{""release_year"": 1998, ""primary_genre"": ""Comedy""}",ml-latest-small/movies.csv
ml-latest-small,2332,Belly (1998),Crime|Drama,Crime,"{""release_year"": 1998, ""primary_genre"": ""Crime""}",ml-latest-small/movies.csv
ml-latest-small,2333,Gods and Monsters (1998),Drama,Drama,"{""release_year"": 1998, ""primary_genre"": ""Drama""}",ml-latest-small/movies.csv
ml-latest-small,2334,"Siege, The (1998)",Action|Thriller,Action,"{""release_year"": 1998, ""primary_genre"": ""Action""}",ml-latest-small/movies.csv
ml-latest-small,2335,"Waterboy, The (1998)",Comedy,Comedy,"{""release_year"": 1998, ""primary_genre"": ""Comedy""}",ml-latest-small/movies.csv
ml-latest-small,2336,Elizabeth (1998),Drama,Drama,"{""release_year"": 1998, ""primary_genre"": ""Drama""}",ml-latest-small/movies.csv
ml-latest-small,2337,Velvet Goldmine (1998),Drama,Drama,"{""release_year"": 1998, ""primary_genre"": ""Drama""}",ml-latest-small/movies.csv
ml-latest-small,2338,I Still Know What You Did Last Summer (1998),Horror|Mystery|Thriller,Horror,"{""release_year"": 1998, ""primary_genre"": ""Horror""}",ml-latest-small/movies.csv
ml-latest-small,2339,I'll Be Home For Christmas (1998),Comedy|Romance,Comedy,"{""release_year"": 1998, ""primary_genre"": ""Comedy""}",ml-latest-small/movies.csv
ml-latest-small,2340,Meet Joe Black (1998),Romance,Romance,"{""release_year"": 1998, ""primary_genre"": ""Romance""}",ml-latest-small/movies.csv
ml-latest-small,2342,Hard Core Logo (1996),Comedy|Drama,Comedy,"{""release_year"": 1996, ""primary_genre"": ""Comedy""}",ml-latest-small/movies.csv
ml-latest-small,2344,Runaway Train (1985),Action|Adventure|Drama|Thriller,Action,"{""release_year"": 1985, ""primary_genre"": ""Action""}",ml-latest-small/movies.csv
ml-latest-small,2346,"Stepford Wives, The (1975)",Mystery|Sci-Fi|Thriller,Mystery,"{""release_year"": 1975, ""primary_genre"": ""Mystery""}",ml-latest-small/movies.csv
ml-latest-small,2347,"Pope of Greenwich Village, The (1984)",Drama,Drama,"{""release_year"": 1984, ""primary_genre"": ""Drama""}",ml-latest-small/movies.csv
ml-latest-small,2348,Sid and Nancy (1986),Drama,Drama,"{""release_year"": 1986, ""primary_genre"": ""Drama""}",ml-latest-small/movies.csv
ml-latest-small,2349,Mona Lisa (1986),Comedy|Thriller,Comedy,"{""release_year"": 1986, ""primary_genre"": ""Comedy""}",ml-latest-small/movies.csv
ml-latest-small,2350,Heart Condition (1990),Comedy,Comedy,"{""release_year"": 1990, ""primary_genre"": ""Comedy""}",ml-latest-small/movies.csv
ml-latest-small,2351,"Nights of Cabiria (Notti di Cabiria, Le) (1957)",Drama,Drama,"{""release_year"": 1957, ""primary_genre"": ""Drama""}",ml-latest-small/movies.csv
ml-latest-small,2352,"Big Chill, The (1983)",Comedy|Drama,Comedy,"{""release_year"": 1983, ""primary_genre"": ""Comedy""}",ml-latest-small/movies.csv
ml-latest-small,2353,Enemy of the State (1998),Action|Thriller,Action,"{""release_year"": 1998, ""primary_genre"": ""Action""}",ml-latest-small/movies.csv
ml-latest-small,2354,"Rugrats Movie, The (1998)",Animation|Children|Comedy,Animation,"{""release_year"": 1998, ""primary_genre"": ""Animation""}",ml-latest-small/movies.csv
ml-latest-small,2355,"Bug's Life, A (1998)",Adventure|Animation|Children|Comedy,Adventure,"{""release_year"": 1998, ""primary_genre"": ""Adventure""}",ml-latest-small/movies.csv
ml-latest-small,2356,Celebrity (1998),Comedy,Comedy,"{""release_year"": 1998, ""primary_genre"": ""Comedy""}",ml-latest-small/movies.csv
ml-latest-small,2357,Central Station (Central do Brasil) (1998),Drama,Drama,"{""release_year"": 1998, ""primary_genre"": ""Drama""}",ml-latest-small/movies.csv
ml-latest-small,2358,Savior (1998),Drama|War,Drama,"{""release_year"": 1998, ""primary_genre"": ""Drama""}",ml-latest-small/movies.csv
ml-latest-small,2359,Waking Ned Devine (a.k.a. Waking Ned) (1998),Comedy,Comedy,"{""release_year"": 1998, ""primary_genre"": ""Comedy""}",ml-latest-small/movies.csv
ml-latest-small,2360,"Celebration, The (Festen) (1998)",Drama,Drama,"{""release_year"": 1998, ""primary_genre"": ""Drama""}",ml-latest-small/movies.csv
ml-latest-small,2361,Pink Flamingos (1972),Comedy,Comedy,"{""release_year"": 1972, ""primary_genre"": ""Comedy""}",ml-latest-small/movies.csv
ml-latest-small,2362,Glen or Glenda (1953),Drama,Drama,"{""release_year"": 1953, ""primary_genre"": ""Drama""}",ml-latest-small/movies.csv
ml-latest-small,2363,Godzilla (Gojira) (1954),Drama|Horror|Sci-Fi,Drama,"{""release_year"": 1954, ""primary_genre"": ""Drama""}",ml-latest-small/movies.csv
ml-latest-small,2364,"Godzilla 1985: The Legend Is Reborn (Gojira) (Godzilla) (Return of Godzilla, The) (1984)",Action|Horror|Sci-Fi|Thriller,Action,"{""release_year"": 1984, ""primary_genre"": ""Action""}",ml-latest-small/movies.csv
ml-latest-small,2365,King Kong vs. Godzilla (Kingukongu tai Gojira) (1962),Action|Sci-Fi,Action,"{""release_year"": 1962, ""primary_genre"": ""Action""}",ml-latest-small/movies.csv
ml-latest-small,2366,King Kong (1933),Action|Adventure|Fantasy|Horror,Action,"{""release_year"": 1933, ""primary_genre"": ""Action""}",ml-latest-small/movies.csv
ml-latest-small,2367,King Kong (1976),Adventure|Fantasy|Romance|Sci-Fi|Thriller,Adventure,"{""release_year"": 1976, ""primary_genre"": ""Adventure""}",ml-latest-small/movies.csv
ml-latest-small,2368,King Kong Lives (1986),Adventure|Sci-Fi,Adventure,"{""release_year"": 1986, ""primary_genre"": ""Adventure""}",ml-latest-small/movies.csv
ml-latest-small,2369,Desperately Seeking Susan (1985),Comedy|Drama|Romance,Comedy,"{""release_year"": 1985, ""primary_genre"": ""Comedy""}",ml-latest-small/movies.csv
ml-latest-small,2370,"Emerald Forest, The (1985)",Action|Adventure|Drama,Action,"{""release_year"": 1985, ""primary_genre"": ""Action""}",ml-latest-small/movies.csv
ml-latest-small,2371,Fletch (1985),Comedy|Crime|Mystery,Comedy,"{""release_year"": 1985, ""primary_genre"": ""Comedy""}",ml-latest-small/movies.csv
ml-latest-small,2372,Fletch Lives (1989),Comedy,Comedy,"{""release_year"": 1989, ""primary_genre"": ""Comedy""}",ml-latest-small/movies.csv
ml-latest-small,2373,Red Sonja (1985),Action|Adventure|Fantasy,Action,"{""release_year"": 1985, ""primary_genre"": ""Action""}",ml-latest-small/movies.csv
ml-latest-small,2374,Gung Ho (1986),Comedy|Drama,Comedy,"{""release_year"": 1986, ""primary_genre"": ""Comedy""}",ml-latest-small/movies.csv
ml-latest-small,2375,"Money Pit, The (1986)",Comedy,Comedy,"{""release_year"": 1986, ""primary_genre"": ""Comedy""}",ml-latest-small/movies.csv
ml-latest-small,2376,"View to a Kill, A (1985)",Action|Adventure|Thriller,Action,"{""release_year"": 1985, ""primary_genre"": ""Action""}",ml-latest-small/movies.csv
ml-latest-small,2377,Lifeforce (1985),Horror|Sci-Fi,Horror,"{""release_year"": 1985, ""primary_genre"": ""Horror""}",ml-latest-small/movies.csv
ml-latest-small,2378,Police Academy (1984),Comedy|Crime,Comedy,"{""release_year"": 1984, ""primary_genre"": ""Comedy""}",ml-latest-small/movies.csv
ml-latest-small,2379,Police Academy 2: Their First Assignment (1985),Comedy|Crime,Comedy,"{""release_year"": 1985, ""primary_genre"": ""Comedy""}",ml-latest-small/movies.csv
ml-latest-small,2380,Police Academy 3: Back in Training (1986),Comedy|Crime,Comedy,"{""release_year"": 1986, ""primary_genre"": ""Comedy""}",ml-latest-small/movies.csv
ml-latest-small,2381,Police Academy 4: Citizens on Patrol (1987),Comedy|Crime,Comedy,"{""release_year"": 1987, ""primary_genre"": ""Comedy""}",ml-latest-small/movies.csv
ml-latest-small,2382,Police Academy 5: Assignment: Miami Beach (1988),Comedy|Crime,Comedy,"{""release_year"": 1988, ""primary_genre"": ""Comedy""}",ml-latest-small/movies.csv
ml-latest-small,2383,Police Academy 6: City Under Siege (1989),Comedy|Crime,Comedy,"{""release_year"": 1989, ""primary_genre"": ""Comedy""}",ml-latest-small/movies.csv
ml-latest-small,2384,Babe: Pig in the City (1998),Adventure|Children|Drama,Adventure,"{""release_year"": 1998, ""primary_genre"": ""Adventure""}",ml-latest-small/movies.csv
ml-latest-small,2385,Home Fries (1998),Comedy|Romance,Comedy,"{""release_year"": 1998, ""primary_genre"": ""Comedy""}",ml-latest-small/movies.csv
ml-latest-small,2387,Very Bad Things (1998),Comedy|Crime,Comedy,"{""release_year"": 1998, ""primary_genre"": ""Comedy""}",ml-latest-small/movies.csv
ml-latest-small,2388,Steam: The Turkish Bath (Hamam) (1997),Drama|Romance,Drama,"{""release_year"": 1997, ""primary_genre"": ""Drama""}",ml-latest-small/movies.csv
ml-latest-small,2389,Psycho (1998),Crime|Horror|Thriller,Crime,"{""release_year"": 1998, ""primary_genre"": ""Crime""}",ml-latest-small/movies.csv
ml-latest-small,2390,Little Voice (1998),Comedy,Comedy,"{""release_year"": 1998, ""primary_genre"": ""Comedy""}",ml-latest-small/movies.csv
ml-latest-small,2391,"Simple Plan, A (1998)",Crime|Drama|Thriller,Crime,"{""release_year"": 1998, ""primary_genre"": ""Crime""}",ml-latest-small/movies.csv
ml-latest-small,2392,Jack Frost (1998),Children|Comedy|Drama,Children,"{""release_year"": 1998, ""primary_genre"": ""Children""}",ml-latest-small/movies.csv
ml-latest-small,2393,Star Trek: Insurrection (1998),Action|Drama|Romance|Sci-Fi,Action,"{""release_year"": 1998, ""primary_genre"": ""Action""}",ml-latest-small/movies.csv
ml-latest-small,2394,"Prince of Egypt, The (1998)",Animation|Musical,Animation,"{""release_year"": 1998, ""primary_genre"": ""Animation""}",ml-latest-small/movies.csv
ml-latest-small,2395,Rushmore (1998),Comedy|Drama,Comedy,"{""release_year"": 1998, ""primary_genre"": ""Comedy""}",ml-latest-small/movies.csv
ml-latest-small,2396,Shakespeare in Love (1998),Comedy|Drama|Romance,Comedy,"{""release_year"": 1998, ""primary_genre"": ""Comedy""}",ml-latest-small/movies.csv
ml-latest-small,2398,Miracle on 34th Street (1947),Comedy|Drama,Comedy,"{""release_year"": 1947, ""primary_genre"": ""Comedy""}",ml-latest-small/movies.csv
ml-latest-small,2399,Santa Claus: The Movie (1985),Adventure|Children|Fantasy,Adventure,"{""release_year"": 1985, ""primary_genre"": ""Adventure""}",ml-latest-small/movies.csv
ml-latest-small,2400,Prancer (1989),Children|Drama|Fantasy,Children,"{""release_year"": 1989, ""primary_genre"": ""Children""}",ml-latest-small/movies.csv
ml-latest-small,2401,Pale Rider (1985),Western,Western,"{""release_year"": 1985, ""primary_genre"": ""Western""}",ml-latest-small/movies.csv
ml-latest-small,2402,Rambo: First Blood Part II (1985),Action|Adventure|Thriller,Action,"{""release_year"": 1985, ""primary_genre"": ""Action""}",ml-latest-small/movies.csv
ml-latest-small,2403,First Blood (Rambo: First Blood) (1982),Action|Adventure|Drama|Thriller,Action,"{""release_year"": 1982, ""primary_genre"": ""Action""}",ml-latest-small/movies.csv
ml-latest-small,2404,Rambo III (1988),Action|Adventure|Thriller|War,Action,"{""release_year"": 1988, ""primary_genre"": ""Action""}",ml-latest-small/movies.csv
ml-latest-small,2405,"Jewel of the Nile, The (1985)",Action|Adventure|Comedy|Romance,Action,"{""release_year"": 1985, ""primary_genre"": ""Action""}",ml-latest-small/movies.csv
ml-latest-small,2406,Romancing the Stone (1984),Action|Adventure|Comedy|Romance,Action,"{""release_year"": 1984, ""primary_genre"": ""Action""}",ml-latest-small/movies.csv
ml-latest-small,2407,Cocoon (1985),Comedy|Sci-Fi,Comedy,"{""release_year"": 1985, ""primary_genre"": ""Comedy""}",ml-latest-small/movies.csv
ml-latest-small,2408,Cocoon: The Return (1988),Comedy|Sci-Fi,Comedy,"{""release_year"": 1988, ""primary_genre"": ""Comedy""}",ml-latest-small/movies.csv
ml-latest-small,2409,Rocky II (1979),Action|Drama,Action,"{""release_year"": 1979, ""primary_genre"": ""Action""}",ml-latest-small/movies.csv
ml-latest-small,2410,Rocky III (1982),Action|Drama,Action,"{""release_year"": 1982, ""primary_genre"": ""Action""}",ml-latest-small/movies.csv
ml-latest-small,2411,Rocky IV (1985),Action|Drama,Action,"{""release_year"": 1985, ""primary_genre"": ""Action""}",ml-latest-small/movies.csv
ml-latest-small,2412,Rocky V (1990),Action|Drama,Action,"{""release_year"": 1990, ""primary_genre"": ""Action""}",ml-latest-small/movies.csv
ml-latest-small,2413,Clue (1985),Comedy|Crime|Mystery|Thriller,Comedy,"{""release_year"": 1985, ""primary_genre"": ""Comedy""}",ml-latest-small/movies.csv
ml-latest-small,2414,Young Sherlock Holmes (1985),Action|Adventure|Children|Fantasy|Mystery|Thriller,Action,"{""release_year"": 1985, ""primary_genre"": ""Action""}",ml-latest-small/movies.csv
ml-latest-small,2415,Violets Are Blue... (1986),Drama|Romance,Drama,"{""release_year"": 1986, ""primary_genre"": ""Drama""}",ml-latest-small/movies.csv
ml-latest-small,2416,Back to School (1986),Comedy,Comedy,"{""release_year"": 1986, ""primary_genre"": ""Comedy""}",ml-latest-small/movies.csv
ml-latest-small,2417,Heartburn (1986),Comedy|Drama,Comedy,"{""release_year"": 1986, ""primary_genre"": ""Comedy""}",ml-latest-small/movies.csv
ml-latest-small,2418,Nothing in Common (1986),Comedy,Comedy,"{""release_year"": 1986, ""primary_genre"": ""Comedy""}",ml-latest-small/movies.csv
ml-latest-small,2419,Extremities (1986),Drama|Thriller,Drama,"{""release_year"": 1986, ""primary_genre"": ""Drama""}",ml-latest-small/movies.csv
ml-latest-small,2420,"Karate Kid, The (1984)",Drama,Drama,"{""release_year"": 1984, ""primary_genre"": ""Drama""}",ml-latest-small/movies.csv
ml-latest-small,2421,"Karate Kid, Part II, The (1986)",Action|Adventure|Drama,Action,"{""release_year"": 1986, ""primary_genre"": ""Action""}",ml-latest-small/movies.csv
ml-latest-small,2422,"Karate Kid, Part III, The (1989)",Action|Adventure|Children|Drama,Action,"{""release_year"": 1989, ""primary_genre"": ""Action""}",ml-latest-small/movies.csv
ml-latest-small,2423,Christmas Vacation (National Lampoon's Christmas Vacation) (1989),Comedy,Comedy,"{""release_year"": 1989, ""primary_genre"": ""Comedy""}",ml-latest-small/movies.csv
ml-latest-small,2424,You've Got Mail (1998),Comedy|Romance,Comedy,"{""release_year"": 1998, ""primary_genre"": ""Comedy""}",ml-latest-small/movies.csv
ml-latest-small,2425,"General, The (1998)",Crime,Crime,"{""release_year"": 1998, ""primary_genre"": ""Crime""}",ml-latest-small/movies.csv
ml-latest-small,2427,"Thin Red Line, The (1998)",Action|Drama|War,Action,"{""release_year"": 1998, ""primary_genre"": ""Action""}",ml-latest-small/movies.csv
ml-latest-small,2428,"Faculty, The (1998)",Horror|Sci-Fi,Horror,"{""release_year"": 1998, ""primary_genre"": ""Horror""}",ml-latest-small/movies.csv
ml-latest-small,2429,Mighty Joe Young (1998),Action|Adventure|Drama|Fantasy|Thriller,Action,"{""release_year"": 1998, ""primary_genre"": ""Action""}",ml-latest-small/movies.csv
ml-latest-small,2430,Mighty Joe Young (1949),Adventure|Children|Drama,Adventure,"{""release_year"": 1949, ""primary_genre"": ""Adventure""}",ml-latest-small/movies.csv
ml-latest-small,2431,Patch Adams (1998),Comedy|Drama,Comedy,"{""release_year"": 1998, ""primary_genre"": ""Comedy""}",ml-latest-small/movies.csv
ml-latest-small,2432,Stepmom (1998),Drama,Drama,"{""release_year"": 1998, ""primary_genre"": ""Drama""}",ml-latest-small/movies.csv
ml-latest-small,2433,"Civil Action, A (1998)",Drama,Drama,"{""release_year"": 1998, ""primary_genre"": ""Drama""}",ml-latest-small/movies.csv
ml-latest-small,2435,Hurlyburly (1998),Drama,Drama,"{""release_year"": 1998, ""primary_genre"": ""Drama""}",ml-latest-small/movies.csv
ml-latest-small,2436,Tea with Mussolini (1999),Comedy|Drama|War,Comedy,"{""release_year"": 1999, ""primary_genre"": ""Comedy""}",ml-latest-small/movies.csv
ml-latest-small,2439,Affliction (1997),Drama,Drama,"{""release_year"": 1997, ""primary_genre"": ""Drama""}",ml-latest-small/movies.csv
ml-latest-small,2442,Hilary and Jackie (1998),Drama,Drama,"{""release_year"": 1998, ""primary_genre"": ""Drama""}",ml-latest-small/movies.csv
ml-latest-small,2443,Playing by Heart (1998),Drama|Romance,Drama,"{""release_year"": 1998, ""primary_genre"": ""Drama""}",ml-latest-small/movies.csv
ml-latest-small,2445,At First Sight (1999),Drama,Drama,"{""release_year"": 1999, ""primary_genre"": ""Drama""}",ml-latest-small/movies.csv
ml-latest-small,2446,In Dreams (1999),Horror|Thriller,Horror,"{""release_year"": 1999, ""primary_genre"": ""Horror""}",ml-latest-small/movies.csv
ml-latest-small,2447,Varsity Blues (1999),Comedy|Drama,Comedy,"{""release_year"": 1999, ""primary_genre"": ""Comedy""}",ml-latest-small/movies.csv
ml-latest-small,2448,Virus (1999),Horror|Sci-Fi,Horror,"{""release_year"": 1999, ""primary_genre"": ""Horror""}",ml-latest-small/movies.csv
ml-latest-small,2450,Howard the Duck (1986),Adventure|Comedy|Sci-Fi,Adventure,"{""release_year"": 1986, ""primary_genre"": ""Adventure""}",ml-latest-small/movies.csv
ml-latest-small,2451,"Gate, The (1987)",Horror,Horror,"{""release_year"": 1987, ""primary_genre"": ""Horror""}",ml-latest-small/movies.csv
ml-latest-small,2453,"Boy Who Could Fly, The (1986)",Drama|Fantasy,Drama,"{""release_year"": 1986, ""primary_genre"": ""Drama""}",ml-latest-small/movies.csv
ml-latest-small,2454,"Fly, The (1958)",Horror|Mystery|Sci-Fi,Horror,"{""release_year"": 1958, ""primary_genre"": ""Horror""}",ml-latest-small/movies.csv
ml-latest-small,2455,"Fly, The (1986)",Drama|Horror|Sci-Fi|Thriller,Drama,"{""release_year"": 1986, ""primary_genre"": ""Drama""}",ml-latest-small/movies.csv
ml-latest-small,2456,"Fly II, The (1989)",Horror|Sci-Fi,Horror,"{""release_year"": 1989, ""primary_genre"": ""Horror""}",ml-latest-small/movies.csv
ml-latest-small,2457,Running Scared (1986),Action|Comedy,Action,"{""release_year"": 1986, ""primary_genre"": ""Action""}",ml-latest-small/movies.csv
ml-latest-small,2458,Armed and Dangerous (1986),Comedy|Crime,Comedy,"{""release_year"": 1986, ""primary_genre"": ""Comedy""}",ml-latest-small/movies.csv
ml-latest-small,2459,"Texas Chainsaw Massacre, The (1974)",Horror,Horror,"{""release_year"": 1974, ""primary_genre"": ""Horror""}",ml-latest-small/movies.csv
ml-latest-small,2460,"Texas Chainsaw Massacre 2, The (1986)",Horror,Horror,"{""release_year"": 1986, ""primary_genre"": ""Horror""}",ml-latest-small/movies.csv
ml-latest-small,2462,Texas Chainsaw Massacre: The Next Generation (a.k.a. The Return of the Texas Chainsaw Massacre) (1994),Horror,Horror,"{""release_year"": 1994, ""primary_genre"": ""Horror""}",ml-latest-small/movies.csv
ml-latest-small,2463,Ruthless People (1986),Comedy,Comedy,"{""release_year"": 1986, ""primary_genre"": ""Comedy""}",ml-latest-small/movies.csv
ml-latest-small,2465,Deadly Friend (1986),Horror,Horror,"{""release_year"": 1986, ""primary_genre"": ""Horror""}",ml-latest-small/movies.csv
ml-latest-small,2467,"Name of the Rose, The (Name der Rose, Der) (1986)",Crime|Drama|Mystery|Thriller,Crime,"{""release_year"": 1986, ""primary_genre"": ""Crime""}",ml-latest-small/movies.csv
ml-latest-small,2468,Jumpin' Jack Flash (1986),Action|Comedy|Romance|Thriller,Action,"{""release_year"": 1986, ""primary_genre"": ""Action""}",ml-latest-small/movies.csv
ml-latest-small,2469,Peggy Sue Got Married (1986),Comedy|Drama,Comedy,"{""release_year"": 1986, ""primary_genre"": ""Comedy""}",ml-latest-small/movies.csv
ml-latest-small,2470,Crocodile Dundee (1986),Adventure|Comedy,Adventure,"{""release_year"": 1986, ""primary_genre"": ""Adventure""}",ml-latest-small/movies.csv
ml-latest-small,2471,Crocodile Dundee II (1988),Action|Adventure|Comedy,Action,"{""release_year"": 1988, ""primary_genre"": ""Action""}",ml-latest-small/movies.csv
ml-latest-small,2472,Tough Guys (1986),Comedy,Comedy,"{""release_year"": 1986, ""primary_genre"": ""Comedy""}",ml-latest-small/movies.csv
ml-latest-small,2473,Soul Man (1986),Comedy,Comedy,"{""release_year"": 1986, ""primary_genre"": ""Comedy""}",ml-latest-small/movies.csv
ml-latest-small,2474,"Color of Money, The (1986)",Drama,Drama,"{""release_year"": 1986, ""primary_genre"": ""Drama""}",ml-latest-small/movies.csv
ml-latest-small,2475,52 Pick-Up (1986),Action|Mystery|Thriller,Action,"{""release_year"": 1986, ""primary_genre"": ""Action""}",ml-latest-small/movies.csv
ml-latest-small,2476,Heartbreak Ridge (1986),Action|War,Action,"{""release_year"": 1986, ""primary_genre"": ""Action""}",ml-latest-small/movies.csv
ml-latest-small,2477,Firewalker (1986),Adventure,Adventure,"{""release_year"": 1986, ""primary_genre"": ""Adventure""}",ml-latest-small/movies.csv
ml-latest-small,2478,¡Three Amigos! (1986),Comedy|Western,Comedy,"{""release_year"": 1986, ""primary_genre"": ""Comedy""}",ml-latest-small/movies.csv
ml-latest-small,2481,My Name Is Joe (1998),Drama|Romance,Drama,"{""release_year"": 1998, ""primary_genre"": ""Drama""}",ml-latest-small/movies.csv
ml-latest-small,2482,Still Crazy (1998),Comedy|Romance,Comedy,"{""release_year"": 1998, ""primary_genre"": ""Comedy""}",ml-latest-small/movies.csv
ml-latest-small,2483,"Day of the Beast, The (Día de la Bestia, El) (1995)",Adventure|Comedy|Thriller,Adventure,"{""release_year"": 1995, ""primary_genre"": ""Adventure""}",ml-latest-small/movies.csv
ml-latest-small,2485,She's All That (1999),Comedy|Romance,Comedy,"{""release_year"": 1999, ""primary_genre"": ""Comedy""}",ml-latest-small/movies.csv
ml-latest-small,2488,Peeping Tom (1960),Drama|Horror|Thriller,Drama,"{""release_year"": 1960, ""primary_genre"": ""Drama""}",ml-latest-small/movies.csv
ml-latest-small,2490,Payback (1999),Action|Thriller,Action,"{""release_year"": 1999, ""primary_genre"": ""Action""}",ml-latest-small/movies.csv
ml-latest-small,2491,Simply Irresistible (1999),Comedy|Romance,Comedy,"{""release_year"": 1999, ""primary_genre"": ""Comedy""}",ml-latest-small/movies.csv
ml-latest-small,2492,20 Dates (1998),Comedy|Romance,Comedy,"{""release_year"": 1998, ""primary_genre"": ""Comedy""}",ml-latest-small/movies.csv
ml-latest-small,2493,"Harmonists, The (1997)",Drama,Drama,"{""release_year"": 1997, ""primary_genre"": ""Drama""}",ml-latest-small/movies.csv
ml-latest-small,2494,"Last Days, The (1998)",Documentary,Documentary,"{""release_year"": 1998, ""primary_genre"": ""Documentary""}",ml-latest-small/movies.csv
ml-latest-small,2495,"Fantastic Planet, The (Planète sauvage, La) (1973)",Animation|Sci-Fi,Animation,"{""release_year"": 1973, ""primary_genre"": ""Animation""}",ml-latest-small/movies.csv
ml-latest-small,2496,Blast from the Past (1999),Comedy|Romance,Comedy,"{""release_year"": 1999, ""primary_genre"": ""Comedy""}",ml-latest-small/movies.csv
ml-latest-small,2497,Message in a Bottle (1999),Romance,Romance,"{""release_year"": 1999, ""primary_genre"": ""Romance""}",ml-latest-small/movies.csv
ml-latest-small,2498,My Favorite Martian (1999),Comedy|Sci-Fi,Comedy,"{""release_year"": 1999, ""primary_genre"": ""Comedy""}",ml-latest-small/movies.csv
ml-latest-small,2500,Jawbreaker (1999),Comedy,Comedy,"{""release_year"": 1999, ""primary_genre"": ""Comedy""}",ml-latest-small/movies.csv
ml-latest-small,2501,October Sky (1999),Drama,Drama,"{""release_year"": 1999, ""primary_genre"": ""Drama""}",ml-latest-small/movies.csv
ml-latest-small,2502,Office Space (1999),Comedy|Crime,Comedy,"{""release_year"": 1999, ""primary_genre"": ""Comedy""}",ml-latest-small/movies.csv
ml-latest-small,2503,"Apple, The (Sib) (1998)",Drama,Drama,"{""release_year"": 1998, ""primary_genre"": ""Drama""}",ml-latest-small/movies.csv
ml-latest-small,2504,200 Cigarettes (1999),Comedy|Drama,Comedy,"{""release_year"": 1999, ""primary_genre"": ""Comedy""}",ml-latest-small/movies.csv
ml-latest-small,2505,8MM (1999),Drama|Mystery|Thriller,Drama,"{""release_year"": 1999, ""primary_genre"": ""Drama""}",ml-latest-small/movies.csv
ml-latest-small,2506,"Other Sister, The (1999)",Comedy|Drama|Romance,Comedy,"{""release_year"": 1999, ""primary_genre"": ""Comedy""}",ml-latest-small/movies.csv
ml-latest-small,2511,"Long Goodbye, The (1973)",Crime|Film-Noir,Crime,"{""release_year"": 1973, ""primary_genre"": ""Crime""}",ml-latest-small/movies.csv
ml-latest-small,2512,"Ballad of Narayama, The (Narayama bushiko) (1983)",Drama,Drama,"{""release_year"": 1983, ""primary_genre"": ""Drama""}",ml-latest-small/movies.csv
ml-latest-small,2513,Pet Sematary (1989),Horror,Horror,"{""release_year"": 1989, ""primary_genre"": ""Horror""}",ml-latest-small/movies.csv
ml-latest-small,2514,Pet Sematary II (1992),Comedy|Horror,Comedy,"{""release_year"": 1992, ""primary_genre"": ""Comedy""}",ml-latest-small/movies.csv
ml-latest-small,2515,Children of the Corn II: The Final Sacrifice (1993),Horror,Horror,"{""release_year"": 1993, ""primary_genre"": ""Horror""}",ml-latest-small/movies.csv
ml-latest-small,2516,Children of the Corn III (1994),Horror,Horror,"{""release_year"": 1994, ""primary_genre"": ""Horror""}",ml-latest-small/movies.csv
ml-latest-small,2517,Christine (1983),Horror,Horror,"{""release_year"": 1983, ""primary_genre"": ""Horror""}",ml-latest-small/movies.csv
ml-latest-small,2518,Night Shift (1982),Comedy,Comedy,"{""release_year"": 1982, ""primary_genre"": ""Comedy""}",ml-latest-small/movies.csv
ml-latest-small,2520,Airport (1970),Drama,Drama,"{""release_year"": 1970, ""primary_genre"": ""Drama""}",ml-latest-small/movies.csv
ml-latest-small,2521,Airport 1975 (1974),Action|Drama|Thriller,Action,"{""release_year"": 1974, ""primary_genre"": ""Action""}",ml-latest-small/movies.csv
ml-latest-small,2522,Airport '77 (1977),Drama,Drama,"{""release_year"": 1977, ""primary_genre"": ""Drama""}",ml-latest-small/movies.csv
ml-latest-small,2523,Rollercoaster (1977),Drama|Thriller,Drama,"{""release_year"": 1977, ""primary_genre"": ""Drama""}",ml-latest-small/movies.csv
ml-latest-small,2524,"Towering Inferno, The (1974)",Action|Adventure|Drama|Thriller,Action,"{""release_year"": 1974, ""primary_genre"": ""Action""}",ml-latest-small/movies.csv
ml-latest-small,2525,Alligator (1980),Action|Horror|Sci-Fi,Action,"{""release_year"": 1980, ""primary_genre"": ""Action""}",ml-latest-small/movies.csv
ml-latest-small,2526,Meteor (1979),Sci-Fi,Sci-Fi,"{""release_year"": 1979, ""primary_genre"": ""Sci-Fi""}",ml-latest-small/movies.csv
ml-latest-small,2527,Westworld (1973),Action|Sci-Fi|Thriller|Western,Action,"{""release_year"": 1973, ""primary_genre"": ""Action""}",ml-latest-small/movies.csv
ml-latest-small,2528,Logan's Run (1976),Action|Adventure|Sci-Fi,Action,"{""release_year"": 1976, ""primary_genre"": ""Action""}",ml-latest-small/movies.csv
ml-latest-small,2529,Planet of the Apes (1968),Action|Drama|Sci-Fi,Action,"{""release_year"": 1968, ""primary_genre"": ""Action""}",ml-latest-small/movies.csv
ml-latest-small,2530,Beneath the Planet of the Apes (1970),Action|Sci-Fi,Action,"{""release_year"": 1970, ""primary_genre"": ""Action""}",ml-latest-small/movies.csv
ml-latest-small,2531,Battle for the Planet of the Apes (1973),Action|Sci-Fi,Action,"{""release_year"": 1973, ""primary_genre"": ""Action""}",ml-latest-small/movies.csv
ml-latest-small,2532,Conquest of the Planet of the Apes (1972),Action|Sci-Fi,Action,"{""release_year"": 1972, ""primary_genre"": ""Action""}",ml-latest-small/movies.csv
ml-latest-small,2533,Escape from the Planet of the Apes (1971),Action|Sci-Fi,Action,"{""release_year"": 1971, ""primary_genre"": ""Action""}",ml-latest-small/movies.csv
ml-latest-small,2534,Avalanche (1978),Action,Action,"{""release_year"": 1978, ""primary_genre"": ""Action""}",ml-latest-small/movies.csv
ml-latest-small,2535,Earthquake (1974),Action|Drama|Thriller,Action,"{""release_year"": 1974, ""primary_genre"": ""Action""}",ml-latest-small/movies.csv
ml-latest-small,2537,Beyond the Poseidon Adventure (1979),Adventure,Adventure,"{""release_year"": 1979, ""primary_genre"": ""Adventure""}",ml-latest-small/movies.csv
ml-latest-small,2538,Dancemaker (1998),Documentary,Documentary,"{""release_year"": 1998, ""primary_genre"": ""Documentary""}",ml-latest-small/movies.csv
ml-latest-small,2539,Analyze This (1999),Comedy,Comedy,"{""release_year"": 1999, ""primary_genre"": ""Comedy""}",ml-latest-small/movies.csv
ml-latest-small,2540,"Corruptor, The (1999)",Action|Crime|Drama|Thriller,Action,"{""release_year"": 1999, ""primary_genre"": ""Action""}",ml-latest-small/movies.csv
ml-latest-small,2541,Cruel Intentions (1999),Drama,Drama,"{""release_year"": 1999, ""primary_genre"": ""Drama""}",ml-latest-small/movies.csv
ml-latest-small,2542,"Lock, Stock & Two Smoking Barrels (1998)",Comedy|Crime|Thriller,Comedy,"{""release_year"": 1998, ""primary_genre"": ""Comedy""}",ml-latest-small/movies.csv
ml-latest-small,2544,"School of Flesh, The (École de la chair, L') (1998)",Drama|Romance,Drama,"{""release_year"": 1998, ""primary_genre"": ""Drama""}",ml-latest-small/movies.csv
ml-latest-small,2546,"Deep End of the Ocean, The (1999)",Drama,Drama,"{""release_year"": 1999, ""primary_genre"": ""Drama""}",ml-latest-small/movies.csv
ml-latest-small,2548,"Rage: Carrie 2, The (1999)",Horror,Horror,"{""release_year"": 1999, ""primary_genre"": ""Horror""}",ml-latest-small/movies.csv
ml-latest-small,2549,Wing Commander (1999),Action|Sci-Fi,Action,"{""release_year"": 1999, ""primary_genre"": ""Action""}",ml-latest-small/movies.csv
ml-latest-small,2550,"Haunting, The (1963)",Horror|Thriller,Horror,"{""release_year"": 1963, ""primary_genre"": ""Horror""}",ml-latest-small/movies.csv
ml-latest-small,2551,Dead Ringers (1988),Drama|Horror|Thriller,Drama,"{""release_year"": 1988, ""primary_genre"": ""Drama""}",ml-latest-small/movies.csv
ml-latest-small,2552,My Boyfriend's Back (1993),Comedy,Comedy,"{""release_year"": 1993, ""primary_genre"": ""Comedy""}",ml-latest-small/movies.csv
ml-latest-small,2553,Village of the Damned (1960),Horror|Sci-Fi|Thriller,Horror,"{""release_year"": 1960, ""primary_genre"": ""Horror""}",ml-latest-small/movies.csv
ml-latest-small,2554,Children of the Damned (1963),Horror|Sci-Fi|Thriller,Horror,"{""release_year"": 1963, ""primary_genre"": ""Horror""}",ml-latest-small/movies.csv
ml-latest-small,2555,Baby Geniuses (1999),Comedy,Comedy,"{""release_year"": 1999, ""primary_genre"": ""Comedy""}",ml-latest-small/movies.csv
ml-latest-small,2557,I Stand Alone (Seul contre tous) (1998),Drama|Thriller,Drama,"{""release_year"": 1998, ""primary_genre"": ""Drama""}",ml-latest-small/movies.csv
ml-latest-small,2558,Forces of Nature (1999),Comedy|Romance,Comedy,"{""release_year"": 1999, ""primary_genre"": ""Comedy""}",ml-latest-small/movies.csv
ml-latest-small,2559,"King and I, The (1999)",Animation|Children,Animation,"{""release_year"": 1999, ""primary_genre"": ""Animation""}",ml-latest-small/movies.csv
ml-latest-small,2560,Ravenous (1999),Horror|Thriller,Horror,"{""release_year"": 1999, ""primary_genre"": ""Horror""}",ml-latest-small/movies.csv
ml-latest-small,2561,True Crime (1999),Crime|Thriller,Crime,"{""release_year"": 1999, ""primary_genre"": ""Crime""}",ml-latest-small/movies.csv
ml-latest-small,2563,Dangerous Beauty (1998),Drama,Drama,"{""release_year"": 1998, ""primary_genre"": ""Drama""}",ml-latest-small/movies.csv
ml-latest-small,2565,"King and I, The (1956)",Drama|Musical|Romance,Drama,"{""release_year"": 1956, ""primary_genre"": ""Drama""}",ml-latest-small/movies.csv
ml-latest-small,2566,Doug's 1st Movie (1999),Animation|Children,Animation,"{""release_year"": 1999, ""primary_genre"": ""Animation""}",ml-latest-small/movies.csv
ml-latest-small,2567,EDtv (1999),Comedy,Comedy,"{""release_year"": 1999, ""primary_genre"": ""Comedy""}",ml-latest-small/movies.csv
ml-latest-small,2568,"Mod Squad, The (1999)",Action|Crime,Action,"{""release_year"": 1999, ""primary_genre"": ""Action""}",ml-latest-small/movies.csv
ml-latest-small,2570,"Walk on the Moon, A (1999)",Drama|Romance,Drama,"{""release_year"": 1999, ""primary_genre"": ""Drama""}",ml-latest-small/movies.csv
ml-latest-small,2571,"Matrix, The (1999)",Action|Sci-Fi|Thriller,Action,"{""release_year"": 1999, ""primary_genre"": ""Action""}",ml-latest-small/movies.csv
ml-latest-small,2572,10 Things I Hate About You (1999),Comedy|Romance,Comedy,"{""release_year"": 1999, ""primary_genre"": ""Comedy""}",ml-latest-small/movies.csv
ml-latest-small,2573,Tango (1998),Drama|Musical,Drama,"{""release_year"": 1998, ""primary_genre"": ""Drama""}",ml-latest-small/movies.csv
ml-latest-small,2574,"Out-of-Towners, The (1999)",Comedy,Comedy,"{""release_year"": 1999, ""primary_genre"": ""Comedy""}",ml-latest-small/movies.csv
ml-latest-small,2575,"Dreamlife of Angels, The (Vie rêvée des anges, La) (1998)",Drama,Drama,"{""release_year"": 1998, ""primary_genre"": ""Drama""}",ml-latest-small/movies.csv
ml-latest-small,2577,Metroland (1997),Comedy|Drama,Comedy,"{""release_year"": 1997, ""primary_genre"": ""Comedy""}",ml-latest-small/movies.csv
ml-latest-small,2579,Following (1998),Crime|Mystery|Thriller,Crime,"{""release_year"": 1998, ""primary_genre"": ""Crime""}",ml-latest-small/movies.csv
ml-latest-small,2580,Go (1999),Comedy|Crime,Comedy,"{""release_year"": 1999, ""primary_genre"": ""Comedy""}",ml-latest-small/movies.csv
ml-latest-small,2581,Never Been Kissed (1999),Comedy|Romance,Comedy,"{""release_year"": 1999, ""primary_genre"": ""Comedy""}",ml-latest-small/movies.csv
ml-latest-small,2582,Twin Dragons (Shuang long hui) (1992),Action|Comedy,Action,"{""release_year"": 1992, ""primary_genre"": ""Action""}",ml-latest-small/movies.csv
ml-latest-small,2583,Cookie's Fortune (1999),Comedy|Drama,Comedy,"{""release_year"": 1999, ""primary_genre"": ""Comedy""}",ml-latest-small/movies.csv
ml-latest-small,2585,"Lovers of the Arctic Circle, The (Los Amantes del Círculo Polar) (1998)",Drama|Romance,Drama,"{""release_year"": 1998, ""primary_genre"": ""Drama""}",ml-latest-small/movies.csv
ml-latest-small,2586,Goodbye Lover (1999),Comedy|Crime|Thriller,Comedy,"{""release_year"": 1999, ""primary_genre"": ""Comedy""}",ml-latest-small/movies.csv
ml-latest-small,2587,Life (1999),Comedy|Crime|Drama,Comedy,"{""release_year"": 1999, ""primary_genre"": ""Comedy""}",ml-latest-small/movies.csv
ml-latest-small,2589,Friends & Lovers (1999),Comedy|Drama|Romance,Comedy,"{""release_year"": 1999, ""primary_genre"": ""Comedy""}",ml-latest-small/movies.csv
ml-latest-small,2590,Hideous Kinky (1998),Drama,Drama,"{""release_year"": 1998, ""primary_genre"": ""Drama""}",ml-latest-small/movies.csv
ml-latest-small,2593,"Monster, The (Mostro, Il) (1994)",Comedy,Comedy,"{""release_year"": 1994, ""primary_genre"": ""Comedy""}",ml-latest-small/movies.csv
ml-latest-small,2594,Open Your Eyes (Abre los ojos) (1997),Drama|Romance|Sci-Fi|Thriller,Drama,"{""release_year"": 1997, ""primary_genre"": ""Drama""}",ml-latest-small/movies.csv
ml-latest-small,2596,SLC Punk! (1998),Comedy|Drama,Comedy,"{""release_year"": 1998, ""primary_genre"": ""Comedy""}",ml-latest-small/movies.csv
ml-latest-small,2597,Lost & Found (1999),Comedy|Romance,Comedy,"{""release_year"": 1999, ""primary_genre"": ""Comedy""}",ml-latest-small/movies.csv
ml-latest-small,2598,Pushing Tin (1999),Comedy,Comedy,"{""release_year"": 1999, ""primary_genre"": ""Comedy""}",ml-latest-small/movies.csv
ml-latest-small,2599,Election (1999),Comedy,Comedy,"{""release_year"": 1999, ""primary_genre"": ""Comedy""}",ml-latest-small/movies.csv
ml-latest-small,2600,eXistenZ (1999),Action|Sci-Fi|Thriller,Action,"{""release_year"": 1999, ""primary_genre"": ""Action""}",ml-latest-small/movies.csv
ml-latest-small,2605,Entrapment (1999),Crime|Thriller,Crime,"{""release_year"": 1999, ""primary_genre"": ""Crime""}",ml-latest-small/movies.csv
ml-latest-small,2606,Idle Hands (1999),Comedy|Horror,Comedy,"{""release_year"": 1999, ""primary_genre"": ""Comedy""}",ml-latest-small/movies.csv
ml-latest-small,2607,Get Real (1998),Drama|Romance,Drama,"{""release_year"": 1998, ""primary_genre"": ""Drama""}",ml-latest-small/movies.csv
ml-latest-small,2609,"King of Masks, The (Bian Lian) (1996)",Drama,Drama,"{""release_year"": 1996, ""primary_genre"": ""Drama""}",ml-latest-small/movies.csv
ml-latest-small,2611,"Winslow Boy, The (1999)",Drama,Drama,"{""release_year"": 1999, ""primary_genre"": ""Drama""}",ml-latest-small/movies.csv
ml-latest-small,2612,Mildred Pierce (1945),Drama|Film-Noir,Drama,"{""release_year"": 1945, ""primary_genre"": ""Drama""}",ml-latest-small/movies.csv
ml-latest-small,2613,Night of the Comet (1984),Comedy|Horror|Sci-Fi,Comedy,"{""release_year"": 1984, ""primary_genre"": ""Comedy""}",ml-latest-small/movies.csv
ml-latest-small,2614,Chopping Mall (a.k.a. Killbots) (1986),Action|Horror|Sci-Fi,Action,"{""release_year"": 1986, ""primary_genre"": ""Action""}",ml-latest-small/movies.csv
ml-latest-small,2615,My Science Project (1985),Adventure|Sci-Fi,Adventure,"{""release_year"": 1985, ""primary_genre"": ""Adventure""}",ml-latest-small/movies.csv
ml-latest-small,2616,Dick Tracy (1990),Action|Crime,Action,"{""release_year"": 1990, ""primary_genre"": ""Action""}",ml-latest-small/movies.csv
ml-latest-small,2617,"Mummy, The (1999)",Action|Adventure|Comedy|Fantasy|Horror|Thriller,Action,"{""release_year"": 1999, ""primary_genre"": ""Action""}",ml-latest-small/movies.csv
ml-latest-small,2618,"Castle, The (1997)",Comedy,Comedy,"{""release_year"": 1997, ""primary_genre"": ""Comedy""}",ml-latest-small/movies.csv
ml-latest-small,2620,This Is My Father (1998),Drama|Romance,Drama,"{""release_year"": 1998, ""primary_genre"": ""Drama""}",ml-latest-small/movies.csv
ml-latest-small,2622,William Shakespeare's A Midsummer Night's Dream (1999),Comedy|Fantasy,Comedy,"{""release_year"": 1999, ""primary_genre"": ""Comedy""}",ml-latest-small/movies.csv
ml-latest-small,2623,Trippin' (1999),Comedy,Comedy,"{""release_year"": 1999, ""primary_genre"": ""Comedy""}",ml-latest-small/movies.csv
ml-latest-small,2624,After Life (Wandafuru raifu) (1998),Drama|Fantasy,Drama,"{""release_year"": 1998, ""primary_genre"": ""Drama""}",ml-latest-small/movies.csv
ml-latest-small,2625,Black Mask (Hak hap) (1996),Action|Adventure|Crime|Sci-Fi|Thriller,Action,"{""release_year"": 1996, ""primary_genre"": ""Action""}",ml-latest-small/movies.csv
ml-latest-small,2628,Star Wars: Episode I - The Phantom Menace (1999),Action|Adventure|Sci-Fi,Action,"{""release_year"": 1999, ""primary_genre"": ""Action""}",ml-latest-small/movies.csv
ml-latest-small,2629,"Love Letter, The (1999)",Comedy|Romance,Comedy,"{""release_year"": 1999, ""primary_genre"": ""Comedy""}",ml-latest-small/movies.csv
ml-latest-small,2630,Besieged (a.k.a. L' Assedio) (1998),Drama,Drama,"{""release_year"": 1998, ""primary_genre"": ""Drama""}",ml-latest-small/movies.csv
ml-latest-small,2632,"Saragossa Manuscript, The (Rekopis znaleziony w Saragossie) (1965)",Adventure|Drama|Mystery,Adventure,"{""release_year"": 1965, ""primary_genre"": ""Adventure""}",ml-latest-small/movies.csv
ml-latest-small,2633,"Mummy, The (1932)",Horror|Romance,Horror,"{""release_year"": 1932, ""primary_genre"": ""Horror""}",ml-latest-small/movies.csv
ml-latest-small,2634,"Mummy, The (1959)",Horror,Horror,"{""release_year"": 1959, ""primary_genre"": ""Horror""}",ml-latest-small/movies.csv
ml-latest-small,2639,Mommie Dearest (1981),Drama,Drama,"{""release_year"": 1981, ""primary_genre"": ""Drama""}",ml-latest-small/movies.csv
ml-latest-small,2640,Superman (1978),Action|Adventure|Sci-Fi,Action,"{""release_year"": 1978, ""primary_genre"": ""Action""}",ml-latest-small/movies.csv
ml-latest-small,2641,Superman II (1980),Action|Sci-Fi,Action,"{""release_year"": 1980, ""primary_genre"": ""Action""}",ml-latest-small/movies.csv
ml-latest-small,2642,Superman III (1983),Action|Adventure|Sci-Fi,Action,"{""release_year"": 1983, ""primary_genre"": ""Action""}",ml-latest-small/movies.csv
ml-latest-small,2643,Superman IV: The Quest for Peace (1987),Action|Adventure|Sci-Fi,Action,"{""release_year"": 1987, ""primary_genre"": ""Action""}",ml-latest-small/movies.csv
ml-latest-small,2644,Dracula (1931),Horror,Horror,"{""release_year"": 1931, ""primary_genre"": ""Horror""}",ml-latest-small/movies.csv
ml-latest-small,2648,Frankenstein (1931),Drama|Horror|Sci-Fi,Drama,"{""release_year"": 1931, ""primary_genre"": ""Drama""}",ml-latest-small/movies.csv
ml-latest-small,2651,Frankenstein Meets the Wolf Man (1943),Horror,Horror,"{""release_year"": 1943, ""primary_genre"": ""Horror""}",ml-latest-small/movies.csv
ml-latest-small,2652,"Curse of Frankenstein, The (1957)",Horror,Horror,"{""release_year"": 1957, ""primary_genre"": ""Horror""}",ml-latest-small/movies.csv
ml-latest-small,2654,"Wolf Man, The (1941)",Drama|Fantasy|Horror,Drama,"{""release_year"": 1941, ""primary_genre"": ""Drama""}",ml-latest-small/movies.csv
ml-latest-small,2655,Howling II: Your Sister Is a Werewolf (1985),Horror,Horror,"{""release_year"": 1985, ""primary_genre"": ""Horror""}",ml-latest-small/movies.csv
ml-latest-small,2656,Tarantula (1955),Horror|Sci-Fi,Horror,"{""release_year"": 1955, ""primary_genre"": ""Horror""}",ml-latest-small/movies.csv
ml-latest-small,2657,"Rocky Horror Picture Show, The (1975)",Comedy|Horror|Musical|Sci-Fi,Comedy,"{""release_year"": 1975, ""primary_genre"": ""Comedy""}",ml-latest-small/movies.csv
ml-latest-small,2659,It Came from Hollywood (1982),Comedy|Documentary,Comedy,"{""release_year"": 1982, ""primary_genre"": ""Comedy""}",ml-latest-small/movies.csv
ml-latest-small,2660,"Thing from Another World, The (1951)",Horror|Sci-Fi,Horror,"{""release_year"": 1951, ""primary_genre"": ""Horror""}",ml-latest-small/movies.csv
ml-latest-small,2661,It Came from Outer Space (1953),Sci-Fi,Sci-Fi,"{""release_year"": 1953, ""primary_genre"": ""Sci-Fi""}",ml-latest-small/movies.csv
ml-latest-small,2662,"War of the Worlds, The (1953)",Action|Drama|Sci-Fi,Action,"{""release_year"": 1953, ""primary_genre"": ""Action""}",ml-latest-small/movies.csv
ml-latest-small,2664,Invasion of the Body Snatchers (1956),Horror|Sci-Fi|Thriller,Horror,"{""release_year"": 1956, ""primary_genre"": ""Horror""}",ml-latest-small/movies.csv
ml-latest-small,2665,Earth vs. the Flying Saucers (1956),Sci-Fi,Sci-Fi,"{""release_year"": 1956, ""primary_genre"": ""Sci-Fi""}",ml-latest-small/movies.csv
ml-latest-small,2668,Swamp Thing (1982),Horror|Sci-Fi,Horror,"{""release_year"": 1982, ""primary_genre"": ""Horror""}",ml-latest-small/movies.csv
ml-latest-small,2669,Pork Chop Hill (1959),War,War,"{""release_year"": 1959, ""primary_genre"": ""War""}",ml-latest-small/movies.csv
ml-latest-small,2670,Run Silent Run Deep (1958),War,War,"{""release_year"": 1958, ""primary_genre"": ""War""}",ml-latest-small/movies.csv
ml-latest-small,2671,Notting Hill (1999),Comedy|Romance,Comedy,"{""release_year"": 1999, ""primary_genre"": ""Comedy""}",ml-latest-small/movies.csv
ml-latest-small,2672,"Thirteenth Floor, The (1999)",Drama|Sci-Fi|Thriller,Drama,"{""release_year"": 1999, ""primary_genre"": ""Drama""}",ml-latest-small/movies.csv
ml-latest-small,2674,"Loss of Sexual Innocence, The (1999)",Drama|Fantasy,Drama,"{""release_year"": 1999, ""primary_genre"": ""Drama""}",ml-latest-small/movies.csv
ml-latest-small,2676,Instinct (1999),Drama|Thriller,Drama,"{""release_year"": 1999, ""primary_genre"": ""Drama""}",ml-latest-small/movies.csv
ml-latest-small,2677,Buena Vista Social Club (1999),Documentary|Musical,Documentary,"{""release_year"": 1999, ""primary_genre"": ""Documentary""}",ml-latest-small/movies.csv
ml-latest-small,2681,Free Enterprise (1998),Comedy|Romance|Sci-Fi,Comedy,"{""release_year"": 1998, ""primary_genre"": ""Comedy""}",ml-latest-small/movies.csv
ml-latest-small,2682,Limbo (1999),Drama,Drama,"{""release_year"": 1999, ""primary_genre"": ""Drama""}",ml-latest-small/movies.csv
ml-latest-small,2683,Austin Powers: The Spy Who Shagged Me (1999),Action|Adventure|Comedy,Action,"{""release_year"": 1999, ""primary_genre"": ""Action""}",ml-latest-small/movies.csv
ml-latest-small,2686,"Red Violin, The (Violon rouge, Le) (1998)",Drama|Mystery,Drama,"{""release_year"": 1998, ""primary_genre"": ""Drama""}",ml-latest-small/movies.csv
ml-latest-small,2687,Tarzan (1999),Adventure|Animation|Children|Drama,Adventure,"{""release_year"": 1999, ""primary_genre"": ""Adventure""}",ml-latest-small/movies.csv
ml-latest-small,2688,"General's Daughter, The (1999)",Crime|Drama|Mystery|Thriller,Crime,"{""release_year"": 1999, ""primary_genre"": ""Crime""}",ml-latest-small/movies.csv
ml-latest-small,2690,"Ideal Husband, An (1999)",Comedy|Romance,Comedy,"{""release_year"": 1999, ""primary_genre"": ""Comedy""}",ml-latest-small/movies.csv
ml-latest-small,2691,"Legend of 1900, The (a.k.a. The Legend of the Pianist on the Ocean) (Leggenda del pianista sull'oceano) (1998)",Drama,Drama,"{""release_year"": 1998, ""primary_genre"": ""Drama""}",ml-latest-small/movies.csv
ml-latest-small,2692,Run Lola Run (Lola rennt) (1998),Action|Crime,Action,"{""release_year"": 1998, ""primary_genre"": ""Action""}",ml-latest-small/movies.csv
ml-latest-small,2693,Trekkies (1997),Documentary,Documentary,"{""release_year"": 1997, ""primary_genre"": ""Documentary""}",ml-latest-small/movies.csv
ml-latest-small,2694,Big Daddy (1999),Comedy,Comedy,"{""release_year"": 1999, ""primary_genre"": ""Comedy""}",ml-latest-small/movies.csv
ml-latest-small,2695,"Boys, The (1998)",Drama,Drama,"{""release_year"": 1998, ""primary_genre"": ""Drama""}",ml-latest-small/movies.csv
ml-latest-small,2696,"Dinner Game, The (Dîner de cons, Le) (1998)",Comedy,Comedy,"{""release_year"": 1998, ""primary_genre"": ""Comedy""}",ml-latest-small/movies.csv
ml-latest-small,2697,My Son the Fanatic (1997),Comedy|Drama|Romance,Comedy,"{""release_year"": 1997, ""primary_genre"": ""Comedy""}",ml-latest-small/movies.csv
ml-latest-small,2698,Zone 39 (1997),Sci-Fi,Sci-Fi,"{""release_year"": 1997, ""primary_genre"": ""Sci-Fi""}",ml-latest-small/movies.csv
ml-latest-small,2699,Arachnophobia (1990),Comedy|Horror,Comedy,"{""release_year"": 1990, ""primary_genre"": ""Comedy""}",ml-latest-small/movies.csv
ml-latest-small,2700,"South Park: Bigger, Longer and Uncut (1999)",Animation|Comedy|Musical,Animation,"{""release_year"": 1999, ""primary_genre"": ""Animation""}",ml-latest-small/movies.csv
ml-latest-small,2701,Wild Wild West (1999),Action|Comedy|Sci-Fi|Western,Action,"{""release_year"": 1999, ""primary_genre"": ""Action""}",ml-latest-small/movies.csv
ml-latest-small,2702,Summer of Sam (1999),Drama,Drama,"{""release_year"": 1999, ""primary_genre"": ""Drama""}",ml-latest-small/movies.csv
ml-latest-small,2706,American Pie (1999),Comedy|Romance,Comedy,"{""release_year"": 1999, ""primary_genre"": ""Comedy""}",ml-latest-small/movies.csv
ml-latest-small,2707,Arlington Road (1999),Thriller,Thriller,"{""release_year"": 1999, ""primary_genre"": ""Thriller""}",ml-latest-small/movies.csv
ml-latest-small,2708,"Autumn Tale, An (Conte d'automne) (1998)",Romance,Romance,"{""release_year"": 1998, ""primary_genre"": ""Romance""}",ml-latest-small/movies.csv
ml-latest-small,2709,Muppets From Space (1999),Children|Comedy,Children,"{""release_year"": 1999, ""primary_genre"": ""Children""}",ml-latest-small/movies.csv
ml-latest-small,2710,"Blair Witch Project, The (1999)",Drama|Horror|Thriller,Drama,"{""release_year"": 1999, ""primary_genre"": ""Drama""}",ml-latest-small/movies.csv
ml-latest-small,2712,Eyes Wide Shut (1999),Drama|Mystery|Thriller,Drama,"{""release_year"": 1999, ""primary_genre"": ""Drama""}",ml-latest-small/movies.csv
ml-latest-small,2713,Lake Placid (1999),Horror|Thriller,Horror,"{""release_year"": 1999, ""primary_genre"": ""Horror""}",ml-latest-small/movies.csv
ml-latest-small,2716,Ghostbusters (a.k.a. Ghost Busters) (1984),Action|Comedy|Sci-Fi,Action,"{""release_year"": 1984, ""primary_genre"": ""Action""}",ml-latest-small/movies.csv
ml-latest-small,2717,Ghostbusters II (1989),Comedy|Fantasy|Sci-Fi,Comedy,"{""release_year"": 1989, ""primary_genre"": ""Comedy""}",ml-latest-small/movies.csv
ml-latest-small,2718,Drop Dead Gorgeous (1999),Comedy,Comedy,"{""release_year"": 1999, ""primary_genre"": ""Comedy""}",ml-latest-small/movies.csv
ml-latest-small,2719,"Haunting, The (1999)",Horror|Thriller,Horror,"{""release_year"": 1999, ""primary_genre"": ""Horror""}",ml-latest-small/movies.csv
ml-latest-small,2720,Inspector Gadget (1999),Action|Adventure|Children|Comedy,Action,"{""release_year"": 1999, ""primary_genre"": ""Action""}",ml-latest-small/movies.csv
ml-latest-small,2722,Deep Blue Sea (1999),Action|Horror|Sci-Fi|Thriller,Action,"{""release_year"": 1999, ""primary_genre"": ""Action""}",ml-latest-small/movies.csv
ml-latest-small,2723,Mystery Men (1999),Action|Comedy|Fantasy,Action,"{""release_year"": 1999, ""primary_genre"": ""Action""}",ml-latest-small/movies.csv
ml-latest-small,2724,Runaway Bride (1999),Comedy|Romance,Comedy,"{""release_year"": 1999, ""primary_genre"": ""Comedy""}",ml-latest-small/movies.csv
ml-latest-small,2725,Twin Falls Idaho (1999),Drama,Drama,"{""release_year"": 1999, ""primary_genre"": ""Drama""}",ml-latest-small/movies.csv
ml-latest-small,2726,"Killing, The (1956)",Crime|Film-Noir,Crime,"{""release_year"": 1956, ""primary_genre"": ""Crime""}",ml-latest-small/movies.csv
ml-latest-small,2727,Killer's Kiss (1955),Crime|Film-Noir,Crime,"{""release_year"": 1955, ""primary_genre"": ""Crime""}",ml-latest-small/movies.csv
ml-latest-small,2728,Spartacus (1960),Action|Drama|Romance|War,Action,"{""release_year"": 1960, ""primary_genre"": ""Action""}",ml-latest-small/movies.csv
ml-latest-small,2729,Lolita (1962),Drama|Romance,Drama,"{""release_year"": 1962, ""primary_genre"": ""Drama""}",ml-latest-small/movies.csv
ml-latest-small,2730,Barry Lyndon (1975),Drama|Romance|War,Drama,"{""release_year"": 1975, ""primary_genre"": ""Drama""}",ml-latest-small/movies.csv
ml-latest-small,2731,"400 Blows, The (Les quatre cents coups) (1959)",Crime|Drama,Crime,"{""release_year"": 1959, ""primary_genre"": ""Crime""}",ml-latest-small/movies.csv
ml-latest-small,2732,Jules and Jim (Jules et Jim) (1961),Drama|Romance,Drama,"{""release_year"": 1961, ""primary_genre"": ""Drama""}",ml-latest-small/movies.csv
ml-latest-small,2733,Vibes (1988),Adventure|Comedy|Romance,Adventure,"{""release_year"": 1988, ""primary_genre"": ""Adventure""}",ml-latest-small/movies.csv
ml-latest-small,2734,"Mosquito Coast, The (1986)",Adventure|Drama|Thriller,Adventure,"{""release_year"": 1986, ""primary_genre"": ""Adventure""}",ml-latest-small/movies.csv
ml-latest-small,2735,"Golden Child, The (1986)",Action|Adventure|Comedy|Fantasy|Mystery,Action,"{""release_year"": 1986, ""primary_genre"": ""Action""}",ml-latest-small/movies.csv
ml-latest-small,2736,Brighton Beach Memoirs (1986),Comedy,Comedy,"{""release_year"": 1986, ""primary_genre"": ""Comedy""}",ml-latest-small/movies.csv
ml-latest-small,2737,Assassination (1987),Action|Drama|Thriller,Action,"{""release_year"": 1987, ""primary_genre"": ""Action""}",ml-latest-small/movies.csv
ml-latest-small,2738,Crimes of the Heart (1986),Comedy|Drama,Comedy,"{""release_year"": 1986, ""primary_genre"": ""Comedy""}",ml-latest-small/movies.csv
ml-latest-small,2739,"Color Purple, The (1985)",Drama,Drama,"{""release_year"": 1985, ""primary_genre"": ""Drama""}",ml-latest-small/movies.csv
ml-latest-small,2740,"Kindred, The (1986)",Horror|Sci-Fi,Horror,"{""release_year"": 1986, ""primary_genre"": ""Horror""}",ml-latest-small/movies.csv
ml-latest-small,2741,No Mercy (1986),Action|Crime|Thriller,Action,"{""release_year"": 1986, ""primary_genre"": ""Action""}",ml-latest-small/movies.csv
ml-latest-small,2742,Ménage (Tenue de soirée) (1986),Comedy|Drama,Comedy,"{""release_year"": 1986, ""primary_genre"": ""Comedy""}",ml-latest-small/movies.csv
ml-latest-small,2743,Native Son (1986),Drama,Drama,"{""release_year"": 1986, ""primary_genre"": ""Drama""}",ml-latest-small/movies.csv
ml-latest-small,2744,Otello (1986),Drama,Drama,"{""release_year"": 1986, ""primary_genre"": ""Drama""}",ml-latest-small/movies.csv
ml-latest-small,2745,"Mission, The (1986)",Drama,Drama,"{""release_year"": 1986, ""primary_genre"": ""Drama""}",ml-latest-small/movies.csv
ml-latest-small,2746,Little Shop of Horrors (1986),Comedy|Horror|Musical,Comedy,"{""release_year"": 1986, ""primary_genre"": ""Comedy""}",ml-latest-small/movies.csv
ml-latest-small,2747,"Little Shop of Horrors, The (1960)",Comedy|Horror,Comedy,"{""release_year"": 1960, ""primary_genre"": ""Comedy""}",ml-latest-small/movies.csv
ml-latest-small,2748,Allan Quatermain and the Lost City of Gold (1987),Action|Adventure|Comedy,Action,"{""release_year"": 1987, ""primary_genre"": ""Action""}",ml-latest-small/movies.csv
ml-latest-small,2749,"Morning After, The (1986)",Drama|Mystery,Drama,"{""release_year"": 1986, ""primary_genre"": ""Drama""}",ml-latest-small/movies.csv
ml-latest-small,2750,Radio Days (1987),Comedy|Drama,Comedy,"{""release_year"": 1987, ""primary_genre"": ""Comedy""}",ml-latest-small/movies.csv
ml-latest-small,2751,From the Hip (1987),Comedy|Drama,Comedy,"{""release_year"": 1987, ""primary_genre"": ""Comedy""}",ml-latest-small/movies.csv
ml-latest-small,2752,Outrageous Fortune (1987),Comedy|Mystery,Comedy,"{""release_year"": 1987, ""primary_genre"": ""Comedy""}",ml-latest-small/movies.csv
ml-latest-small,2754,Deadtime Stories (1987),Horror,Horror,"{""release_year"": 1987, ""primary_genre"": ""Horror""}",ml-latest-small/movies.csv
ml-latest-small,2757,Frances (1982),Drama,Drama,"{""release_year"": 1982, ""primary_genre"": ""Drama""}",ml-latest-small/movies.csv
ml-latest-small,2759,Dick (1999),Comedy,Comedy,"{""release_year"": 1999, ""primary_genre"": ""Comedy""}",ml-latest-small/movies.csv
ml-latest-small,2761,"Iron Giant, The (1999)",Adventure|Animation|Children|Drama|Sci-Fi,Adventure,"{""release_year"": 1999, ""primary_genre"": ""Adventure""}",ml-latest-small/movies.csv
ml-latest-small,2762,"Sixth Sense, The (1999)",Drama|Horror|Mystery,Drama,"{""release_year"": 1999, ""primary_genre"": ""Drama""}",ml-latest-small/movies.csv
ml-latest-small,2763,"Thomas Crown Affair, The (1999)",Action|Mystery,Action,"{""release_year"": 1999, ""primary_genre"": ""Action""}",ml-latest-small/movies.csv
ml-latest-small,2764,"Thomas Crown Affair, The (1968)",Crime|Drama|Romance|Thriller,Crime,"{""release_year"": 1968, ""primary_genre"": ""Crime""}",ml-latest-small/movies.csv
ml-latest-small,2765,"Acid House, The (1998)",Comedy|Drama,Comedy,"{""release_year"": 1998, ""primary_genre"": ""Comedy""}",ml-latest-small/movies.csv
ml-latest-small,2766,"Adventures of Sebastian Cole, The (1998)",Comedy|Drama,Comedy,"{""release_year"": 1998, ""primary_genre"": ""Comedy""}",ml-latest-small/movies.csv
ml-latest-small,2769,"Yards, The (2000)",Crime|Drama,Crime,"{""release_year"": 2000, ""primary_genre"": ""Crime""}",ml-latest-small/movies.csv
ml-latest-small,2770,Bowfinger (1999),Comedy,Comedy,"{""release_year"": 1999, ""primary_genre"": ""Comedy""}",ml-latest-small/movies.csv
ml-latest-small,2771,Brokedown Palace (1999),Drama,Drama,"{""release_year"": 1999, ""primary_genre"": ""Drama""}",ml-latest-small/movies.csv
ml-latest-small,2772,Detroit Rock City (1999),Comedy,Comedy,"{""release_year"": 1999, ""primary_genre"": ""Comedy""}",ml-latest-small/movies.csv
ml-latest-small,2774,Better Than Chocolate (1999),Comedy|Romance,Comedy,"{""release_year"": 1999, ""primary_genre"": ""Comedy""}",ml-latest-small/movies.csv
ml-latest-small,2775,Head On (1998),Drama,Drama,"{""release_year"": 1998, ""primary_genre"": ""Drama""}",ml-latest-small/movies.csv
ml-latest-small,2779,Heaven Can Wait (1978),Comedy,Comedy,"{""release_year"": 1978, ""primary_genre"": ""Comedy""}",ml-latest-small/movies.csv
ml-latest-small,2782,Pit and the Pendulum (1961),Horror,Horror,"{""release_year"": 1961, ""primary_genre"": ""Horror""}",ml-latest-small/movies.csv
ml-latest-small,2784,"Masque of the Red Death, The (1964)",Horror,Horror,"{""release_year"": 1964, ""primary_genre"": ""Horror""}",ml-latest-small/movies.csv
ml-latest-small,2786,Haunted Honeymoon (1986),Comedy,Comedy,"{""release_year"": 1986, ""primary_genre"": ""Comedy""}",ml-latest-small/movies.csv
ml-latest-small,2787,Cat's Eye (1985),Horror,Horror,"{""release_year"": 1985, ""primary_genre"": ""Horror""}",ml-latest-small/movies.csv
ml-latest-small,2788,Monty Python's And Now for Something Completely Different (1971),Comedy,Comedy,"{""release_year"": 1971, ""primary_genre"": ""Comedy""}",ml-latest-small/movies.csv
ml-latest-small,2789,Damien: Omen II (1978),Horror,Horror,"{""release_year"": 1978, ""primary_genre"": ""Horror""}",ml-latest-small/movies.csv
ml-latest-small,2790,"Final Conflict, The (a.k.a. Omen III: The Final Conflict) (1981)",Horror|Thriller,Horror,"{""release_year"": 1981, ""primary_genre"": ""Horror""}",ml-latest-small/movies.csv
ml-latest-small,2791,Airplane! (1980),Comedy,Comedy,"{""release_year"": 1980, ""primary_genre"": ""Comedy""}",ml-latest-small/movies.csv
ml-latest-small,2792,Airplane II: The Sequel (1982),Comedy,Comedy,"{""release_year"": 1982, ""primary_genre"": ""Comedy""}",ml-latest-small/movies.csv
ml-latest-small,2793,"American Werewolf in Paris, An (1997)",Comedy|Horror|Romance|Thriller,Comedy,"{""release_year"": 1997, ""primary_genre"": ""Comedy""}",ml-latest-small/movies.csv
ml-latest-small,2794,European Vacation (aka National Lampoon's European Vacation) (1985),Adventure|Comedy|Romance,Adventure,"{""release_year"": 1985, ""primary_genre"": ""Adventure""}",ml-latest-small/movies.csv
ml-latest-small,2795,National Lampoon's Vacation (1983),Comedy,Comedy,"{""release_year"": 1983, ""primary_genre"": ""Comedy""}",ml-latest-small/movies.csv
ml-latest-small,2796,Funny Farm (1988),Comedy,Comedy,"{""release_year"": 1988, ""primary_genre"": ""Comedy""}",ml-latest-small/movies.csv
ml-latest-small,2797,Big (1988),Comedy|Drama|Fantasy|Romance,Comedy,"{""release_year"": 1988, ""primary_genre"": ""Comedy""}",ml-latest-small/movies.csv
ml-latest-small,2798,Problem Child (1990),Children|Comedy,Children,"{""release_year"": 1990, ""primary_genre"": ""Children""}",ml-latest-small/movies.csv
ml-latest-small,2799,Problem Child 2 (1991),Comedy,Comedy,"{""release_year"": 1991, ""primary_genre"": ""Comedy""}",ml-latest-small/movies.csv
ml-latest-small,2800,Little Nemo: Adventures in Slumberland (1992),Adventure|Animation|Children|Drama|Fantasy,Adventure,"{""release_year"": 1992, ""primary_genre"": ""Adventure""}",ml-latest-small/movies.csv
ml-latest-small,2801,Oscar and Lucinda (a.k.a. Oscar & Lucinda) (1997),Drama|Romance,Drama,"{""release_year"": 1997, ""primary_genre"": ""Drama""}",ml-latest-small/movies.csv
ml-latest-small,2802,Tequila Sunrise (1988),Action|Drama|Romance|Thriller,Action,"{""release_year"": 1988, ""primary_genre"": ""Action""}",ml-latest-small/movies.csv
ml-latest-small,2803,"Pelican Brief, The (1993)",Crime|Drama|Mystery|Romance|Thriller,Crime,"{""release_year"": 1993, ""primary_genre"": ""Crime""}",ml-latest-small/movies.csv
ml-latest-small,2804,"Christmas Story, A (1983)",Children|Comedy,Children,"{""release_year"": 1983, ""primary_genre"": ""Children""}",ml-latest-small/movies.csv
ml-latest-small,2805,Mickey Blue Eyes (1999),Comedy|Romance,Comedy,"{""release_year"": 1999, ""primary_genre"": ""Comedy""}",ml-latest-small/movies.csv
ml-latest-small,2806,Teaching Mrs. Tingle (1999),Comedy|Thriller,Comedy,"{""release_year"": 1999, ""primary_genre"": ""Comedy""}",ml-latest-small/movies.csv
ml-latest-small,2807,Universal Soldier: The Return (1999),Action|Sci-Fi,Action,"{""release_year"": 1999, ""primary_genre"": ""Action""}",ml-latest-small/movies.csv
ml-latest-small,2808,Universal Soldier (1992),Action|Sci-Fi,Action,"{""release_year"": 1992, ""primary_genre"": ""Action""}",ml-latest-small/movies.csv
ml-latest-small,2810,Perfect Blue (1997),Animation|Horror|Mystery|Thriller,Animation,"{""release_year"": 1997, ""primary_genre"": ""Animation""}",ml-latest-small/movies.csv
ml-latest-small,2812,In Too Deep (1999),Action|Thriller,Action,"{""release_year"": 1999, ""primary_genre"": ""Action""}",ml-latest-small/movies.csv
ml-latest-small,2813,"Source, The (1999)",Documentary,Documentary,"{""release_year"": 1999, ""primary_genre"": ""Documentary""}",ml-latest-small/movies.csv
ml-latest-small,2815,Iron Eagle (1986),Action|War,Action,"{""release_year"": 1986, ""primary_genre"": ""Action""}",ml-latest-small/movies.csv
ml-latest-small,2816,Iron Eagle II (1988),Action|War,Action,"{""release_year"": 1988, ""primary_genre"": ""Action""}",ml-latest-small/movies.csv
ml-latest-small,2817,Aces: Iron Eagle III (1992),Action,Action,"{""release_year"": 1992, ""primary_genre"": ""Action""}",ml-latest-small/movies.csv
ml-latest-small,2818,Iron Eagle IV (1995),Action|War,Action,"{""release_year"": 1995, ""primary_genre"": ""Action""}",ml-latest-small/movies.csv
ml-latest-small,2819,Three Days of the Condor (3 Days of the Condor) (1975),Drama|Mystery|Romance|Thriller,Drama,"{""release_year"": 1975, ""primary_genre"": ""Drama""}",ml-latest-small/movies.csv
ml-latest-small,2820,Hamlet (1964),Drama,Drama,"{""release_year"": 1964, ""primary_genre"": ""Drama""}",ml-latest-small/movies.csv
ml-latest-small,2822,Medicine Man (1992),Adventure|Romance,Adventure,"{""release_year"": 1992, ""primary_genre"": ""Adventure""}",ml-latest-small/movies.csv
ml-latest-small,2824,On the Ropes (1999),Documentary|Drama,Documentary,"{""release_year"": 1999, ""primary_genre"": ""Documentary""}",ml-latest-small/movies.csv
ml-latest-small,2826,"13th Warrior, The (1999)",Action|Adventure|Fantasy,Action,"{""release_year"": 1999, ""primary_genre"": ""Action""}",ml-latest-small/movies.csv
ml-latest-small,2827,"Astronaut's Wife, The (1999)",Horror|Sci-Fi|Thriller,Horror,"{""release_year"": 1999, ""primary_genre"": ""Horror""}",ml-latest-small/movies.csv
ml-latest-small,2828,Dudley Do-Right (1999),Children|Comedy,Children,"{""release_year"": 1999, ""primary_genre"": ""Children""}",ml-latest-small/movies.csv
ml-latest-small,2829,"Muse, The (1999)",Comedy,Comedy,"{""release_year"": 1999, ""primary_genre"": ""Comedy""}",ml-latest-small/movies.csv
ml-latest-small,2835,Chill Factor (1999),Action|Adventure|Comedy|Thriller,Action,"{""release_year"": 1999, ""primary_genre"": ""Action""}",ml-latest-small/movies.csv
ml-latest-small,2836,Outside Providence (1999),Comedy,Comedy,"{""release_year"": 1999, ""primary_genre"": ""Comedy""}",ml-latest-small/movies.csv
ml-latest-small,2837,Bedrooms & Hallways (1998),Comedy|Romance,Comedy,"{""release_year"": 1998, ""primary_genre"": ""Comedy""}",ml-latest-small/movies.csv
ml-latest-small,2839,West Beirut (West Beyrouth) (1998),Drama,Drama,"{""release_year"": 1998, ""primary_genre"": ""Drama""}",ml-latest-small/movies.csv
ml-latest-small,2840,Stigmata (1999),Drama|Thriller,Drama,"{""release_year"": 1999, ""primary_genre"": ""Drama""}",ml-latest-small/movies.csv
ml-latest-small,2841,Stir of Echoes (1999),Horror|Mystery|Thriller,Horror,"{""release_year"": 1999, ""primary_genre"": ""Horror""}",ml-latest-small/movies.csv
ml-latest-small,2843,"Black Cat, White Cat (Crna macka, beli macor) (1998)",Comedy|Romance,Comedy,"{""release_year"": 1998, ""primary_genre"": ""Comedy""}",ml-latest-small/movies.csv
ml-latest-small,2844,"Minus Man, The (1999)",Drama|Mystery,Drama,"{""release_year"": 1999, ""primary_genre"": ""Drama""}",ml-latest-small/movies.csv
ml-latest-small,2846,"Adventures of Milo and Otis, The (Koneko monogatari) (1986)",Adventure|Children|Comedy|Drama,Adventure,"{""release_year"": 1986, ""primary_genre"": ""Adventure""}",ml-latest-small/movies.csv
ml-latest-small,2847,Only Angels Have Wings (1939),Adventure|Drama|Romance,Adventure,"{""release_year"": 1939, ""primary_genre"": ""Adventure""}",ml-latest-small/movies.csv
ml-latest-small,2848,"Othello (Tragedy of Othello: The Moor of Venice, The) (1952)",Drama,Drama,"{""release_year"": 1952, ""primary_genre"": ""Drama""}",ml-latest-small/movies.csv
ml-latest-small,2851,Saturn 3 (1980),Adventure|Sci-Fi|Thriller,Adventure,"{""release_year"": 1980, ""primary_genre"": ""Adventure""}",ml-latest-small/movies.csv
ml-latest-small,2852,"Soldier's Story, A (1984)",Drama,Drama,"{""release_year"": 1984, ""primary_genre"": ""Drama""}",ml-latest-small/movies.csv
ml-latest-small,2856,I Saw What You Did (1965),Thriller,Thriller,"{""release_year"": 1965, ""primary_genre"": ""Thriller""}",ml-latest-small/movies.csv
ml-latest-small,2857,Yellow Submarine (1968),Adventure|Animation|Comedy|Fantasy|Musical,Adventure,"{""release_year"": 1968, ""primary_genre"": ""Adventure""}",ml-latest-small/movies.csv
ml-latest-small,2858,American Beauty (1999),Drama|Romance,Drama,"{""release_year"": 1999, ""primary_genre"": ""Drama""}",ml-latest-small/movies.csv
ml-latest-small,2859,Stop Making Sense (1984),Documentary|Musical,Documentary,"{""release_year"": 1984, ""primary_genre"": ""Documentary""}",ml-latest-small/movies.csv
ml-latest-small,2860,Blue Streak (1999),Comedy,Comedy,"{""release_year"": 1999, ""primary_genre"": ""Comedy""}",ml-latest-small/movies.csv
ml-latest-small,2861,For Love of the Game (1999),Comedy|Drama,Comedy,"{""release_year"": 1999, ""primary_genre"": ""Comedy""}",ml-latest-small/movies.csv
ml-latest-small,2862,Caligula (1979),Drama,Drama,"{""release_year"": 1979, ""primary_genre"": ""Drama""}",ml-latest-small/movies.csv
ml-latest-small,2863,"Hard Day's Night, A (1964)",Adventure|Comedy|Musical,Adventure,"{""release_year"": 1964, ""primary_genre"": ""Adventure""}",ml-latest-small/movies.csv
ml-latest-small,2865,Sugar Town (1999),Comedy,Comedy,"{""release_year"": 1999, ""primary_genre"": ""Comedy""}",ml-latest-small/movies.csv
ml-latest-small,2866,"Buddy Holly Story, The (1978)",Drama,Drama,"{""release_year"": 1978, ""primary_genre"": ""Drama""}",ml-latest-small/movies.csv
ml-latest-small,2867,Fright Night (1985),Comedy|Horror|Thriller,Comedy,"{""release_year"": 1985, ""primary_genre"": ""Comedy""}",ml-latest-small/movies.csv
ml-latest-small,2868,Fright Night Part II (1988),Horror,Horror,"{""release_year"": 1988, ""primary_genre"": ""Horror""}",ml-latest-small/movies.csv
ml-latest-small,2870,Barefoot in the Park (1967),Comedy,Comedy,"{""release_year"": 1967, ""primary_genre"": ""Comedy""}",ml-latest-small/movies.csv
ml-latest-small,2871,Deliverance (1972),Adventure|Drama|Thriller,Adventure,"{""release_year"": 1972, ""primary_genre"": ""Adventure""}",ml-latest-small/movies.csv
ml-latest-small,2872,Excalibur (1981),Adventure|Fantasy,Adventure,"{""release_year"": 1981, ""primary_genre"": ""Adventure""}",ml-latest-small/movies.csv
ml-latest-small,2874,"Pajama Game, The (1957)",Comedy|Musical|Romance,Comedy,"{""release_year"": 1957, ""primary_genre"": ""Comedy""}",ml-latest-small/movies.csv
ml-latest-small,2875,Sommersby (1993),Drama|Mystery|Romance,Drama,"{""release_year"": 1993, ""primary_genre"": ""Drama""}",ml-latest-small/movies.csv
ml-latest-small,2876,Thumbelina (1994),Animation|Children|Fantasy,Animation,"{""release_year"": 1994, ""primary_genre"": ""Animation""}",ml-latest-small/movies.csv
ml-latest-small,2877,Tommy (1975),Musical,Musical,"{""release_year"": 1975, ""primary_genre"": ""Musical""}",ml-latest-small/movies.csv
ml-latest-small,2878,Hell Night (1981),Horror,Horror,"{""release_year"": 1981, ""primary_genre"": ""Horror""}",ml-latest-small/movies.csv
ml-latest-small,2879,Armour of God II: Operation Condor (Operation Condor) (Fei ying gai wak) (1991),Action|Adventure|Comedy,Action,"{""release_year"": 1991, ""primary_genre"": ""Action""}",ml-latest-small/movies.csv
ml-latest-small,2880,Armour of God (Long xiong hu di) (1987),Action|Adventure|Comedy,Action,"{""release_year"": 1987, ""primary_genre"": ""Action""}",ml-latest-small/movies.csv
ml-latest-small,2881,Double Jeopardy (1999),Action|Crime|Drama|Thriller,Action,"{""release_year"": 1999, ""primary_genre"": ""Action""}",ml-latest-small/movies.csv
ml-latest-small,2882,Jakob the Liar (1999),Drama,Drama,"{""release_year"": 1999, ""primary_genre"": ""Drama""}",ml-latest-small/movies.csv
ml-latest-small,2883,Mumford (1999),Comedy|Drama,Comedy,"{""release_year"": 1999, ""primary_genre"": ""Comedy""}",ml-latest-small/movies.csv
ml-latest-small,2884,Dog Park (1998),Comedy|Romance,Comedy,"{""release_year"": 1998, ""primary_genre"": ""Comedy""}",ml-latest-small/movies.csv
ml-latest-small,2885,Guinevere (1999),Drama|Romance,Drama,"{""release_year"": 1999, ""primary_genre"": ""Drama""}",ml-latest-small/movies.csv
ml-latest-small,2886,"Adventures of Elmo in Grouchland, The (1999)",Children|Comedy,Children,"{""release_year"": 1999, ""primary_genre"": ""Children""}",ml-latest-small/movies.csv
ml-latest-small,2887,Simon Sez (1999),Action|Comedy,Action,"{""release_year"": 1999, ""primary_genre"": ""Action""}",ml-latest-small/movies.csv
ml-latest-small,2888,Drive Me Crazy (1999),Comedy|Romance,Comedy,"{""release_year"": 1999, ""primary_genre"": ""Comedy""}",ml-latest-small/movies.csv
ml-latest-small,2889,"Mystery, Alaska (1999)",Comedy|Drama,Comedy,"{""release_year"": 1999, ""primary_genre"": ""Comedy""}",ml-latest-small/movies.csv
ml-latest-small,2890,Three Kings (1999),Action|Adventure|Comedy|Drama|War,Action,"{""release_year"": 1999, ""primary_genre"": ""Action""}",ml-latest-small/movies.csv
ml-latest-small,2891,"Happy, Texas (1999)",Comedy,Comedy,"{""release_year"": 1999, ""primary_genre"": ""Comedy""}",ml-latest-small/movies.csv
ml-latest-small,2892,New Rose Hotel (1998),Action|Drama,Action,"{""release_year"": 1998, ""primary_genre"": ""Action""}",ml-latest-small/movies.csv
ml-latest-small,2893,Plunkett & MaCleane (1999),Action|Adventure|Drama,Action,"{""release_year"": 1999, ""primary_genre"": ""Action""}",ml-latest-small/movies.csv
ml-latest-small,2894,Romance (1999),Drama|Romance,Drama,"{""release_year"": 1999, ""primary_genre"": ""Drama""}",ml-latest-small/movies.csv
ml-latest-small,2896,Alvarez Kelly (1966),Western,Western,"{""release_year"": 1966, ""primary_genre"": ""Western""}",ml-latest-small/movies.csv
ml-latest-small,2897,And the Ship Sails On (E la nave va) (1983),Comedy|War,Comedy,"{""release_year"": 1983, ""primary_genre"": ""Comedy""}",ml-latest-small/movies.csv
ml-latest-small,2898,"Dark Half, The (1993)",Horror|Mystery,Horror,"{""release_year"": 1993, ""primary_genre"": ""Horror""}",ml-latest-small/movies.csv
ml-latest-small,2899,Gulliver's Travels (1939),Adventure|Animation|Children,Adventure,"{""release_year"": 1939, ""primary_genre"": ""Adventure""}",ml-latest-small/movies.csv
ml-latest-small,2900,Monkey Shines (1988),Horror|Sci-Fi,Horror,"{""release_year"": 1988, ""primary_genre"": ""Horror""}",ml-latest-small/movies.csv
ml-latest-small,2901,Phantasm (1979),Horror|Sci-Fi,Horror,"{""release_year"": 1979, ""primary_genre"": ""Horror""}",ml-latest-small/movies.csv
ml-latest-small,2902,Psycho II (1983),Horror|Mystery|Thriller,Horror,"{""release_year"": 1983, ""primary_genre"": ""Horror""}",ml-latest-small/movies.csv
ml-latest-small,2903,Psycho III (1986),Horror|Thriller,Horror,"{""release_year"": 1986, ""primary_genre"": ""Horror""}",ml-latest-small/movies.csv
ml-latest-small,2905,Sanjuro (Tsubaki Sanjûrô) (1962),Action|Adventure|Drama,Action,"{""release_year"": 1962, ""primary_genre"": ""Action""}",ml-latest-small/movies.csv
ml-latest-small,2906,Random Hearts (1999),Drama|Romance,Drama,"{""release_year"": 1999, ""primary_genre"": ""Drama""}",ml-latest-small/movies.csv
ml-latest-small,2907,Superstar (1999),Comedy,Comedy,"{""release_year"": 1999, ""primary_genre"": ""Comedy""}",ml-latest-small/movies.csv
ml-latest-small,2908,Boys Don't Cry (1999),Drama,Drama,"{""release_year"": 1999, ""primary_genre"": ""Drama""}",ml-latest-small/movies.csv
ml-latest-small,2912,"Limey, The (1999)",Crime|Drama|Thriller,Crime,"{""release_year"": 1999, ""primary_genre"": ""Crime""}",ml-latest-small/movies.csv
ml-latest-small,2915,Risky Business (1983),Comedy,Comedy,"{""release_year"": 1983, ""primary_genre"": ""Comedy""}",ml-latest-small/movies.csv
ml-latest-small,2916,Total Recall (1990),Action|Adventure|Sci-Fi|Thriller,Action,"{""release_year"": 1990, ""primary_genre"": ""Action""}",ml-latest-small/movies.csv
ml-latest-small,2917,Body Heat (1981),Crime|Thriller,Crime,"{""release_year"": 1981, ""primary_genre"": ""Crime""}",ml-latest-small/movies.csv
ml-latest-small,2918,Ferris Bueller's Day Off (1986),Comedy,Comedy,"{""release_year"": 1986, ""primary_genre"": ""Comedy""}",ml-latest-small/movies.csv
ml-latest-small,2919,"Year of Living Dangerously, The (1982)",Drama|Romance|War,Drama,"{""release_year"": 1982, ""primary_genre"": ""Drama""}",ml-latest-small/movies.csv
ml-latest-small,2921,High Plains Drifter (1973),Western,Western,"{""release_year"": 1973, ""primary_genre"": ""Western""}",ml-latest-small/movies.csv
ml-latest-small,2922,Hang 'Em High (1968),Crime|Drama|Western,Crime,"{""release_year"": 1968, ""primary_genre"": ""Crime""}",ml-latest-small/movies.csv
ml-latest-small,2924,Drunken Master (Jui kuen) (1978),Action|Comedy,Action,"{""release_year"": 1978, ""primary_genre"": ""Action""}",ml-latest-small/movies.csv
ml-latest-small,2925,"Conformist, The (Conformista, Il) (1970)",Drama,Drama,"{""release_year"": 1970, ""primary_genre"": ""Drama""}",ml-latest-small/movies.csv
ml-latest-small,2926,Hairspray (1988),Comedy|Drama,Comedy,"{""release_year"": 1988, ""primary_genre"": ""Comedy""}",ml-latest-small/movies.csv
ml-latest-small,2927,Brief Encounter (1946),Drama|Romance,Drama,"{""release_year"": 1946, ""primary_genre"": ""Drama""}",ml-latest-small/movies.csv
ml-latest-small,2928,"Razor's Edge, The (1984)",Drama,Drama,"{""release_year"": 1984, ""primary_genre"": ""Drama""}",ml-latest-small/movies.csv
ml-latest-small,2929,Reds (1981),Drama|Romance,Drama,"{""release_year"": 1981, ""primary_genre"": ""Drama""}",ml-latest-small/movies.csv
ml-latest-small,2930,Return with Honor (1998),Documentary,Documentary,"{""release_year"": 1998, ""primary_genre"": ""Documentary""}",ml-latest-small/movies.csv
ml-latest-small,2931,Time of the Gypsies (Dom za vesanje) (1989),Comedy|Crime|Drama|Fantasy,Comedy,"{""release_year"": 1989, ""primary_genre"": ""Comedy""}",ml-latest-small/movies.csv
ml-latest-small,2932,Days of Heaven (1978),Drama,Drama,"{""release_year"": 1978, ""primary_genre"": ""Drama""}",ml-latest-small/movies.csv
ml-latest-small,2935,"Lady Eve, The (1941)",Comedy|Romance,Comedy,"{""release_year"": 1941, ""primary_genre"": ""Comedy""}",ml-latest-small/movies.csv
ml-latest-small,2936,Sullivan's Travels (1941),Adventure|Comedy|Romance,Adventure,"{""release_year"": 1941, ""primary_genre"": ""Adventure""}",ml-latest-small/movies.csv
ml-latest-small,2937,"Palm Beach Story, The (1942)",Comedy,Comedy,"{""release_year"": 1942, ""primary_genre"": ""Comedy""}",ml-latest-small/movies.csv
ml-latest-small,2939,Niagara (1953),Drama|Thriller,Drama,"{""release_year"": 1953, ""primary_genre"": ""Drama""}",ml-latest-small/movies.csv
ml-latest-small,2940,Gilda (1946),Drama|Film-Noir|Mystery|Romance,Drama,"{""release_year"": 1946, ""primary_genre"": ""Drama""}",ml-latest-small/movies.csv
ml-latest-small,2941,South Pacific (1958),Musical|Romance|War,Musical,"{""release_year"": 1958, ""primary_genre"": ""Musical""}",ml-latest-small/movies.csv
ml-latest-small,2942,Flashdance (1983),Drama|Romance,Drama,"{""release_year"": 1983, ""primary_genre"": ""Drama""}",ml-latest-small/movies.csv
ml-latest-small,2943,Indochine (1992),Drama|Romance,Drama,"{""release_year"": 1992, ""primary_genre"": ""Drama""}",ml-latest-small/movies.csv
ml-latest-small,2944,"Dirty Dozen, The (1967)",Action|Drama|War,Action,"{""release_year"": 1967, ""primary_genre"": ""Action""}",ml-latest-small/movies.csv
ml-latest-small,2946,Help! (1965),Comedy|Musical,Comedy,"{""release_year"": 1965, ""primary_genre"": ""Comedy""}",ml-latest-small/movies.csv
ml-latest-small,2947,Goldfinger (1964),Action|Adventure|Thriller,Action,"{""release_year"": 1964, ""primary_genre"": ""Action""}",ml-latest-small/movies.csv
ml-latest-small,2948,From Russia with Love (1963),Action|Adventure|Thriller,Action,"{""release_year"": 1963, ""primary_genre"": ""Action""}",ml-latest-small/movies.csv
ml-latest-small,2949,Dr. No (1962),Action|Adventure|Thriller,Action,"{""release_year"": 1962, ""primary_genre"": ""Action""}",ml-latest-small/movies.csv
ml-latest-small,2950,"Blue Lagoon, The (1980)",Adventure|Drama|Romance,Adventure,"{""release_year"": 1980, ""primary_genre"": ""Adventure""}",ml-latest-small/movies.csv
ml-latest-small,2951,"Fistful of Dollars, A (Per un pugno di dollari) (1964)",Action|Western,Action,"{""release_year"": 1964, ""primary_genre"": ""Action""}",ml-latest-small/movies.csv
ml-latest-small,2952,Sydney (Hard Eight) (1996),Crime|Drama|Thriller,Crime,"{""release_year"": 1996, ""primary_genre"": ""Crime""}",ml-latest-small/movies.csv
ml-latest-small,2953,Home Alone 2: Lost in New York (1992),Children|Comedy,Children,"{""release_year"": 1992, ""primary_genre"": ""Children""}",ml-latest-small/movies.csv
ml-latest-small,2956,Someone to Watch Over Me (1987),Action|Crime|Thriller,Action,"{""release_year"": 1987, ""primary_genre"": ""Action""}",ml-latest-small/movies.csv
ml-latest-small,2959,Fight Club (1999),Action|Crime|Drama|Thriller,Action,"{""release_year"": 1999, ""primary_genre"": ""Action""}",ml-latest-small/movies.csv
ml-latest-small,2961,"Story of Us, The (1999)",Comedy|Drama,Comedy,"{""release_year"": 1999, ""primary_genre"": ""Comedy""}",ml-latest-small/movies.csv
ml-latest-small,2962,Fever Pitch (1997),Comedy|Romance,Comedy,"{""release_year"": 1997, ""primary_genre"": ""Comedy""}",ml-latest-small/movies.csv
ml-latest-small,2964,Julien Donkey-Boy (1999),Drama,Drama,"{""release_year"": 1999, ""primary_genre"": ""Drama""}",ml-latest-small/movies.csv
ml-latest-small,2965,"Omega Code, The (1999)",Action,Action,"{""release_year"": 1999, ""primary_genre"": ""Action""}",ml-latest-small/movies.csv
ml-latest-small,2966,"Straight Story, The (1999)",Adventure|Drama,Adventure,"{""release_year"": 1999, ""primary_genre"": ""Adventure""}",ml-latest-small/movies.csv
ml-latest-small,2967,"Bad Seed, The (1956)",Drama|Thriller,Drama,"{""release_year"": 1956, ""primary_genre"": ""Drama""}",ml-latest-small/movies.csv
ml-latest-small,2968,Time Bandits (1981),Adventure|Comedy|Fantasy|Sci-Fi,Adventure,"{""release_year"": 1981, ""primary_genre"": ""Adventure""}",ml-latest-small/movies.csv
ml-latest-small,2969,"Man and a Woman, A (Un homme et une femme) (1966)",Drama|Romance,Drama,"{""release_year"": 1966, ""primary_genre"": ""Drama""}",ml-latest-small/movies.csv
ml-latest-small,2970,Fitzcarraldo (1982),Adventure|Drama,Adventure,"{""release_year"": 1982, ""primary_genre"": ""Adventure""}",ml-latest-small/movies.csv
ml-latest-small,2971,All That Jazz (1979),Drama|Fantasy|Musical,Drama,"{""release_year"": 1979, ""primary_genre"": ""Drama""}",ml-latest-small/movies.csv
ml-latest-small,2972,Red Sorghum (Hong gao liang) (1987),Drama|War,Drama,"{""release_year"": 1987, ""primary_genre"": ""Drama""}",ml-latest-small/movies.csv
ml-latest-small,2973,Crimes and Misdemeanors (1989),Comedy|Crime|Drama,Comedy,"{""release_year"": 1989, ""primary_genre"": ""Comedy""}",ml-latest-small/movies.csv
ml-latest-small,2974,Bats (1999),Horror|Thriller,Horror,"{""release_year"": 1999, ""primary_genre"": ""Horror""}",ml-latest-small/movies.csv
ml-latest-small,2975,"Best Man, The (1999)",Comedy|Drama,Comedy,"{""release_year"": 1999, ""primary_genre"": ""Comedy""}",ml-latest-small/movies.csv
ml-latest-small,2976,Bringing Out the Dead (1999),Drama,Drama,"{""release_year"": 1999, ""primary_genre"": ""Drama""}",ml-latest-small/movies.csv
ml-latest-small,2977,Crazy in Alabama (1999),Comedy|Drama,Comedy,"{""release_year"": 1999, ""primary_genre"": ""Comedy""}",ml-latest-small/movies.csv
ml-latest-small,2978,Three to Tango (1999),Comedy|Romance,Comedy,"{""release_year"": 1999, ""primary_genre"": ""Comedy""}",ml-latest-small/movies.csv
ml-latest-small,2979,Body Shots (1999),Drama,Drama,"{""release_year"": 1999, ""primary_genre"": ""Drama""}",ml-latest-small/movies.csv
ml-latest-small,2982,"Guardian, The (1990)",Horror|Thriller,Horror,"{""release_year"": 1990, ""primary_genre"": ""Horror""}",ml-latest-small/movies.csv
ml-latest-small,2983,"Ipcress File, The (1965)",Thriller,Thriller,"{""release_year"": 1965, ""primary_genre"": ""Thriller""}",ml-latest-small/movies.csv
ml-latest-small,2984,On Any Sunday (1971),Documentary,Documentary,"{""release_year"": 1971, ""primary_genre"": ""Documentary""}",ml-latest-small/movies.csv
ml-latest-small,2985,RoboCop (1987),Action|Crime|Drama|Sci-Fi|Thriller,Action,"{""release_year"": 1987, ""primary_genre"": ""Action""}",ml-latest-small/movies.csv
ml-latest-small,2986,RoboCop 2 (1990),Action|Crime|Sci-Fi|Thriller,Action,"{""release_year"": 1990, ""primary_genre"": ""Action""}",ml-latest-small/movies.csv
ml-latest-small,2987,Who Framed Roger Rabbit? (1988),Adventure|Animation|Children|Comedy|Crime|Fantasy|Mystery,Adventure,"{""release_year"": 1988, ""primary_genre"": ""Adventure""}",ml-latest-small/movies.csv
ml-latest-small,2988,Melvin and Howard (1980),Drama,Drama,"{""release_year"": 1980, ""primary_genre"": ""Drama""}",ml-latest-small/movies.csv
ml-latest-small,2989,For Your Eyes Only (1981),Action|Adventure|Thriller,Action,"{""release_year"": 1981, ""primary_genre"": ""Action""}",ml-latest-small/movies.csv
ml-latest-small,2990,Licence to Kill (1989),Action|Adventure|Thriller,Action,"{""release_year"": 1989, ""primary_genre"": ""Action""}",ml-latest-small/movies.csv
ml-latest-small,2991,Live and Let Die (1973),Action|Adventure|Thriller,Action,"{""release_year"": 1973, ""primary_genre"": ""Action""}",ml-latest-small/movies.csv
ml-latest-small,2992,Rawhead Rex (1986),Horror|Thriller,Horror,"{""release_year"": 1986, ""primary_genre"": ""Horror""}",ml-latest-small/movies.csv
ml-latest-small,2993,Thunderball (1965),Action|Adventure|Thriller,Action,"{""release_year"": 1965, ""primary_genre"": ""Action""}",ml-latest-small/movies.csv
ml-latest-small,2995,House on Haunted Hill (1999),Horror|Thriller,Horror,"{""release_year"": 1999, ""primary_genre"": ""Horror""}",ml-latest-small/movies.csv
ml-latest-small,2996,Music of the Heart (1999),Drama,Drama,"{""release_year"": 1999, ""primary_genre"": ""Drama""}",ml-latest-small/movies.csv
ml-latest-small,2997,Being John Malkovich (1999),Comedy|Drama|Fantasy,Comedy,"{""release_year"": 1999, ""primary_genre"": ""Comedy""}",ml-latest-small/movies.csv
ml-latest-small,3000,Princess Mononoke (Mononoke-hime) (1997),Action|Adventure|Animation|Drama|Fantasy,Action,"{""release_year"": 1997, ""primary_genre"": ""Action""}",ml-latest-small/movies.csv
ml-latest-small,3002,My Best Fiend (Mein liebster Feind) (1999),Documentary,Documentary,"{""release_year"": 1999, ""primary_genre"": ""Documentary""}",ml-latest-small/movies.csv
ml-latest-small,3003,Train of Life (Train de vie) (1998),Comedy|Drama|Romance|War,Comedy,"{""release_year"": 1998, ""primary_genre"": ""Comedy""}",ml-latest-small/movies.csv
ml-latest-small,3004,"Bachelor, The (1999)",Comedy|Romance,Comedy,"{""release_year"": 1999, ""primary_genre"": ""Comedy""}",ml-latest-small/movies.csv
ml-latest-small,3005,"Bone Collector, The (1999)",Thriller,Thriller,"{""release_year"": 1999, ""primary_genre"": ""Thriller""}",ml-latest-small/movies.csv
ml-latest-small,3006,"Insider, The (1999)",Drama|Thriller,Drama,"{""release_year"": 1999, ""primary_genre"": ""Drama""}",ml-latest-small/movies.csv
ml-latest-small,3007,American Movie (1999),Documentary,Documentary,"{""release_year"": 1999, ""primary_genre"": ""Documentary""}",ml-latest-small/movies.csv
ml-latest-small,3008,Last Night (1998),Drama|Sci-Fi,Drama,"{""release_year"": 1998, ""primary_genre"": ""Drama""}",ml-latest-small/movies.csv
ml-latest-small,3010,Rosetta (1999),Drama,Drama,"{""release_year"": 1999, ""primary_genre"": ""Drama""}",ml-latest-small/movies.csv
ml-latest-small,3011,"They Shoot Horses, Don't They? (1969)",Drama,Drama,"{""release_year"": 1969, ""primary_genre"": ""Drama""}",ml-latest-small/movies.csv
ml-latest-small,3013,Bride of Re-Animator (1990),Comedy|Horror,Comedy,"{""release_year"": 1990, ""primary_genre"": ""Comedy""}",ml-latest-small/movies.csv
ml-latest-small,3014,Bustin' Loose (1981),Comedy,Comedy,"{""release_year"": 1981, ""primary_genre"": ""Comedy""}",ml-latest-small/movies.csv
ml-latest-small,3015,Coma (1978),Thriller,Thriller,"{""release_year"": 1978, ""primary_genre"": ""Thriller""}",ml-latest-small/movies.csv
ml-latest-small,3016,Creepshow (1982),Horror,Horror,"{""release_year"": 1982, ""primary_genre"": ""Horror""}",ml-latest-small/movies.csv
ml-latest-small,3017,Creepshow 2 (1987),Horror,Horror,"{""release_year"": 1987, ""primary_genre"": ""Horror""}",ml-latest-small/movies.csv
ml-latest-small,3018,Re-Animator (1985),Comedy|Horror|Sci-Fi,Comedy,"{""release_year"": 1985, ""primary_genre"": ""Comedy""}",ml-latest-small/movies.csv
ml-latest-small,3019,Drugstore Cowboy (1989),Crime|Drama,Crime,"{""release_year"": 1989, ""primary_genre"": ""Crime""}",ml-latest-small/movies.csv
ml-latest-small,3020,Falling Down (1993),Action|Drama,Action,"{""release_year"": 1993, ""primary_genre"": ""Action""}",ml-latest-small/movies.csv
ml-latest-small,3021,"Funhouse, The (1981)",Horror,Horror,"{""release_year"": 1981, ""primary_genre"": ""Horror""}",ml-latest-small/movies.csv
ml-latest-small,3022,"General, The (1926)",Comedy|War,Comedy,"{""release_year"": 1926, ""primary_genre"": ""Comedy""}",ml-latest-small/movies.csv
ml-latest-small,3024,Piranha (1978),Horror|Sci-Fi,Horror,"{""release_year"": 1978, ""primary_genre"": ""Horror""}",ml-latest-small/movies.csv
ml-latest-small,3028,"Taming of the Shrew, The (1967)",Comedy,Comedy,"{""release_year"": 1967, ""primary_genre"": ""Comedy""}",ml-latest-small/movies.csv
ml-latest-small,3029,Nighthawks (1981),Action|Drama,Action,"{""release_year"": 1981, ""primary_genre"": ""Action""}",ml-latest-small/movies.csv
ml-latest-small,3030,Yojimbo (1961),Action|Adventure,Action,"{""release_year"": 1961, ""primary_genre"": ""Action""}",ml-latest-small/movies.csv
ml-latest-small,3031,Repossessed (1990),Comedy,Comedy,"{""release_year"": 1990, ""primary_genre"": ""Comedy""}",ml-latest-small/movies.csv
ml-latest-small,3032,"Omega Man, The (1971)",Action|Drama|Sci-Fi|Thriller,Action,"{""release_year"": 1971, ""primary_genre"": ""Action""}",ml-latest-small/movies.csv
ml-latest-small,3033,Spaceballs (1987),Comedy|Sci-Fi,Comedy,"{""release_year"": 1987, ""primary_genre"": ""Comedy""}",ml-latest-small/movies.csv
ml-latest-small,3034,Robin Hood (1973),Adventure|Animation|Children|Comedy|Musical,Adventure,"{""release_year"": 1973, ""primary_genre"": ""Adventure""}",ml-latest-small/movies.csv
ml-latest-small,3035,Mister Roberts (1955),Comedy|Drama|War,Comedy,"{""release_year"": 1955, ""primary_genre"": ""Comedy""}",ml-latest-small/movies.csv
ml-latest-small,3036,"Quest for Fire (Guerre du feu, La) (1981)",Adventure|Drama,Adventure,"{""release_year"": 1981, ""primary_genre"": ""Adventure""}",ml-latest-small/movies.csv
ml-latest-small,3037,Little Big Man (1970),Western,Western,"{""release_year"": 1970, ""primary_genre"": ""Western""}",ml-latest-small/movies.csv
ml-latest-small,3038,"Face in the Crowd, A (1957)",Drama,Drama,"{""release_year"": 1957, ""primary_genre"": ""Drama""}",ml-latest-small/movies.csv
ml-latest-small,3039,Trading Places (1983),Comedy,Comedy,"{""release_year"": 1983, ""primary_genre"": ""Comedy""}",ml-latest-small/movies.csv
ml-latest-small,3040,Meatballs (1979),Comedy,Comedy,"{""release_year"": 1979, ""primary_genre"": ""Comedy""}",ml-latest-small/movies.csv
ml-latest-small,3041,Meatballs Part II (1984),Comedy,Comedy,"{""release_year"": 1984, ""primary_genre"": ""Comedy""}",ml-latest-small/movies.csv
ml-latest-small,3042,Meatballs III (1987),Comedy,Comedy,"{""release_year"": 1987, ""primary_genre"": ""Comedy""}",ml-latest-small/movies.csv
ml-latest-small,3043,Meatballs 4 (1992),Comedy,Comedy,"{""release_year"": 1992, ""primary_genre"": ""Comedy""}",ml-latest-small/movies.csv
ml-latest-small,3044,Dead Again (1991),Mystery|Romance|Thriller,Mystery,"{""release_year"": 1991, ""primary_genre"": ""Mystery""}",ml-latest-small/movies.csv
ml-latest-small,3045,Peter's Friends (1992),Comedy|Drama,Comedy,"{""release_year"": 1992, ""primary_genre"": ""Comedy""}",ml-latest-small/movies.csv
ml-latest-small,3046,"Incredibly True Adventure of Two Girls in Love, The (1995)",Comedy|Romance,Comedy,"{""release_year"": 1995, ""primary_genre"": ""Comedy""}",ml-latest-small/movies.csv
ml-latest-small,3048,Under the Rainbow (1981),Comedy,Comedy,"{""release_year"": 1981, ""primary_genre"": ""Comedy""}",ml-latest-small/movies.csv
ml-latest-small,3051,Anywhere But Here (1999),Comedy|Drama,Comedy,"{""release_year"": 1999, ""primary_genre"": ""Comedy""}",ml-latest-small/movies.csv
ml-latest-small,3052,Dogma (1999),Adventure|Comedy|Fantasy,Adventure,"{""release_year"": 1999, ""primary_genre"": ""Adventure""}",ml-latest-small/movies.csv
ml-latest-small,3053,"Messenger: The Story of Joan of Arc, The (1999)",Drama|War,Drama,"{""release_year"": 1999, ""primary_genre"": ""Drama""}",ml-latest-small/movies.csv
ml-latest-small,3054,Pokémon: The First Movie (1998),Adventure|Animation|Children|Fantasy|Sci-Fi,Adventure,"{""release_year"": 1998, ""primary_genre"": ""Adventure""}",ml-latest-small/movies.csv
ml-latest-small,3055,Felicia's Journey (1999),Thriller,Thriller,"{""release_year"": 1999, ""primary_genre"": ""Thriller""}",ml-latest-small/movies.csv
ml-latest-small,3056,Oxygen (1999),Crime|Drama|Thriller,Crime,"{""release_year"": 1999, ""primary_genre"": ""Crime""}",ml-latest-small/movies.csv
ml-latest-small,3057,Where's Marlowe? (1998),Comedy,Comedy,"{""release_year"": 1998, ""primary_genre"": ""Comedy""}",ml-latest-small/movies.csv
ml-latest-small,3060,"Commitments, The (1991)",Comedy|Drama|Musical,Comedy,"{""release_year"": 1991, ""primary_genre"": ""Comedy""}",ml-latest-small/movies.csv
ml-latest-small,3061,Holiday Inn (1942),Comedy|Musical,Comedy,"{""release_year"": 1942, ""primary_genre"": ""Comedy""}",ml-latest-small/movies.csv
ml-latest-small,3062,"Longest Day, The (1962)",Action|Drama|War,Action,"{""release_year"": 1962, ""primary_genre"": ""Action""}",ml-latest-small/movies.csv
ml-latest-small,3063,Poison Ivy (1992),Drama|Thriller,Drama,"{""release_year"": 1992, ""primary_genre"": ""Drama""}",ml-latest-small/movies.csv
ml-latest-small,3064,Poison Ivy: New Seduction (1997),Drama|Thriller,Drama,"{""release_year"": 1997, ""primary_genre"": ""Drama""}",ml-latest-small/movies.csv
ml-latest-small,3066,Tora! Tora! Tora! (1970),Action|Drama|War,Action,"{""release_year"": 1970, ""primary_genre"": ""Action""}",ml-latest-small/movies.csv
ml-latest-small,3067,Women on the Verge of a Nervous Breakdown (Mujeres al borde de un ataque de nervios) (1988),Comedy|Drama,Comedy,"{""release_year"": 1988, ""primary_genre"": ""Comedy""}",ml-latest-small/movies.csv
ml-latest-small,3068,"Verdict, The (1982)",Drama|Mystery,Drama,"{""release_year"": 1982, ""primary_genre"": ""Drama""}",ml-latest-small/movies.csv
ml-latest-small,3070,"Adventures of Buckaroo Banzai Across the 8th Dimension, The (1984)",Adventure|Comedy|Sci-Fi,Adventure,"{""release_year"": 1984, ""primary_genre"": ""Adventure""}",ml-latest-small/movies.csv
ml-latest-small,3071,Stand and Deliver (1988),Comedy|Drama,Comedy,"{""release_year"": 1988, ""primary_genre"": ""Comedy""}",ml-latest-small/movies.csv
ml-latest-small,3072,Moonstruck (1987),Comedy|Romance,Comedy,"{""release_year"": 1987, ""primary_genre"": ""Comedy""}",ml-latest-small/movies.csv
ml-latest-small,3073,"Sandpiper, The (1965)",Drama|Romance,Drama,"{""release_year"": 1965, ""primary_genre"": ""Drama""}",ml-latest-small/movies.csv
ml-latest-small,3074,Jeremiah Johnson (1972),Western,Western,"{""release_year"": 1972, ""primary_genre"": ""Western""}",ml-latest-small/movies.csv
ml-latest-small,3075,Repulsion (1965),Drama|Horror,Drama,"{""release_year"": 1965, ""primary_genre"": ""Drama""}",ml-latest-small/movies.csv
ml-latest-small,3076,Irma la Douce (1963),Comedy,Comedy,"{""release_year"": 1963, ""primary_genre"": ""Comedy""}",ml-latest-small/movies.csv
ml-latest-small,3077,42 Up (1998),Documentary,Documentary,"{""release_year"": 1998, ""primary_genre"": ""Documentary""}",ml-latest-small/movies.csv
ml-latest-small,3078,Liberty Heights (1999),Drama,Drama,"{""release_year"": 1999, ""primary_genre"": ""Drama""}",ml-latest-small/movies.csv
ml-latest-small,3079,Mansfield Park (1999),Comedy|Drama|Romance,Comedy,"{""release_year"": 1999, ""primary_genre"": ""Comedy""}",ml-latest-small/movies.csv
ml-latest-small,3081,Sleepy Hollow (1999),Fantasy|Horror|Mystery|Romance,Fantasy,"{""release_year"": 1999, ""primary_genre"": ""Fantasy""}",ml-latest-small/movies.csv
ml-latest-small,3082,"World Is Not Enough, The (1999)",Action|Adventure|Thriller,Action,"{""release_year"": 1999, ""primary_genre"": ""Action""}",ml-latest-small/movies.csv
ml-latest-small,3083,All About My Mother (Todo sobre mi madre) (1999),Drama,Drama,"{""release_year"": 1999, ""primary_genre"": ""Drama""}",ml-latest-small/movies.csv
ml-latest-small,3086,Babes in Toyland (1934),Children|Comedy|Fantasy|Musical,Children,"{""release_year"": 1934, ""primary_genre"": ""Children""}",ml-latest-small/movies.csv
ml-latest-small,3087,Scrooged (1988),Comedy|Fantasy|Romance,Comedy,"{""release_year"": 1988, ""primary_genre"": ""Comedy""}",ml-latest-small/movies.csv
ml-latest-small,3088,Harvey (1950),Comedy|Fantasy,Comedy,"{""release_year"": 1950, ""primary_genre"": ""Comedy""}",ml-latest-small/movies.csv
ml-latest-small,3089,Bicycle Thieves (a.k.a. The Bicycle Thief) (a.k.a. The Bicycle Thieves) (Ladri di biciclette) (1948),Drama,Drama,"{""release_year"": 1948, ""primary_genre"": ""Drama""}",ml-latest-small/movies.csv
ml-latest-small,3090,Matewan (1987),Drama,Drama,"{""release_year"": 1987, ""primary_genre"": ""Drama""}",ml-latest-small/movies.csv
ml-latest-small,3091,Kagemusha (1980),Drama|War,Drama,"{""release_year"": 1980, ""primary_genre"": ""Drama""}",ml-latest-small/movies.csv
ml-latest-small,3093,McCabe & Mrs. Miller (1971),Drama|Western,Drama,"{""release_year"": 1971, ""primary_genre"": ""Drama""}",ml-latest-small/movies.csv
ml-latest-small,3094,Maurice (1987),Drama|Romance,Drama,"{""release_year"": 1987, ""primary_genre"": ""Drama""}",ml-latest-small/movies.csv
ml-latest-small,3095,"Grapes of Wrath, The (1940)",Drama,Drama,"{""release_year"": 1940, ""primary_genre"": ""Drama""}",ml-latest-small/movies.csv
ml-latest-small,3096,My Man Godfrey (1957),Comedy,Comedy,"{""release_year"": 1957, ""primary_genre"": ""Comedy""}",ml-latest-small/movies.csv
ml-latest-small,3097,"Shop Around the Corner, The (1940)",Comedy|Drama|Romance,Comedy,"{""release_year"": 1940, ""primary_genre"": ""Comedy""}",ml-latest-small/movies.csv
ml-latest-small,3098,"Natural, The (1984)",Drama,Drama,"{""release_year"": 1984, ""primary_genre"": ""Drama""}",ml-latest-small/movies.csv
ml-latest-small,3099,Shampoo (1975),Comedy|Drama|Romance,Comedy,"{""release_year"": 1975, ""primary_genre"": ""Comedy""}",ml-latest-small/movies.csv
ml-latest-small,3100,"River Runs Through It, A (1992)",Drama,Drama,"{""release_year"": 1992, ""primary_genre"": ""Drama""}",ml-latest-small/movies.csv
ml-latest-small,3101,Fatal Attraction (1987),Drama|Thriller,Drama,"{""release_year"": 1987, ""primary_genre"": ""Drama""}",ml-latest-small/movies.csv
ml-latest-small,3102,Jagged Edge (1985),Crime|Romance|Thriller,Crime,"{""release_year"": 1985, ""primary_genre"": ""Crime""}",ml-latest-small/movies.csv
ml-latest-small,3103,Stanley & Iris (1990),Drama|Romance,Drama,"{""release_year"": 1990, ""primary_genre"": ""Drama""}",ml-latest-small/movies.csv
ml-latest-small,3104,Midnight Run (1988),Action|Comedy|Crime|Thriller,Action,"{""release_year"": 1988, ""primary_genre"": ""Action""}",ml-latest-small/movies.csv
ml-latest-small,3105,Awakenings (1990),Drama|Mystery,Drama,"{""release_year"": 1990, ""primary_genre"": ""Drama""}",ml-latest-small/movies.csv
ml-latest-small,3106,Come See the Paradise (1990),Drama|Romance,Drama,"{""release_year"": 1990, ""primary_genre"": ""Drama""}",ml-latest-small/movies.csv
ml-latest-small,3107,Backdraft (1991),Action|Drama,Action,"{""release_year"": 1991, ""primary_genre"": ""Action""}",ml-latest-small/movies.csv
ml-latest-small,3108,"Fisher King, The (1991)",Comedy|Drama|Fantasy|Romance,Comedy,"{""release_year"": 1991, ""primary_genre"": ""Comedy""}",ml-latest-small/movies.csv
ml-latest-small,3109,"River, The (1984)",Drama,Drama,"{""release_year"": 1984, ""primary_genre"": ""Drama""}",ml-latest-small/movies.csv
ml-latest-small,3111,Places in the Heart (1984),Drama,Drama,"{""release_year"": 1984, ""primary_genre"": ""Drama""}",ml-latest-small/movies.csv
ml-latest-small,3112,'night Mother (1986),Drama,Drama,"{""release_year"": 1986, ""primary_genre"": ""Drama""}",ml-latest-small/movies.csv
ml-latest-small,3113,End of Days (1999),Action|Fantasy|Horror|Mystery|Thriller,Action,"{""release_year"": 1999, ""primary_genre"": ""Action""}",ml-latest-small/movies.csv
ml-latest-small,3114,Toy Story 2 (1999),Adventure|Animation|Children|Comedy|Fantasy,Adventure,"{""release_year"": 1999, ""primary_genre"": ""Adventure""}",ml-latest-small/movies.csv
ml-latest-small,3115,Flawless (1999),Drama,Drama,"{""release_year"": 1999, ""primary_genre"": ""Drama""}",ml-latest-small/movies.csv
ml-latest-small,3117,Ride with the Devil (1999),Drama|Romance|War,Drama,"{""release_year"": 1999, ""primary_genre"": ""Drama""}",ml-latest-small/movies.csv
ml-latest-small,3120,"Distinguished Gentleman, The (1992)",Comedy,Comedy,"{""release_year"": 1992, ""primary_genre"": ""Comedy""}",ml-latest-small/movies.csv
ml-latest-small,3125,"End of the Affair, The (1999)",Drama,Drama,"{""release_year"": 1999, ""primary_genre"": ""Drama""}",ml-latest-small/movies.csv
ml-latest-small,3127,Holy Smoke (1999),Comedy|Drama,Comedy,"{""release_year"": 1999, ""primary_genre"": ""Comedy""}",ml-latest-small/movies.csv
ml-latest-small,3129,Sweet and Lowdown (1999),Comedy|Drama,Comedy,"{""release_year"": 1999, ""primary_genre"": ""Comedy""}",ml-latest-small/movies.csv
ml-latest-small,3130,Bonfire of the Vanities (1990),Comedy|Crime|Drama,Comedy,"{""release_year"": 1990, ""primary_genre"": ""Comedy""}",ml-latest-small/movies.csv
ml-latest-small,3132,Daddy Long Legs (1919),Comedy|Drama,Comedy,"{""release_year"": 1919, ""primary_genre"": ""Comedy""}",ml-latest-small/movies.csv
ml-latest-small,3134,Grand Illusion (La grande illusion) (1937),Drama|War,Drama,"{""release_year"": 1937, ""primary_genre"": ""Drama""}",ml-latest-small/movies.csv
ml-latest-small,3135,"Great Santini, The (1979)",Drama,Drama,"{""release_year"": 1979, ""primary_genre"": ""Drama""}",ml-latest-small/movies.csv
ml-latest-small,3138,Stealing Home (1988),Drama,Drama,"{""release_year"": 1988, ""primary_genre"": ""Drama""}",ml-latest-small/movies.csv
ml-latest-small,3141,"Two Jakes, The (1990)",Drama,Drama,"{""release_year"": 1990, ""primary_genre"": ""Drama""}",ml-latest-small/movies.csv
ml-latest-small,3142,U2: Rattle and Hum (1988),Documentary|Musical,Documentary,"{""release_year"": 1988, ""primary_genre"": ""Documentary""}",ml-latest-small/movies.csv
ml-latest-small,3143,Hell in the Pacific (1968),Drama|War,Drama,"{""release_year"": 1968, ""primary_genre"": ""Drama""}",ml-latest-small/movies.csv
ml-latest-small,3145,Cradle Will Rock (1999),Drama,Drama,"{""release_year"": 1999, ""primary_genre"": ""Drama""}",ml-latest-small/movies.csv
ml-latest-small,3146,Deuce Bigalow: Male Gigolo (1999),Comedy,Comedy,"{""release_year"": 1999, ""primary_genre"": ""Comedy""}",ml-latest-small/movies.csv
ml-latest-small,3147,"Green Mile, The (1999)",Crime|Drama,Crime,"{""release_year"": 1999, ""primary_genre"": ""Crime""}",ml-latest-small/movies.csv
ml-latest-small,3148,"Cider House Rules, The (1999)",Drama,Drama,"{""release_year"": 1999, ""primary_genre"": ""Drama""}",ml-latest-small/movies.csv
ml-latest-small,3150,"War Zone, The (1999)",Drama|Thriller,Drama,"{""release_year"": 1999, ""primary_genre"": ""Drama""}",ml-latest-small/movies.csv
ml-latest-small,3152,"Last Picture Show, The (1971)",Drama,Drama,"{""release_year"": 1971, ""primary_genre"": ""Drama""}",ml-latest-small/movies.csv
ml-latest-small,3153,"7th Voyage of Sinbad, The (1958)",Action|Adventure|Fantasy,Action,"{""release_year"": 1958, ""primary_genre"": ""Action""}",ml-latest-small/movies.csv
ml-latest-small,3155,Anna and the King (1999),Drama|Romance,Drama,"{""release_year"": 1999, ""primary_genre"": ""Drama""}",ml-latest-small/movies.csv
ml-latest-small,3156,Bicentennial Man (1999),Drama|Romance|Sci-Fi,Drama,"{""release_year"": 1999, ""primary_genre"": ""Drama""}",ml-latest-small/movies.csv
ml-latest-small,3157,Stuart Little (1999),Children|Comedy|Fantasy,Children,"{""release_year"": 1999, ""primary_genre"": ""Children""}",ml-latest-small/movies.csv
ml-latest-small,3158,"Emperor and the Assassin, The (Jing ke ci qin wang) (1999)",Drama,Drama,"{""release_year"": 1999, ""primary_genre"": ""Drama""}",ml-latest-small/movies.csv
ml-latest-small,3159,Fantasia 2000 (1999),Animation|Children|Musical|IMAX,Animation,"{""release_year"": 1999, ""primary_genre"": ""Animation""}",ml-latest-small/movies.csv
ml-latest-small,3160,Magnolia (1999),Drama,Drama,"{""release_year"": 1999, ""primary_genre"": ""Drama""}",ml-latest-small/movies.csv
ml-latest-small,3161,Onegin (1999),Drama|Romance,Drama,"{""release_year"": 1999, ""primary_genre"": ""Drama""}",ml-latest-small/movies.csv
ml-latest-small,3162,Simpatico (1999),Comedy|Drama,Comedy,"{""release_year"": 1999, ""primary_genre"": ""Comedy""}",ml-latest-small/movies.csv
ml-latest-small,3163,Topsy-Turvy (1999),Comedy|Drama|Musical,Comedy,"{""release_year"": 1999, ""primary_genre"": ""Comedy""}",ml-latest-small/movies.csv
ml-latest-small,3165,Boiling Point (1993),Action|Drama,Action,"{""release_year"": 1993, ""primary_genre"": ""Action""}",ml-latest-small/movies.csv
ml-latest-small,3167,Carnal Knowledge (1971),Comedy|Drama,Comedy,"{""release_year"": 1971, ""primary_genre"": ""Comedy""}",ml-latest-small/movies.csv
ml-latest-small,3168,Easy Rider (1969),Adventure|Drama,Adventure,"{""release_year"": 1969, ""primary_genre"": ""Adventure""}",ml-latest-small/movies.csv
ml-latest-small,3169,The Falcon and the Snowman (1985),Crime|Drama|Thriller,Crime,"{""release_year"": 1985, ""primary_genre"": ""Crime""}",ml-latest-small/movies.csv
ml-latest-small,3171,Room at the Top (1959),Drama,Drama,"{""release_year"": 1959, ""primary_genre"": ""Drama""}",ml-latest-small/movies.csv
ml-latest-small,3173,Any Given Sunday (1999),Drama,Drama,"{""release_year"": 1999, ""primary_genre"": ""Drama""}",ml-latest-small/movies.csv
ml-latest-small,3174,Man on the Moon (1999),Comedy|Drama,Comedy,"{""release_year"": 1999, ""primary_genre"": ""Comedy""}",ml-latest-small/movies.csv
ml-latest-small,3175,Galaxy Quest (1999),Adventure|Comedy|Sci-Fi,Adventure,"{""release_year"": 1999, ""primary_genre"": ""Adventure""}",ml-latest-small/movies.csv
ml-latest-small,3176,"Talented Mr. Ripley, The (1999)",Drama|Mystery|Thriller,Drama,"{""release_year"": 1999, ""primary_genre"": ""Drama""}",ml-latest-small/movies.csv
ml-latest-small,3177,Next Friday (2000),Comedy,Comedy,"{""release_year"": 2000, ""primary_genre"": ""Comedy""}",ml-latest-small/movies.csv
ml-latest-small,3178,"Hurricane, The (1999)",Drama,Drama,"{""release_year"": 1999, ""primary_genre"": ""Drama""}",ml-latest-small/movies.csv
ml-latest-small,3179,Angela's Ashes (1999),Drama,Drama,"{""release_year"": 1999, ""primary_genre"": ""Drama""}",ml-latest-small/movies.csv
ml-latest-small,3181,Titus (1999),Drama,Drama,"{""release_year"": 1999, ""primary_genre"": ""Drama""}",ml-latest-small/movies.csv
ml-latest-small,3182,"Mr. Death: The Rise and Fall of Fred A. Leuchter, Jr. (1999)",Documentary,Documentary,"{""release_year"": 1999, ""primary_genre"": ""Documentary""}",ml-latest-small/movies.csv
ml-latest-small,3183,"Third Miracle, The (1999)",Drama,Drama,"{""release_year"": 1999, ""primary_genre"": ""Drama""}",ml-latest-small/movies.csv
ml-latest-small,3185,Snow Falling on Cedars (1999),Drama,Drama,"{""release_year"": 1999, ""primary_genre"": ""Drama""}",ml-latest-small/movies.csv
ml-latest-small,3186,"Girl, Interrupted (1999)",Drama,Drama,"{""release_year"": 1999, ""primary_genre"": ""Drama""}",ml-latest-small/movies.csv
ml-latest-small,3189,My Dog Skip (1999),Children|Drama,Children,"{""release_year"": 1999, ""primary_genre"": ""Children""}",ml-latest-small/movies.csv
ml-latest-small,3190,Supernova (2000),Adventure|Sci-Fi|Thriller,Adventure,"{""release_year"": 2000, ""primary_genre"": ""Adventure""}",ml-latest-small/movies.csv
ml-latest-small,3192,"Terrorist, The (a.k.a. Malli) (Theeviravaathi) (1998)",Drama,Drama,"{""release_year"": 1998, ""primary_genre"": ""Drama""}",ml-latest-small/movies.csv
ml-latest-small,3194,"Way We Were, The (1973)",Drama|Romance,Drama,"{""release_year"": 1973, ""primary_genre"": ""Drama""}",ml-latest-small/movies.csv
ml-latest-small,3196,Stalag 17 (1953),Drama|War,Drama,"{""release_year"": 1953, ""primary_genre"": ""Drama""}",ml-latest-small/movies.csv
ml-latest-small,3197,"Presidio, The (1988)",Action|Crime|Romance|Thriller,Action,"{""release_year"": 1988, ""primary_genre"": ""Action""}",ml-latest-small/movies.csv
ml-latest-small,3198,Papillon (1973),Crime|Drama,Crime,"{""release_year"": 1973, ""primary_genre"": ""Crime""}",ml-latest-small/movies.csv
ml-latest-small,3200,"Last Detail, The (1973)",Comedy|Drama,Comedy,"{""release_year"": 1973, ""primary_genre"": ""Comedy""}",ml-latest-small/movies.csv
ml-latest-small,3201,Five Easy Pieces (1970),Drama,Drama,"{""release_year"": 1970, ""primary_genre"": ""Drama""}",ml-latest-small/movies.csv
ml-latest-small,3203,Dead Calm (1989),Thriller,Thriller,"{""release_year"": 1989, ""primary_genre"": ""Thriller""}",ml-latest-small/movies.csv
ml-latest-small,3204,"Boys from Brazil, The (1978)",Action|Mystery|Thriller,Action,"{""release_year"": 1978, ""primary_genre"": ""Action""}",ml-latest-small/movies.csv
ml-latest-small,3206,Against All Odds (1984),Romance,Romance,"{""release_year"": 1984, ""primary_genre"": ""Romance""}",ml-latest-small/movies.csv
ml-latest-small,3208,Loaded Weapon 1 (National Lampoon's Loaded Weapon 1) (1993),Action|Comedy,Action,"{""release_year"": 1993, ""primary_genre"": ""Action""}",ml-latest-small/movies.csv
ml-latest-small,3210,Fast Times at Ridgemont High (1982),Comedy|Drama|Romance,Comedy,"{""release_year"": 1982, ""primary_genre"": ""Comedy""}",ml-latest-small/movies.csv
ml-latest-small,3211,"Cry in the Dark, A (1988)",Drama,Drama,"{""release_year"": 1988, ""primary_genre"": ""Drama""}",ml-latest-small/movies.csv
ml-latest-small,3213,Batman: Mask of the Phantasm (1993),Animation|Children,Animation,"{""release_year"": 1993, ""primary_genre"": ""Animation""}",ml-latest-small/movies.csv
ml-latest-small,3214,American Flyers (1985),Drama,Drama,"{""release_year"": 1985, ""primary_genre"": ""Drama""}",ml-latest-small/movies.csv
ml-latest-small,3217,"Star Is Born, A (1937)",Drama,Drama,"{""release_year"": 1937, ""primary_genre"": ""Drama""}",ml-latest-small/movies.csv
ml-latest-small,3219,Pacific Heights (1990),Mystery|Thriller,Mystery,"{""release_year"": 1990, ""primary_genre"": ""Mystery""}",ml-latest-small/movies.csv
ml-latest-small,3221,"Draughtsman's Contract, The (1982)",Drama,Drama,"{""release_year"": 1982, ""primary_genre"": ""Drama""}",ml-latest-small/movies.csv
ml-latest-small,3223,"Zed & Two Noughts, A (1985)",Drama,Drama,"{""release_year"": 1985, ""primary_genre"": ""Drama""}",ml-latest-small/movies.csv
ml-latest-small,3224,Woman in the Dunes (Suna no onna) (1964),Drama,Drama,"{""release_year"": 1964, ""primary_genre"": ""Drama""}",ml-latest-small/movies.csv
ml-latest-small,3225,Down to You (2000),Comedy|Romance,Comedy,"{""release_year"": 2000, ""primary_genre"": ""Comedy""}",ml-latest-small/movies.csv
ml-latest-small,3230,"Odessa File, The (1974)",Thriller,Thriller,"{""release_year"": 1974, ""primary_genre"": ""Thriller""}",ml-latest-small/movies.csv
ml-latest-small,3235,Where the Buffalo Roam (1980),Comedy,Comedy,"{""release_year"": 1980, ""primary_genre"": ""Comedy""}",ml-latest-small/movies.csv
ml-latest-small,3238,Eye of the Beholder (1999),Thriller,Thriller,"{""release_year"": 1999, ""primary_genre"": ""Thriller""}",ml-latest-small/movies.csv
ml-latest-small,3240,"Big Tease, The (1999)",Comedy,Comedy,"{""release_year"": 1999, ""primary_genre"": ""Comedy""}",ml-latest-small/movies.csv
ml-latest-small,3241,"Cup, The (Phörpa) (1999)",Comedy,Comedy,"{""release_year"": 1999, ""primary_genre"": ""Comedy""}",ml-latest-small/movies.csv
ml-latest-small,3243,Encino Man (1992),Comedy,Comedy,"{""release_year"": 1992, ""primary_genre"": ""Comedy""}",ml-latest-small/movies.csv
ml-latest-small,3244,"Goodbye Girl, The (1977)",Comedy|Romance,Comedy,"{""release_year"": 1977, ""primary_genre"": ""Comedy""}",ml-latest-small/movies.csv
ml-latest-small,3246,Malcolm X (1992),Drama,Drama,"{""release_year"": 1992, ""primary_genre"": ""Drama""}",ml-latest-small/movies.csv
ml-latest-small,3247,Sister Act (1992),Comedy|Crime,Comedy,"{""release_year"": 1992, ""primary_genre"": ""Comedy""}",ml-latest-small/movies.csv
ml-latest-small,3248,Sister Act 2: Back in the Habit (1993),Comedy,Comedy,"{""release_year"": 1993, ""primary_genre"": ""Comedy""}",ml-latest-small/movies.csv
ml-latest-small,3249,"Hand That Rocks the Cradle, The (1992)",Drama|Thriller,Drama,"{""release_year"": 1992, ""primary_genre"": ""Drama""}",ml-latest-small/movies.csv
ml-latest-small,3250,Alive (1993),Drama,Drama,"{""release_year"": 1993, ""primary_genre"": ""Drama""}",ml-latest-small/movies.csv
ml-latest-small,3251,Agnes of God (1985),Drama|Mystery,Drama,"{""release_year"": 1985, ""primary_genre"": ""Drama""}",ml-latest-small/movies.csv
ml-latest-small,3252,Scent of a Woman (1992),Drama,Drama,"{""release_year"": 1992, ""primary_genre"": ""Drama""}",ml-latest-small/movies.csv
ml-latest-small,3253,Wayne's World (1992),Comedy,Comedy,"{""release_year"": 1992, ""primary_genre"": ""Comedy""}",ml-latest-small/movies.csv
ml-latest-small,3254,Wayne's World 2 (1993),Comedy,Comedy,"{""release_year"": 1993, ""primary_genre"": ""Comedy""}",ml-latest-small/movies.csv
ml-latest-small,3255,"League of Their Own, A (1992)",Comedy|Drama,Comedy,"{""release_year"": 1992, ""primary_genre"": ""Comedy""}",ml-latest-small/movies.csv
ml-latest-small,3256,Patriot Games (1992),Action|Crime|Drama|Thriller,Action,"{""release_year"": 1992, ""primary_genre"": ""Action""}",ml-latest-small/movies.csv
ml-latest-small,3257,"Bodyguard, The (1992)",Drama|Romance|Thriller,Drama,"{""release_year"": 1992, ""primary_genre"": ""Drama""}",ml-latest-small/movies.csv
ml-latest-small,3258,Death Becomes Her (1992),Comedy|Fantasy,Comedy,"{""release_year"": 1992, ""primary_genre"": ""Comedy""}",ml-latest-small/movies.csv
ml-latest-small,3259,Far and Away (1992),Adventure|Drama|Romance,Adventure,"{""release_year"": 1992, ""primary_genre"": ""Adventure""}",ml-latest-small/movies.csv
ml-latest-small,3260,Howards End (1992),Drama,Drama,"{""release_year"": 1992, ""primary_genre"": ""Drama""}",ml-latest-small/movies.csv
ml-latest-small,3261,Singles (1992),Comedy|Drama|Romance,Comedy,"{""release_year"": 1992, ""primary_genre"": ""Comedy""}",ml-latest-small/movies.csv
ml-latest-small,3262,Twin Peaks: Fire Walk with Me (1992),Crime|Drama|Mystery|Thriller,Crime,"{""release_year"": 1992, ""primary_genre"": ""Crime""}",ml-latest-small/movies.csv
ml-latest-small,3263,White Men Can't Jump (1992),Comedy|Drama,Comedy,"{""release_year"": 1992, ""primary_genre"": ""Comedy""}",ml-latest-small/movies.csv
ml-latest-small,3264,Buffy the Vampire Slayer (1992),Action|Comedy|Horror,Action,"{""release_year"": 1992, ""primary_genre"": ""Action""}",ml-latest-small/movies.csv
ml-latest-small,3265,Hard-Boiled (Lat sau san taam) (1992),Action|Crime|Drama|Thriller,Action,"{""release_year"": 1992, ""primary_genre"": ""Action""}",ml-latest-small/movies.csv
ml-latest-small,3266,Man Bites Dog (C'est arrivé près de chez vous) (1992),Comedy|Crime|Drama|Thriller,Comedy,"{""release_year"": 1992, ""primary_genre"": ""Comedy""}",ml-latest-small/movies.csv
ml-latest-small,3267,"Mariachi, El (1992)",Action|Crime|Thriller|Western,Action,"{""release_year"": 1992, ""primary_genre"": ""Action""}",ml-latest-small/movies.csv
ml-latest-small,3268,Stop! Or My Mom Will Shoot (1992),Action|Comedy,Action,"{""release_year"": 1992, ""primary_genre"": ""Action""}",ml-latest-small/movies.csv
ml-latest-small,3269,Forever Young (1992),Drama|Romance|Sci-Fi,Drama,"{""release_year"": 1992, ""primary_genre"": ""Drama""}",ml-latest-small/movies.csv
ml-latest-small,3270,"Cutting Edge, The (1992)",Comedy|Drama|Romance,Comedy,"{""release_year"": 1992, ""primary_genre"": ""Comedy""}",ml-latest-small/movies.csv
ml-latest-small,3271,Of Mice and Men (1992),Drama,Drama,"{""release_year"": 1992, ""primary_genre"": ""Drama""}",ml-latest-small/movies.csv
ml-latest-small,3272,Bad Lieutenant (1992),Crime|Drama,Crime,"{""release_year"": 1992, ""primary_genre"": ""Crime""}",ml-latest-small/movies.csv
ml-latest-small,3273,Scream 3 (2000),Comedy|Horror|Mystery|Thriller,Comedy,"{""release_year"": 2000, ""primary_genre"": ""Comedy""}",ml-latest-small/movies.csv
ml-latest-small,3274,Single White Female (1992),Drama|Thriller,Drama,"{""release_year"": 1992, ""primary_genre"": ""Drama""}",ml-latest-small/movies.csv
ml-latest-small,3275,"Boondock Saints, The (2000)",Action|Crime|Drama|Thriller,Action,"{""release_year"": 2000, ""primary_genre"": ""Action""}",ml-latest-small/movies.csv
ml-latest-small,3276,Gun Shy (2000),Comedy,Comedy,"{""release_year"": 2000, ""primary_genre"": ""Comedy""}",ml-latest-small/movies.csv
ml-latest-small,3280,"Baby, The (1973)",Horror,Horror,"{""release_year"": 1973, ""primary_genre"": ""Horror""}",ml-latest-small/movies.csv
ml-latest-small,3281,"Brandon Teena Story, The (1998)",Documentary,Documentary,"{""release_year"": 1998, ""primary_genre"": ""Documentary""}",ml-latest-small/movies.csv
ml-latest-small,3283,Minnie and Moskowitz (1971),Action,Action,"{""release_year"": 1971, ""primary_genre"": ""Action""}",ml-latest-small/movies.csv
ml-latest-small,3284,They Might Be Giants (1971),Comedy|Mystery|Romance,Comedy,"{""release_year"": 1971, ""primary_genre"": ""Comedy""}",ml-latest-small/movies.csv
ml-latest-small,3285,"Beach, The (2000)",Adventure|Drama,Adventure,"{""release_year"": 2000, ""primary_genre"": ""Adventure""}",ml-latest-small/movies.csv
ml-latest-small,3286,Snow Day (2000),Comedy,Comedy,"{""release_year"": 2000, ""primary_genre"": ""Comedy""}",ml-latest-small/movies.csv
ml-latest-small,3287,"Tigger Movie, The (2000)",Animation|Children,Animation,"{""release_year"": 2000, ""primary_genre"": ""Animation""}",ml-latest-small/movies.csv
ml-latest-small,3289,Not One Less (Yi ge dou bu neng shao) (1999),Drama,Drama,"{""release_year"": 1999, ""primary_genre"": ""Drama""}",ml-latest-small/movies.csv
ml-latest-small,3294,Eaten Alive (1977),Horror,Horror,"{""release_year"": 1977, ""primary_genre"": ""Horror""}",ml-latest-small/movies.csv
ml-latest-small,3295,Raining Stones (1993),Drama,Drama,"{""release_year"": 1993, ""primary_genre"": ""Drama""}",ml-latest-small/movies.csv
ml-latest-small,3296,To Sir with Love (1967),Drama,Drama,"{""release_year"": 1967, ""primary_genre"": ""Drama""}",ml-latest-small/movies.csv
ml-latest-small,3298,Boiler Room (2000),Crime|Drama|Thriller,Crime,"{""release_year"": 2000, ""primary_genre"": ""Crime""}",ml-latest-small/movies.csv
ml-latest-small,3299,Hanging Up (2000),Comedy|Drama,Comedy,"{""release_year"": 2000, ""primary_genre"": ""Comedy""}",ml-latest-small/movies.csv
ml-latest-small,3300,Pitch Black (2000),Horror|Sci-Fi|Thriller,Horror,"{""release_year"": 2000, ""primary_genre"": ""Horror""}",ml-latest-small/movies.csv
ml-latest-small,3301,"Whole Nine Yards, The (2000)",Comedy|Crime,Comedy,"{""release_year"": 2000, ""primary_genre"": ""Comedy""}",ml-latest-small/movies.csv
ml-latest-small,3302,Beautiful People (1999),Comedy,Comedy,"{""release_year"": 1999, ""primary_genre"": ""Comedy""}",ml-latest-small/movies.csv
ml-latest-small,3303,Black Tar Heroin: The Dark End of the Street (2000),Documentary,Documentary,"{""release_year"": 2000, ""primary_genre"": ""Documentary""}",ml-latest-small/movies.csv
ml-latest-small,3306,"Circus, The (1928)",Comedy,Comedy,"{""release_year"": 1928, ""primary_genre"": ""Comedy""}",ml-latest-small/movies.csv
ml-latest-small,3307,City Lights (1931),Comedy|Drama|Romance,Comedy,"{""release_year"": 1931, ""primary_genre"": ""Comedy""}",ml-latest-small/movies.csv
ml-latest-small,3308,"Flamingo Kid, The (1984)",Comedy|Drama,Comedy,"{""release_year"": 1984, ""primary_genre"": ""Comedy""}",ml-latest-small/movies.csv
ml-latest-small,3310,"Kid, The (1921)",Comedy|Drama,Comedy,"{""release_year"": 1921, ""primary_genre"": ""Comedy""}",ml-latest-small/movies.csv
ml-latest-small,3313,Class Reunion (1982),Comedy,Comedy,"{""release_year"": 1982, ""primary_genre"": ""Comedy""}",ml-latest-small/movies.csv
ml-latest-small,3315,Happy Go Lovely (1951),Musical,Musical,"{""release_year"": 1951, ""primary_genre"": ""Musical""}",ml-latest-small/movies.csv
ml-latest-small,3316,Reindeer Games (2000),Action|Thriller,Action,"{""release_year"": 2000, ""primary_genre"": ""Action""}",ml-latest-small/movies.csv
ml-latest-small,3317,Wonder Boys (2000),Comedy|Drama,Comedy,"{""release_year"": 2000, ""primary_genre"": ""Comedy""}",ml-latest-small/movies.csv
ml-latest-small,3323,Chain of Fools (2000),Comedy|Crime,Comedy,"{""release_year"": 2000, ""primary_genre"": ""Comedy""}",ml-latest-small/movies.csv
ml-latest-small,3324,Drowning Mona (2000),Comedy,Comedy,"{""release_year"": 2000, ""primary_genre"": ""Comedy""}",ml-latest-small/movies.csv
ml-latest-small,3325,"Next Best Thing, The (2000)",Comedy|Drama,Comedy,"{""release_year"": 2000, ""primary_genre"": ""Comedy""}",ml-latest-small/movies.csv
ml-latest-small,3326,What Planet Are You From? (2000),Comedy|Sci-Fi,Comedy,"{""release_year"": 2000, ""primary_genre"": ""Comedy""}",ml-latest-small/movies.csv
ml-latest-small,3327,Beyond the Mat (1999),Documentary,Documentary,"{""release_year"": 1999, ""primary_genre"": ""Documentary""}",ml-latest-small/movies.csv
ml-latest-small,3328,Ghost Dog: The Way of the Samurai (1999),Crime|Drama,Crime,"{""release_year"": 1999, ""primary_genre"": ""Crime""}",ml-latest-small/movies.csv
ml-latest-small,3329,The Year My Voice Broke (1987),Drama|Romance,Drama,"{""release_year"": 1987, ""primary_genre"": ""Drama""}",ml-latest-small/movies.csv
ml-latest-small,3330,Splendor in the Grass (1961),Drama|Romance,Drama,"{""release_year"": 1961, ""primary_genre"": ""Drama""}",ml-latest-small/movies.csv
ml-latest-small,3331,My Tutor (1983),Drama,Drama,"{""release_year"": 1983, ""primary_genre"": ""Drama""}",ml-latest-small/movies.csv
ml-latest-small,3334,Key Largo (1948),Crime|Drama|Film-Noir|Thriller,Crime,"{""release_year"": 1948, ""primary_genre"": ""Crime""}",ml-latest-small/movies.csv
ml-latest-small,3338,For All Mankind (1989),Documentary,Documentary,"{""release_year"": 1989, ""primary_genre"": ""Documentary""}",ml-latest-small/movies.csv
ml-latest-small,3341,Born Yesterday (1950),Comedy,Comedy,"{""release_year"": 1950, ""primary_genre"": ""Comedy""}",ml-latest-small/movies.csv
ml-latest-small,3342,Birdy (1984),Drama|War,Drama,"{""release_year"": 1984, ""primary_genre"": ""Drama""}",ml-latest-small/movies.csv
ml-latest-small,3344,Blood Feast (1963),Horror,Horror,"{""release_year"": 1963, ""primary_genre"": ""Horror""}",ml-latest-small/movies.csv
ml-latest-small,3345,"Charlie, the Lonesome Cougar (1967)",Adventure|Children,Adventure,"{""release_year"": 1967, ""primary_genre"": ""Adventure""}",ml-latest-small/movies.csv
ml-latest-small,3347,Never Cry Wolf (1983),Adventure|Drama,Adventure,"{""release_year"": 1983, ""primary_genre"": ""Adventure""}",ml-latest-small/movies.csv
ml-latest-small,3350,"Raisin in the Sun, A (1961)",Drama,Drama,"{""release_year"": 1961, ""primary_genre"": ""Drama""}",ml-latest-small/movies.csv
ml-latest-small,3353,"Closer You Get, The (2000)",Comedy|Romance,Comedy,"{""release_year"": 2000, ""primary_genre"": ""Comedy""}",ml-latest-small/movies.csv
ml-latest-small,3354,Mission to Mars (2000),Sci-Fi,Sci-Fi,"{""release_year"": 2000, ""primary_genre"": ""Sci-Fi""}",ml-latest-small/movies.csv
ml-latest-small,3355,"Ninth Gate, The (1999)",Fantasy|Horror|Mystery|Thriller,Fantasy,"{""release_year"": 1999, ""primary_genre"": ""Fantasy""}",ml-latest-small/movies.csv
ml-latest-small,3357,East-West (Est-ouest) (1999),Drama|Romance,Drama,"{""release_year"": 1999, ""primary_genre"": ""Drama""}",ml-latest-small/movies.csv
ml-latest-small,3358,Defending Your Life (1991),Comedy|Drama|Fantasy|Romance,Comedy,"{""release_year"": 1991, ""primary_genre"": ""Comedy""}",ml-latest-small/movies.csv
ml-latest-small,3359,Breaking Away (1979),Comedy|Drama,Comedy,"{""release_year"": 1979, ""primary_genre"": ""Comedy""}",ml-latest-small/movies.csv
ml-latest-small,3360,Hoosiers (a.k.a. Best Shot) (1986),Drama|Romance,Drama,"{""release_year"": 1986, ""primary_genre"": ""Drama""}",ml-latest-small/movies.csv
ml-latest-small,3361,Bull Durham (1988),Comedy|Drama|Romance,Comedy,"{""release_year"": 1988, ""primary_genre"": ""Comedy""}",ml-latest-small/movies.csv
ml-latest-small,3362,Dog Day Afternoon (1975),Crime|Drama,Crime,"{""release_year"": 1975, ""primary_genre"": ""Crime""}",ml-latest-small/movies.csv
ml-latest-small,3363,American Graffiti (1973),Comedy|Drama,Comedy,"{""release_year"": 1973, ""primary_genre"": ""Comedy""}",ml-latest-small/movies.csv
ml-latest-small,3364,"Asphalt Jungle, The (1950)",Crime|Film-Noir,Crime,"{""release_year"": 1950, ""primary_genre"": ""Crime""}",ml-latest-small/movies.csv
ml-latest-small,3365,"Searchers, The (1956)",Drama|Western,Drama,"{""release_year"": 1956, ""primary_genre"": ""Drama""}",ml-latest-small/movies.csv
ml-latest-small,3368,"Big Country, The (1958)",Romance|Western,Romance,"{""release_year"": 1958, ""primary_genre"": ""Romance""}",ml-latest-small/movies.csv
ml-latest-small,3370,Betrayed (1988),Drama|Thriller,Drama,"{""release_year"": 1988, ""primary_genre"": ""Drama""}",ml-latest-small/movies.csv
ml-latest-small,3372,"Bridge at Remagen, The (1969)",Action|War,Action,"{""release_year"": 1969, ""primary_genre"": ""Action""}",ml-latest-small/movies.csv
ml-latest-small,3374,Daughters of the Dust (1991),Drama,Drama,"{""release_year"": 1991, ""primary_genre"": ""Drama""}",ml-latest-small/movies.csv
ml-latest-small,3378,"Ogre, The (Unhold, Der) (1996)",Drama,Drama,"{""release_year"": 1996, ""primary_genre"": ""Drama""}",ml-latest-small/movies.csv
ml-latest-small,3379,On the Beach (1959),Drama,Drama,"{""release_year"": 1959, ""primary_genre"": ""Drama""}",ml-latest-small/movies.csv
ml-latest-small,3384,"Taking of Pelham One Two Three, The (1974)",Action|Crime,Action,"{""release_year"": 1974, ""primary_genre"": ""Action""}",ml-latest-small/movies.csv
ml-latest-small,3385,Volunteers (1985),Comedy,Comedy,"{""release_year"": 1985, ""primary_genre"": ""Comedy""}",ml-latest-small/movies.csv
ml-latest-small,3386,JFK (1991),Drama|Mystery|Thriller,Drama,"{""release_year"": 1991, ""primary_genre"": ""Drama""}",ml-latest-small/movies.csv
ml-latest-small,3387,Who's Harry Crumb? (1989),Comedy|Mystery,Comedy,"{""release_year"": 1989, ""primary_genre"": ""Comedy""}",ml-latest-small/movies.csv
ml-latest-small,3388,Harry and the Hendersons (1987),Children|Comedy,Children,"{""release_year"": 1987, ""primary_genre"": ""Children""}",ml-latest-small/movies.csv
ml-latest-small,3389,Let's Get Harry (1986),Action|Adventure,Action,"{""release_year"": 1986, ""primary_genre"": ""Action""}",ml-latest-small/movies.csv
ml-latest-small,3390,Shanghai Surprise (1986),Adventure|Crime|Drama|Romance,Adventure,"{""release_year"": 1986, ""primary_genre"": ""Adventure""}",ml-latest-small/movies.csv
ml-latest-small,3391,Who's That Girl? (1987),Comedy,Comedy,"{""release_year"": 1987, ""primary_genre"": ""Comedy""}",ml-latest-small/movies.csv
ml-latest-small,3392,She-Devil (1989),Comedy,Comedy,"{""release_year"": 1989, ""primary_genre"": ""Comedy""}",ml-latest-small/movies.csv
ml-latest-small,3393,Date with an Angel (1987),Comedy|Fantasy|Romance,Comedy,"{""release_year"": 1987, ""primary_genre"": ""Comedy""}",ml-latest-small/movies.csv
ml-latest-small,3394,Blind Date (1987),Comedy|Romance,Comedy,"{""release_year"": 1987, ""primary_genre"": ""Comedy""}",ml-latest-small/movies.csv
ml-latest-small,3395,Nadine (1987),Comedy,Comedy,"{""release_year"": 1987, ""primary_genre"": ""Comedy""}",ml-latest-small/movies.csv
ml-latest-small,3396,"Muppet Movie, The (1979)",Adventure|Children|Comedy|Musical,Adventure,"{""release_year"": 1979, ""primary_genre"": ""Adventure""}",ml-latest-small/movies.csv
ml-latest-small,3397,"Great Muppet Caper, The (1981)",Children|Comedy,Children,"{""release_year"": 1981, ""primary_genre"": ""Children""}",ml-latest-small/movies.csv
ml-latest-small,3398,"Muppets Take Manhattan, The (1984)",Children|Comedy|Musical,Children,"{""release_year"": 1984, ""primary_genre"": ""Children""}",ml-latest-small/movies.csv
ml-latest-small,3400,We're Back! A Dinosaur's Story (1993),Adventure|Animation|Children|Fantasy,Adventure,"{""release_year"": 1993, ""primary_genre"": ""Adventure""}",ml-latest-small/movies.csv
ml-latest-small,3401,Baby... Secret of the Lost Legend (1985),Adventure|Sci-Fi,Adventure,"{""release_year"": 1985, ""primary_genre"": ""Adventure""}",ml-latest-small/movies.csv
ml-latest-small,3402,Turtle Diary (1985),Comedy|Drama|Romance,Comedy,"{""release_year"": 1985, ""primary_genre"": ""Comedy""}",ml-latest-small/movies.csv
ml-latest-small,3403,Raise the Titanic (1980),Drama|Thriller,Drama,"{""release_year"": 1980, ""primary_genre"": ""Drama""}",ml-latest-small/movies.csv
ml-latest-small,3404,Titanic (1953),Action|Drama,Action,"{""release_year"": 1953, ""primary_genre"": ""Action""}",ml-latest-small/movies.csv
ml-latest-small,3405,"Night to Remember, A (1958)",Action|Drama,Action,"{""release_year"": 1958, ""primary_genre"": ""Action""}",ml-latest-small/movies.csv
ml-latest-small,3406,Captain Horatio Hornblower R.N. (1951),Action|Adventure|Drama|War,Action,"{""release_year"": 1951, ""primary_genre"": ""Action""}",ml-latest-small/movies.csv
ml-latest-small,3408,Erin Brockovich (2000),Drama,Drama,"{""release_year"": 2000, ""primary_genre"": ""Drama""}",ml-latest-small/movies.csv
ml-latest-small,3409,Final Destination (2000),Drama|Thriller,Drama,"{""release_year"": 2000, ""primary_genre"": ""Drama""}",ml-latest-small/movies.csv
ml-latest-small,3410,Soft Fruit (1999),Comedy|Drama,Comedy,"{""release_year"": 1999, ""primary_genre"": ""Comedy""}",ml-latest-small/movies.csv
ml-latest-small,3412,"Bear, The (Ours, L') (1988)",Adventure|Children|Drama,Adventure,"{""release_year"": 1988, ""primary_genre"": ""Adventure""}",ml-latest-small/movies.csv
ml-latest-small,3414,Love Is a Many-Splendored Thing (1955),Drama|Romance|War,Drama,"{""release_year"": 1955, ""primary_genre"": ""Drama""}",ml-latest-small/movies.csv
ml-latest-small,3415,"Mirror, The (Zerkalo) (1975)",Drama,Drama,"{""release_year"": 1975, ""primary_genre"": ""Drama""}",ml-latest-small/movies.csv
ml-latest-small,3417,"Crimson Pirate, The (1952)",Adventure|Comedy,Adventure,"{""release_year"": 1952, ""primary_genre"": ""Adventure""}",ml-latest-small/movies.csv
ml-latest-small,3418,Thelma & Louise (1991),Adventure|Crime|Drama,Adventure,"{""release_year"": 1991, ""primary_genre"": ""Adventure""}",ml-latest-small/movies.csv
ml-latest-small,3420,...And Justice for All (1979),Drama|Thriller,Drama,"{""release_year"": 1979, ""primary_genre"": ""Drama""}",ml-latest-small/movies.csv
ml-latest-small,3421,Animal House (1978),Comedy,Comedy,"{""release_year"": 1978, ""primary_genre"": ""Comedy""}",ml-latest-small/movies.csv
ml-latest-small,3422,She's Gotta Have It (1986),Comedy|Romance,Comedy,"{""release_year"": 1986, ""primary_genre"": ""Comedy""}",ml-latest-small/movies.csv
ml-latest-small,3423,School Daze (1988),Drama,Drama,"{""release_year"": 1988, ""primary_genre"": ""Drama""}",ml-latest-small/movies.csv
ml-latest-small,3424,Do the Right Thing (1989),Drama,Drama,"{""release_year"": 1989, ""primary_genre"": ""Drama""}",ml-latest-small/movies.csv
ml-latest-small,3425,Mo' Better Blues (1990),Drama|Musical,Drama,"{""release_year"": 1990, ""primary_genre"": ""Drama""}",ml-latest-small/movies.csv
ml-latest-small,3426,Jungle Fever (1991),Drama|Romance,Drama,"{""release_year"": 1991, ""primary_genre"": ""Drama""}",ml-latest-small/movies.csv
ml-latest-small,3428,"Champ, The (1979)",Drama,Drama,"{""release_year"": 1979, ""primary_genre"": ""Drama""}",ml-latest-small/movies.csv
ml-latest-small,3429,Creature Comforts (1989),Animation|Comedy,Animation,"{""release_year"": 1989, ""primary_genre"": ""Animation""}",ml-latest-small/movies.csv
ml-latest-small,3430,Death Wish (1974),Action|Crime|Drama,Action,"{""release_year"": 1974, ""primary_genre"": ""Action""}",ml-latest-small/movies.csv
ml-latest-small,3431,Death Wish 2 (1982),Action|Drama,Action,"{""release_year"": 1982, ""primary_genre"": ""Action""}",ml-latest-small/movies.csv
ml-latest-small,3432,Death Wish 3 (1985),Action|Drama,Action,"{""release_year"": 1985, ""primary_genre"": ""Action""}",ml-latest-small/movies.csv
ml-latest-small,3433,Death Wish 4: The Crackdown (1987),Action|Drama,Action,"{""release_year"": 1987, ""primary_genre"": ""Action""}",ml-latest-small/movies.csv
ml-latest-small,3434,Death Wish 5: The Face of Death (1994),Action|Drama,Action,"{""release_year"": 1994, ""primary_genre"": ""Action""}",ml-latest-small/movies.csv
ml-latest-small,3435,Double Indemnity (1944),Crime|Drama|Film-Noir,Crime,"{""release_year"": 1944, ""primary_genre"": ""Crime""}",ml-latest-small/movies.csv
ml-latest-small,3436,Dying Young (1991),Drama|Romance,Drama,"{""release_year"": 1991, ""primary_genre"": ""Drama""}",ml-latest-small/movies.csv
ml-latest-small,3438,Teenage Mutant Ninja Turtles (1990),Action|Children|Comedy|Fantasy|Sci-Fi,Action,"{""release_year"": 1990, ""primary_genre"": ""Action""}",ml-latest-small/movies.csv
ml-latest-small,3439,Teenage Mutant Ninja Turtles II: The Secret of the Ooze (1991),Action|Children|Fantasy,Action,"{""release_year"": 1991, ""primary_genre"": ""Action""}",ml-latest-small/movies.csv
ml-latest-small,3440,Teenage Mutant Ninja Turtles III (1993),Action|Adventure|Children|Comedy|Fantasy,Action,"{""release_year"": 1993, ""primary_genre"": ""Action""}",ml-latest-small/movies.csv
ml-latest-small,3441,Red Dawn (1984),Action|Drama|War,Action,"{""release_year"": 1984, ""primary_genre"": ""Action""}",ml-latest-small/movies.csv
ml-latest-small,3442,Band of the Hand (1986),Action|Crime|Drama,Action,"{""release_year"": 1986, ""primary_genre"": ""Action""}",ml-latest-small/movies.csv
ml-latest-small,3444,Bloodsport (1988),Action,Action,"{""release_year"": 1988, ""primary_genre"": ""Action""}",ml-latest-small/movies.csv
ml-latest-small,3445,Eyes of Laura Mars (1978),Mystery|Thriller,Mystery,"{""release_year"": 1978, ""primary_genre"": ""Mystery""}",ml-latest-small/movies.csv
ml-latest-small,3446,Funny Bones (1995),Comedy|Drama,Comedy,"{""release_year"": 1995, ""primary_genre"": ""Comedy""}",ml-latest-small/movies.csv
ml-latest-small,3447,"Good Earth, The (1937)",Drama,Drama,"{""release_year"": 1937, ""primary_genre"": ""Drama""}",ml-latest-small/movies.csv
ml-latest-small,3448,"Good Morning, Vietnam (1987)",Comedy|Drama|War,Comedy,"{""release_year"": 1987, ""primary_genre"": ""Comedy""}",ml-latest-small/movies.csv
ml-latest-small,3449,"Good Mother, The (1988)",Drama,Drama,"{""release_year"": 1988, ""primary_genre"": ""Drama""}",ml-latest-small/movies.csv
ml-latest-small,3450,Grumpy Old Men (1993),Comedy,Comedy,"{""release_year"": 1993, ""primary_genre"": ""Comedy""}",ml-latest-small/movies.csv
ml-latest-small,3451,Guess Who's Coming to Dinner (1967),Drama,Drama,"{""release_year"": 1967, ""primary_genre"": ""Drama""}",ml-latest-small/movies.csv
ml-latest-small,3452,Romeo Must Die (2000),Action|Crime|Romance|Thriller,Action,"{""release_year"": 2000, ""primary_genre"": ""Action""}",ml-latest-small/movies.csv
ml-latest-small,3453,Here on Earth (2000),Drama|Romance,Drama,"{""release_year"": 2000, ""primary_genre"": ""Drama""}",ml-latest-small/movies.csv
ml-latest-small,3454,Whatever It Takes (2000),Comedy|Romance,Comedy,"{""release_year"": 2000, ""primary_genre"": ""Comedy""}",ml-latest-small/movies.csv
ml-latest-small,3455,Buddy Boy (1999),Drama|Thriller,Drama,"{""release_year"": 1999, ""primary_genre"": ""Drama""}",ml-latest-small/movies.csv
ml-latest-small,3456,"Color of Paradise, The (Rang-e khoda) (1999)",Drama,Drama,"{""release_year"": 1999, ""primary_genre"": ""Drama""}",ml-latest-small/movies.csv
ml-latest-small,3459,Gothic (1986),Drama|Horror,Drama,"{""release_year"": 1986, ""primary_genre"": ""Drama""}",ml-latest-small/movies.csv
ml-latest-small,3461,Lord of the Flies (1963),Adventure|Drama|Thriller,Adventure,"{""release_year"": 1963, ""primary_genre"": ""Adventure""}",ml-latest-small/movies.csv
ml-latest-small,3462,Modern Times (1936),Comedy|Drama|Romance,Comedy,"{""release_year"": 1936, ""primary_genre"": ""Comedy""}",ml-latest-small/movies.csv
ml-latest-small,3466,Heart and Souls (1993),Comedy|Fantasy,Comedy,"{""release_year"": 1993, ""primary_genre"": ""Comedy""}",ml-latest-small/movies.csv
ml-latest-small,3467,Hud (1963),Drama|Western,Drama,"{""release_year"": 1963, ""primary_genre"": ""Drama""}",ml-latest-small/movies.csv
ml-latest-small,3468,"Hustler, The (1961)",Drama,Drama,"{""release_year"": 1961, ""primary_genre"": ""Drama""}",ml-latest-small/movies.csv
ml-latest-small,3469,Inherit the Wind (1960),Drama,Drama,"{""release_year"": 1960, ""primary_genre"": ""Drama""}",ml-latest-small/movies.csv
ml-latest-small,3470,Dersu Uzala (1975),Adventure|Drama,Adventure,"{""release_year"": 1975, ""primary_genre"": ""Adventure""}",ml-latest-small/movies.csv
ml-latest-small,3471,Close Encounters of the Third Kind (1977),Adventure|Drama|Sci-Fi,Adventure,"{""release_year"": 1977, ""primary_genre"": ""Adventure""}",ml-latest-small/movies.csv
ml-latest-small,3473,Jonah Who Will Be 25 in the Year 2000 (Jonas qui aura 25 ans en l'an 2000) (1976),Comedy,Comedy,"{""release_year"": 1976, ""primary_genre"": ""Comedy""}",ml-latest-small/movies.csv
ml-latest-small,3474,Retroactive (1997),Sci-Fi|Thriller,Sci-Fi,"{""release_year"": 1997, ""primary_genre"": ""Sci-Fi""}",ml-latest-small/movies.csv
ml-latest-small,3475,"Place in the Sun, A (1951)",Drama|Romance,Drama,"{""release_year"": 1951, ""primary_genre"": ""Drama""}",ml-latest-small/movies.csv
ml-latest-small,3476,Jacob's Ladder (1990),Horror|Mystery,Horror,"{""release_year"": 1990, ""primary_genre"": ""Horror""}",ml-latest-small/movies.csv
ml-latest-small,3477,Empire Records (1995),Comedy|Drama,Comedy,"{""release_year"": 1995, ""primary_genre"": ""Comedy""}",ml-latest-small/movies.csv
ml-latest-small,3478,"Bamba, La (1987)",Drama,Drama,"{""release_year"": 1987, ""primary_genre"": ""Drama""}",ml-latest-small/movies.csv
ml-latest-small,3479,Ladyhawke (1985),Adventure|Fantasy|Romance,Adventure,"{""release_year"": 1985, ""primary_genre"": ""Adventure""}",ml-latest-small/movies.csv
ml-latest-small,3480,Lucas (1986),Drama|Romance,Drama,"{""release_year"": 1986, ""primary_genre"": ""Drama""}",ml-latest-small/movies.csv
ml-latest-small,3481,High Fidelity (2000),Comedy|Drama|Romance,Comedy,"{""release_year"": 2000, ""primary_genre"": ""Comedy""}",ml-latest-small/movies.csv
ml-latest-small,3483,"Road to El Dorado, The (2000)",Animation|Children,Animation,"{""release_year"": 2000, ""primary_genre"": ""Animation""}",ml-latest-small/movies.csv
ml-latest-small,3484,"Skulls, The (2000)",Thriller,Thriller,"{""release_year"": 2000, ""primary_genre"": ""Thriller""}",ml-latest-small/movies.csv
ml-latest-small,3489,Hook (1991),Adventure|Comedy|Fantasy,Adventure,"{""release_year"": 1991, ""primary_genre"": ""Adventure""}",ml-latest-small/movies.csv
ml-latest-small,3492,"Son of the Sheik, The (1926)",Adventure|Comedy|Romance,Adventure,"{""release_year"": 1926, ""primary_genre"": ""Adventure""}",ml-latest-small/movies.csv
ml-latest-small,3494,True Grit (1969),Adventure|Drama|Western,Adventure,"{""release_year"": 1969, ""primary_genre"": ""Adventure""}",ml-latest-small/movies.csv
ml-latest-small,3496,Madame Sousatzka (1988),Drama,Drama,"{""release_year"": 1988, ""primary_genre"": ""Drama""}",ml-latest-small/movies.csv
ml-latest-small,3497,Max Dugan Returns (1983),Comedy,Comedy,"{""release_year"": 1983, ""primary_genre"": ""Comedy""}",ml-latest-small/movies.csv
ml-latest-small,3498,Midnight Express (1978),Drama,Drama,"{""release_year"": 1978, ""primary_genre"": ""Drama""}",ml-latest-small/movies.csv
ml-latest-small,3499,Misery (1990),Drama|Horror|Thriller,Drama,"{""release_year"": 1990, ""primary_genre"": ""Drama""}",ml-latest-small/movies.csv
ml-latest-small,3500,Mr. Saturday Night (1992),Comedy|Drama,Comedy,"{""release_year"": 1992, ""primary_genre"": ""Comedy""}",ml-latest-small/movies.csv
ml-latest-small,3501,Murphy's Romance (1985),Comedy|Romance,Comedy,"{""release_year"": 1985, ""primary_genre"": ""Comedy""}",ml-latest-small/movies.csv
ml-latest-small,3502,My Life (1993),Drama,Drama,"{""release_year"": 1993, ""primary_genre"": ""Drama""}",ml-latest-small/movies.csv
ml-latest-small,3503,Solaris (Solyaris) (1972),Drama|Mystery|Sci-Fi,Drama,"{""release_year"": 1972, ""primary_genre"": ""Drama""}",ml-latest-small/movies.csv
ml-latest-small,3504,Network (1976),Comedy|Drama,Comedy,"{""release_year"": 1976, ""primary_genre"": ""Comedy""}",ml-latest-small/movies.csv
ml-latest-small,3505,No Way Out (1987),Drama|Mystery|Thriller,Drama,"{""release_year"": 1987, ""primary_genre"": ""Drama""}",ml-latest-small/movies.csv
ml-latest-small,3506,North Dallas Forty (1979),Comedy|Drama,Comedy,"{""release_year"": 1979, ""primary_genre"": ""Comedy""}",ml-latest-small/movies.csv
ml-latest-small,3507,"Odd Couple, The (1968)",Comedy,Comedy,"{""release_year"": 1968, ""primary_genre"": ""Comedy""}",ml-latest-small/movies.csv
ml-latest-small,3508,"Outlaw Josey Wales, The (1976)",Action|Adventure|Drama|Thriller|Western,Action,"{""release_year"": 1976, ""primary_genre"": ""Action""}",ml-latest-small/movies.csv
ml-latest-small,3510,Frequency (2000),Drama|Thriller,Drama,"{""release_year"": 2000, ""primary_genre"": ""Drama""}",ml-latest-small/movies.csv
ml-latest-small,3511,Ready to Rumble (2000),Comedy,Comedy,"{""release_year"": 2000, ""primary_genre"": ""Comedy""}",ml-latest-small/movies.csv
ml-latest-small,3512,Return to Me (2000),Drama|Romance,Drama,"{""release_year"": 2000, ""primary_genre"": ""Drama""}",ml-latest-small/movies.csv
ml-latest-small,3513,Rules of Engagement (2000),Drama|Thriller,Drama,"{""release_year"": 2000, ""primary_genre"": ""Drama""}",ml-latest-small/movies.csv
ml-latest-small,3514,Joe Gould's Secret (2000),Drama,Drama,"{""release_year"": 2000, ""primary_genre"": ""Drama""}",ml-latest-small/movies.csv
ml-latest-small,3515,Me Myself I (2000),Comedy|Romance,Comedy,"{""release_year"": 2000, ""primary_genre"": ""Comedy""}",ml-latest-small/movies.csv
ml-latest-small,3516,"Bell, Book and Candle (1958)",Comedy|Fantasy|Romance,Comedy,"{""release_year"": 1958, ""primary_genre"": ""Comedy""}",ml-latest-small/movies.csv
ml-latest-small,3519,Force 10 from Navarone (1978),Action|Drama|War,Action,"{""release_year"": 1978, ""primary_genre"": ""Action""}",ml-latest-small/movies.csv
ml-latest-small,3521,Mystery Train (1989),Comedy|Drama,Comedy,"{""release_year"": 1989, ""primary_genre"": ""Comedy""}",ml-latest-small/movies.csv
ml-latest-small,3524,Arthur (1981),Comedy|Romance,Comedy,"{""release_year"": 1981, ""primary_genre"": ""Comedy""}",ml-latest-small/movies.csv
ml-latest-small,3525,Bachelor Party (1984),Comedy,Comedy,"{""release_year"": 1984, ""primary_genre"": ""Comedy""}",ml-latest-small/movies.csv
ml-latest-small,3526,Parenthood (1989),Comedy|Drama,Comedy,"{""release_year"": 1989, ""primary_genre"": ""Comedy""}",ml-latest-small/movies.csv
ml-latest-small,3527,Predator (1987),Action|Sci-Fi|Thriller,Action,"{""release_year"": 1987, ""primary_genre"": ""Action""}",ml-latest-small/movies.csv
ml-latest-small,3528,"Prince of Tides, The (1991)",Drama|Romance,Drama,"{""release_year"": 1991, ""primary_genre"": ""Drama""}",ml-latest-small/movies.csv
ml-latest-small,3529,"Postman Always Rings Twice, The (1981)",Crime|Thriller,Crime,"{""release_year"": 1981, ""primary_genre"": ""Crime""}",ml-latest-small/movies.csv
ml-latest-small,3531,All the Vermeers in New York (1990),Comedy|Drama|Romance,Comedy,"{""release_year"": 1990, ""primary_genre"": ""Comedy""}",ml-latest-small/movies.csv
ml-latest-small,3534,28 Days (2000),Drama,Drama,"{""release_year"": 2000, ""primary_genre"": ""Drama""}",ml-latest-small/movies.csv
ml-latest-small,3535,American Psycho (2000),Crime|Horror|Mystery|Thriller,Crime,"{""release_year"": 2000, ""primary_genre"": ""Crime""}",ml-latest-small/movies.csv
ml-latest-small,3536,Keeping the Faith (2000),Comedy|Drama|Romance,Comedy,"{""release_year"": 2000, ""primary_genre"": ""Comedy""}",ml-latest-small/movies.csv
ml-latest-small,3537,Where the Money Is (2000),Comedy|Drama,Comedy,"{""release_year"": 2000, ""primary_genre"": ""Comedy""}",ml-latest-small/movies.csv
ml-latest-small,3538,East is East (1999),Comedy,Comedy,"{""release_year"": 1999, ""primary_genre"": ""Comedy""}",ml-latest-small/movies.csv
ml-latest-small,3539,"Filth and the Fury, The (2000)",Documentary,Documentary,"{""release_year"": 2000, ""primary_genre"": ""Documentary""}",ml-latest-small/movies.csv
ml-latest-small,3543,Diner (1982),Comedy|Drama,Comedy,"{""release_year"": 1982, ""primary_genre"": ""Comedy""}",ml-latest-small/movies.csv
ml-latest-small,3544,Shakes the Clown (1992),Comedy,Comedy,"{""release_year"": 1992, ""primary_genre"": ""Comedy""}",ml-latest-small/movies.csv
ml-latest-small,3545,Cabaret (1972),Drama|Musical,Drama,"{""release_year"": 1972, ""primary_genre"": ""Drama""}",ml-latest-small/movies.csv
ml-latest-small,3546,What Ever Happened to Baby Jane? (1962),Drama|Horror|Thriller,Drama,"{""release_year"": 1962, ""primary_genre"": ""Drama""}",ml-latest-small/movies.csv
ml-latest-small,3548,Auntie Mame (1958),Comedy|Drama,Comedy,"{""release_year"": 1958, ""primary_genre"": ""Comedy""}",ml-latest-small/movies.csv
ml-latest-small,3549,Guys and Dolls (1955),Comedy|Musical|Romance,Comedy,"{""release_year"": 1955, ""primary_genre"": ""Comedy""}",ml-latest-small/movies.csv
ml-latest-small,3550,The Hunger (1983),Horror,Horror,"{""release_year"": 1983, ""primary_genre"": ""Horror""}",ml-latest-small/movies.csv
ml-latest-small,3551,Marathon Man (1976),Crime|Drama|Thriller,Crime,"{""release_year"": 1976, ""primary_genre"": ""Crime""}",ml-latest-small/movies.csv
ml-latest-small,3552,Caddyshack (1980),Comedy,Comedy,"{""release_year"": 1980, ""primary_genre"": ""Comedy""}",ml-latest-small/movies.csv
ml-latest-small,3553,Gossip (2000),Drama|Thriller,Drama,"{""release_year"": 2000, ""primary_genre"": ""Drama""}",ml-latest-small/movies.csv
ml-latest-small,3554,Love and Basketball (2000),Drama|Romance,Drama,"{""release_year"": 2000, ""primary_genre"": ""Drama""}",ml-latest-small/movies.csv
ml-latest-small,3555,U-571 (2000),Action|Thriller|War,Action,"{""release_year"": 2000, ""primary_genre"": ""Action""}",ml-latest-small/movies.csv
ml-latest-small,3556,"Virgin Suicides, The (1999)",Drama|Romance,Drama,"{""release_year"": 1999, ""primary_genre"": ""Drama""}",ml-latest-small/movies.csv
ml-latest-small,3557,Jennifer 8 (1992),Mystery|Thriller,Mystery,"{""release_year"": 1992, ""primary_genre"": ""Mystery""}",ml-latest-small/movies.csv
ml-latest-small,3559,Limelight (1952),Comedy|Drama|Romance,Comedy,"{""release_year"": 1952, ""primary_genre"": ""Comedy""}",ml-latest-small/movies.csv
ml-latest-small,3563,"Crow: Salvation, The (2000)",Action|Horror,Action,"{""release_year"": 2000, ""primary_genre"": ""Action""}",ml-latest-small/movies.csv
ml-latest-small,3564,"Flintstones in Viva Rock Vegas, The (2000)",Children|Comedy,Children,"{""release_year"": 2000, ""primary_genre"": ""Children""}",ml-latest-small/movies.csv
ml-latest-small,3565,Where the Heart Is (2000),Comedy|Drama,Comedy,"{""release_year"": 2000, ""primary_genre"": ""Comedy""}",ml-latest-small/movies.csv
ml-latest-small,3566,"Big Kahuna, The (2000)",Comedy|Drama,Comedy,"{""release_year"": 2000, ""primary_genre"": ""Comedy""}",ml-latest-small/movies.csv
ml-latest-small,3567,Bossa Nova (2000),Comedy|Drama|Romance,Comedy,"{""release_year"": 2000, ""primary_genre"": ""Comedy""}",ml-latest-small/movies.csv
ml-latest-small,3568,Smiling Fish and Goat on Fire (1999),Comedy|Romance,Comedy,"{""release_year"": 1999, ""primary_genre"": ""Comedy""}",ml-latest-small/movies.csv
ml-latest-small,3569,"Idiots, The (Idioterne) (1998)",Comedy|Drama,Comedy,"{""release_year"": 1998, ""primary_genre"": ""Comedy""}",ml-latest-small/movies.csv
ml-latest-small,3571,Time Code (2000),Comedy|Drama,Comedy,"{""release_year"": 2000, ""primary_genre"": ""Comedy""}",ml-latest-small/movies.csv
ml-latest-small,3572,Carnosaur (1993),Horror|Sci-Fi,Horror,"{""release_year"": 1993, ""primary_genre"": ""Horror""}",ml-latest-small/movies.csv
ml-latest-small,3573,Carnosaur 2 (1995),Horror|Sci-Fi,Horror,"{""release_year"": 1995, ""primary_genre"": ""Horror""}",ml-latest-small/movies.csv
ml-latest-small,3574,Carnosaur 3: Primal Species (1996),Horror|Sci-Fi,Horror,"{""release_year"": 1996, ""primary_genre"": ""Horror""}",ml-latest-small/movies.csv
ml-latest-small,3576,"Hidden, The (1987)",Action|Horror|Sci-Fi,Action,"{""release_year"": 1987, ""primary_genre"": ""Action""}",ml-latest-small/movies.csv
ml-latest-small,3577,Two Moon Junction (1988),Drama|Romance,Drama,"{""release_year"": 1988, ""primary_genre"": ""Drama""}",ml-latest-small/movies.csv
ml-latest-small,3578,Gladiator (2000),Action|Adventure|Drama,Action,"{""release_year"": 2000, ""primary_genre"": ""Action""}",ml-latest-small/movies.csv
ml-latest-small,3580,Up at the Villa (2000),Drama,Drama,"{""release_year"": 2000, ""primary_genre"": ""Drama""}",ml-latest-small/movies.csv
ml-latest-small,3581,Human Traffic (1999),Comedy,Comedy,"{""release_year"": 1999, ""primary_genre"": ""Comedy""}",ml-latest-small/movies.csv
ml-latest-small,3584,Breathless (1983),Action|Drama|Romance|Thriller,Action,"{""release_year"": 1983, ""primary_genre"": ""Action""}",ml-latest-small/movies.csv
ml-latest-small,3586,The Idolmaker (1980),Drama|Romance,Drama,"{""release_year"": 1980, ""primary_genre"": ""Drama""}",ml-latest-small/movies.csv
ml-latest-small,3587,Inferno (1980),Horror,Horror,"{""release_year"": 1980, ""primary_genre"": ""Horror""}",ml-latest-small/movies.csv
ml-latest-small,3590,"Lords of Flatbush, The (1974)",Comedy|Drama,Comedy,"{""release_year"": 1974, ""primary_genre"": ""Comedy""}",ml-latest-small/movies.csv
ml-latest-small,3591,Mr. Mom (1983),Comedy|Drama,Comedy,"{""release_year"": 1983, ""primary_genre"": ""Comedy""}",ml-latest-small/movies.csv
ml-latest-small,3592,"Time Masters (Maîtres du temps, Les) (1982)",Animation|Sci-Fi,Animation,"{""release_year"": 1982, ""primary_genre"": ""Animation""}",ml-latest-small/movies.csv
ml-latest-small,3593,Battlefield Earth (2000),Action|Sci-Fi,Action,"{""release_year"": 2000, ""primary_genre"": ""Action""}",ml-latest-small/movies.csv
ml-latest-small,3594,Center Stage (2000),Drama|Musical,Drama,"{""release_year"": 2000, ""primary_genre"": ""Drama""}",ml-latest-small/movies.csv
ml-latest-small,3596,Screwed (2000),Comedy,Comedy,"{""release_year"": 2000, ""primary_genre"": ""Comedy""}",ml-latest-small/movies.csv
ml-latest-small,3597,Whipped (2000),Comedy,Comedy,"{""release_year"": 2000, ""primary_genre"": ""Comedy""}",ml-latest-small/movies.csv
ml-latest-small,3598,Hamlet (2000),Crime|Drama|Romance|Thriller,Crime,"{""release_year"": 2000, ""primary_genre"": ""Crime""}",ml-latest-small/movies.csv
ml-latest-small,3599,Anchors Aweigh (1945),Comedy|Musical,Comedy,"{""release_year"": 1945, ""primary_genre"": ""Comedy""}",ml-latest-small/movies.csv
ml-latest-small,3604,Gypsy (1962),Musical,Musical,"{""release_year"": 1962, ""primary_genre"": ""Musical""}",ml-latest-small/movies.csv
ml-latest-small,3606,On the Town (1949),Comedy|Musical|Romance,Comedy,"{""release_year"": 1949, ""primary_genre"": ""Comedy""}",ml-latest-small/movies.csv
ml-latest-small,3608,Pee-wee's Big Adventure (1985),Adventure|Comedy,Adventure,"{""release_year"": 1985, ""primary_genre"": ""Adventure""}",ml-latest-small/movies.csv
ml-latest-small,3609,Regret to Inform (1998),Documentary,Documentary,"{""release_year"": 1998, ""primary_genre"": ""Documentary""}",ml-latest-small/movies.csv
ml-latest-small,3614,Honeymoon in Vegas (1992),Comedy|Romance,Comedy,"{""release_year"": 1992, ""primary_genre"": ""Comedy""}",ml-latest-small/movies.csv
ml-latest-small,3615,Dinosaur (2000),Adventure|Animation|Children,Adventure,"{""release_year"": 2000, ""primary_genre"": ""Adventure""}",ml-latest-small/movies.csv
ml-latest-small,3616,Loser (2000),Comedy|Romance,Comedy,"{""release_year"": 2000, ""primary_genre"": ""Comedy""}",ml-latest-small/movies.csv
ml-latest-small,3617,Road Trip (2000),Comedy,Comedy,"{""release_year"": 2000, ""primary_genre"": ""Comedy""}",ml-latest-small/movies.csv
ml-latest-small,3618,Small Time Crooks (2000),Comedy|Crime,Comedy,"{""release_year"": 2000, ""primary_genre"": ""Comedy""}",ml-latest-small/movies.csv
ml-latest-small,3619,"Hollywood Knights, The (1980)",Comedy,Comedy,"{""release_year"": 1980, ""primary_genre"": ""Comedy""}",ml-latest-small/movies.csv
ml-latest-small,3622,"Twelve Chairs, The (1970)",Comedy,Comedy,"{""release_year"": 1970, ""primary_genre"": ""Comedy""}",ml-latest-small/movies.csv
ml-latest-small,3623,Mission: Impossible II (2000),Action|Adventure|Thriller,Action,"{""release_year"": 2000, ""primary_genre"": ""Action""}",ml-latest-small/movies.csv
ml-latest-small,3624,Shanghai Noon (2000),Action|Adventure|Comedy|Western,Action,"{""release_year"": 2000, ""primary_genre"": ""Action""}",ml-latest-small/movies.csv
ml-latest-small,3625,Better Living Through Circuitry (1999),Documentary,Documentary,"{""release_year"": 1999, ""primary_genre"": ""Documentary""}",ml-latest-small/movies.csv
ml-latest-small,3626,8 ½ Women (a.k.a. 8 1/2 Women) (a.k.a. Eight and a Half Women) (1999),Comedy,Comedy,"{""release_year"": 1999, ""primary_genre"": ""Comedy""}",ml-latest-small/movies.csv
ml-latest-small,3627,Carnival of Souls (1962),Horror|Thriller,Horror,"{""release_year"": 1962, ""primary_genre"": ""Horror""}",ml-latest-small/movies.csv
ml-latest-small,3628,Flying Tigers (1942),Action|Drama|Romance|War,Action,"{""release_year"": 1942, ""primary_genre"": ""Action""}",ml-latest-small/movies.csv
ml-latest-small,3629,"Gold Rush, The (1925)",Adventure|Comedy|Romance,Adventure,"{""release_year"": 1925, ""primary_genre"": ""Adventure""}",ml-latest-small/movies.csv
ml-latest-small,3632,Monsieur Verdoux (1947),Comedy|Crime,Comedy,"{""release_year"": 1947, ""primary_genre"": ""Comedy""}",ml-latest-small/movies.csv
ml-latest-small,3633,On Her Majesty's Secret Service (1969),Action|Adventure|Romance|Thriller,Action,"{""release_year"": 1969, ""primary_genre"": ""Action""}",ml-latest-small/movies.csv
ml-latest-small,3634,Seven Days in May (1964),Thriller,Thriller,"{""release_year"": 1964, ""primary_genre"": ""Thriller""}",ml-latest-small/movies.csv
ml-latest-small,3635,"Spy Who Loved Me, The (1977)",Action|Adventure|Thriller,Action,"{""release_year"": 1977, ""primary_genre"": ""Action""}",ml-latest-small/movies.csv
ml-latest-small,3637,Vagabond (Sans toit ni loi) (1985),Drama,Drama,"{""release_year"": 1985, ""primary_genre"": ""Drama""}",ml-latest-small/movies.csv
ml-latest-small,3638,Moonraker (1979),Action|Adventure|Sci-Fi|Thriller,Action,"{""release_year"": 1979, ""primary_genre"": ""Action""}",ml-latest-small/movies.csv
ml-latest-small,3639,"Man with the Golden Gun, The (1974)",Action|Adventure|Thriller,Action,"{""release_year"": 1974, ""primary_genre"": ""Action""}",ml-latest-small/movies.csv
ml-latest-small,3640,"King in New York, A (1957)",Comedy|Drama,Comedy,"{""release_year"": 1957, ""primary_genre"": ""Comedy""}",ml-latest-small/movies.csv
ml-latest-small,3641,"Woman of Paris, A (1923)",Drama,Drama,"{""release_year"": 1923, ""primary_genre"": ""Drama""}",ml-latest-small/movies.csv
ml-latest-small,3643,"Fighting Seabees, The (1944)",Action|Drama|War,Action,"{""release_year"": 1944, ""primary_genre"": ""Action""}",ml-latest-small/movies.csv
ml-latest-small,3646,Big Momma's House (2000),Comedy,Comedy,"{""release_year"": 2000, ""primary_genre"": ""Comedy""}",ml-latest-small/movies.csv
ml-latest-small,3648,"Abominable Snowman, The (Abominable Snowman of the Himalayas, The) (1957)",Horror|Sci-Fi,Horror,"{""release_year"": 1957, ""primary_genre"": ""Horror""}",ml-latest-small/movies.csv
ml-latest-small,3649,American Gigolo (1980),Drama,Drama,"{""release_year"": 1980, ""primary_genre"": ""Drama""}",ml-latest-small/movies.csv
ml-latest-small,3652,"City of the Living Dead (a.k.a. Gates of Hell, The) (Paura nella città dei morti viventi) (1980)",Horror,Horror,"{""release_year"": 1980, ""primary_genre"": ""Horror""}",ml-latest-small/movies.csv
ml-latest-small,3653,"Endless Summer, The (1966)",Documentary,Documentary,"{""release_year"": 1966, ""primary_genre"": ""Documentary""}",ml-latest-small/movies.csv
ml-latest-small,3654,"Guns of Navarone, The (1961)",Action|Adventure|Drama|War,Action,"{""release_year"": 1961, ""primary_genre"": ""Action""}",ml-latest-small/movies.csv
ml-latest-small,3655,Blow-Out (La grande bouffe) (1973),Drama,Drama,"{""release_year"": 1973, ""primary_genre"": ""Drama""}",ml-latest-small/movies.csv
ml-latest-small,3658,Quatermass and the Pit (1967),Horror|Sci-Fi,Horror,"{""release_year"": 1967, ""primary_genre"": ""Horror""}",ml-latest-small/movies.csv
ml-latest-small,3660,Puppet Master (1989),Horror|Sci-Fi|Thriller,Horror,"{""release_year"": 1989, ""primary_genre"": ""Horror""}",ml-latest-small/movies.csv
ml-latest-small,3661,Puppet Master II (1991),Horror|Sci-Fi|Thriller,Horror,"{""release_year"": 1991, ""primary_genre"": ""Horror""}",ml-latest-small/movies.csv
ml-latest-small,3662,Puppet Master III: Toulon's Revenge (1991),Horror|Sci-Fi|Thriller,Horror,"{""release_year"": 1991, ""primary_genre"": ""Horror""}",ml-latest-small/movies.csv
ml-latest-small,3663,Puppet Master 4 (1993),Horror|Sci-Fi|Thriller,Horror,"{""release_year"": 1993, ""primary_genre"": ""Horror""}",ml-latest-small/movies.csv
ml-latest-small,3664,Puppet Master 5: The Final Chapter (1994),Horror|Sci-Fi|Thriller,Horror,"{""release_year"": 1994, ""primary_genre"": ""Horror""}",ml-latest-small/movies.csv
ml-latest-small,3667,Rent-A-Cop (1988),Action|Comedy|Crime,Action,"{""release_year"": 1988, ""primary_genre"": ""Action""}",ml-latest-small/movies.csv
ml-latest-small,3668,Romeo and Juliet (1968),Drama|Romance,Drama,"{""release_year"": 1968, ""primary_genre"": ""Drama""}",ml-latest-small/movies.csv
ml-latest-small,3669,Stay Tuned (1992),Comedy,Comedy,"{""release_year"": 1992, ""primary_genre"": ""Comedy""}",ml-latest-small/movies.csv
ml-latest-small,3671,Blazing Saddles (1974),Comedy|Western,Comedy,"{""release_year"": 1974, ""primary_genre"": ""Comedy""}",ml-latest-small/movies.csv
ml-latest-small,3672,Benji (1974),Adventure|Children,Adventure,"{""release_year"": 1974, ""primary_genre"": ""Adventure""}",ml-latest-small/movies.csv
ml-latest-small,3673,Benji the Hunted (1987),Adventure|Children,Adventure,"{""release_year"": 1987, ""primary_genre"": ""Adventure""}",ml-latest-small/movies.csv
ml-latest-small,3674,For the Love of Benji (1977),Adventure|Children|Comedy|Drama,Adventure,"{""release_year"": 1977, ""primary_genre"": ""Adventure""}",ml-latest-small/movies.csv
ml-latest-small,3675,White Christmas (1954),Comedy|Musical|Romance,Comedy,"{""release_year"": 1954, ""primary_genre"": ""Comedy""}",ml-latest-small/movies.csv
ml-latest-small,3676,Eraserhead (1977),Drama|Horror,Drama,"{""release_year"": 1977, ""primary_genre"": ""Drama""}",ml-latest-small/movies.csv
ml-latest-small,3677,Baraka (1992),Documentary,Documentary,"{""release_year"": 1992, ""primary_genre"": ""Documentary""}",ml-latest-small/movies.csv
ml-latest-small,3678,"Man with the Golden Arm, The (1955)",Drama,Drama,"{""release_year"": 1955, ""primary_genre"": ""Drama""}",ml-latest-small/movies.csv
ml-latest-small,3679,"Decline of Western Civilization, The (1981)",Documentary|Musical,Documentary,"{""release_year"": 1981, ""primary_genre"": ""Documentary""}",ml-latest-small/movies.csv
ml-latest-small,3680,"Decline of Western Civilization Part II: The Metal Years, The (1988)",Documentary,Documentary,"{""release_year"": 1988, ""primary_genre"": ""Documentary""}",ml-latest-small/movies.csv
ml-latest-small,3681,For a Few Dollars More (Per qualche dollaro in più) (1965),Action|Drama|Thriller|Western,Action,"{""release_year"": 1965, ""primary_genre"": ""Action""}",ml-latest-small/movies.csv
ml-latest-small,3682,Magnum Force (1973),Action|Crime|Drama|Thriller,Action,"{""release_year"": 1973, ""primary_genre"": ""Action""}",ml-latest-small/movies.csv
ml-latest-small,3683,Blood Simple (1984),Crime|Drama|Film-Noir,Crime,"{""release_year"": 1984, ""primary_genre"": ""Crime""}",ml-latest-small/movies.csv
ml-latest-small,3684,"Fabulous Baker Boys, The (1989)",Drama|Romance,Drama,"{""release_year"": 1989, ""primary_genre"": ""Drama""}",ml-latest-small/movies.csv
ml-latest-small,3685,Prizzi's Honor (1985),Comedy|Drama|Romance,Comedy,"{""release_year"": 1985, ""primary_genre"": ""Comedy""}",ml-latest-small/movies.csv
ml-latest-small,3686,Flatliners (1990),Horror|Sci-Fi|Thriller,Horror,"{""release_year"": 1990, ""primary_genre"": ""Horror""}",ml-latest-small/movies.csv
ml-latest-small,3687,Light Years (Gandahar) (1988),Adventure|Animation|Fantasy|Sci-Fi,Adventure,"{""release_year"": 1988, ""primary_genre"": ""Adventure""}",ml-latest-small/movies.csv
ml-latest-small,3688,Porky's (1982),Comedy,Comedy,"{""release_year"": 1982, ""primary_genre"": ""Comedy""}",ml-latest-small/movies.csv
ml-latest-small,3689,Porky's II: The Next Day (1983),Comedy,Comedy,"{""release_year"": 1983, ""primary_genre"": ""Comedy""}",ml-latest-small/movies.csv
ml-latest-small,3690,Porky's Revenge (1985),Comedy,Comedy,"{""release_year"": 1985, ""primary_genre"": ""Comedy""}",ml-latest-small/movies.csv
ml-latest-small,3691,Private School (1983),Comedy,Comedy,"{""release_year"": 1983, ""primary_genre"": ""Comedy""}",ml-latest-small/movies.csv
ml-latest-small,3692,Class of Nuke 'Em High (1986),Comedy|Horror,Comedy,"{""release_year"": 1986, ""primary_genre"": ""Comedy""}",ml-latest-small/movies.csv
ml-latest-small,3693,"Toxic Avenger, The (1985)",Comedy|Horror,Comedy,"{""release_year"": 1985, ""primary_genre"": ""Comedy""}",ml-latest-small/movies.csv
ml-latest-small,3694,"Toxic Avenger, Part II, The (1989)",Comedy|Horror,Comedy,"{""release_year"": 1989, ""primary_genre"": ""Comedy""}",ml-latest-small/movies.csv
ml-latest-small,3695,"Toxic Avenger Part III: The Last Temptation of Toxie, The (1989)",Comedy|Horror,Comedy,"{""release_year"": 1989, ""primary_genre"": ""Comedy""}",ml-latest-small/movies.csv
ml-latest-small,3696,Night of the Creeps (1986),Comedy|Horror|Sci-Fi|Thriller,Comedy,"{""release_year"": 1986, ""primary_genre"": ""Comedy""}",ml-latest-small/movies.csv
ml-latest-small,3697,Predator 2 (1990),Action|Sci-Fi|Thriller,Action,"{""release_year"": 1990, ""primary_genre"": ""Action""}",ml-latest-small/movies.csv
ml-latest-small,3698,"Running Man, The (1987)",Action|Sci-Fi,Action,"{""release_year"": 1987, ""primary_genre"": ""Action""}",ml-latest-small/movies.csv
ml-latest-small,3699,Starman (1984),Adventure|Drama|Romance|Sci-Fi,Adventure,"{""release_year"": 1984, ""primary_genre"": ""Adventure""}",ml-latest-small/movies.csv
ml-latest-small,3700,"Brother from Another Planet, The (1984)",Drama|Sci-Fi,Drama,"{""release_year"": 1984, ""primary_genre"": ""Drama""}",ml-latest-small/movies.csv
ml-latest-small,3701,Alien Nation (1988),Crime|Drama|Sci-Fi|Thriller,Crime,"{""release_year"": 1988, ""primary_genre"": ""Crime""}",ml-latest-small/movies.csv
ml-latest-small,3702,Mad Max (1979),Action|Adventure|Sci-Fi,Action,"{""release_year"": 1979, ""primary_genre"": ""Action""}",ml-latest-small/movies.csv
ml-latest-small,3703,"Road Warrior, The (Mad Max 2) (1981)",Action|Adventure|Sci-Fi|Thriller,Action,"{""release_year"": 1981, ""primary_genre"": ""Action""}",ml-latest-small/movies.csv
ml-latest-small,3704,Mad Max Beyond Thunderdome (1985),Action|Adventure|Sci-Fi,Action,"{""release_year"": 1985, ""primary_genre"": ""Action""}",ml-latest-small/movies.csv
ml-latest-small,3705,Bird on a Wire (1990),Action|Comedy|Romance,Action,"{""release_year"": 1990, ""primary_genre"": ""Action""}",ml-latest-small/movies.csv
ml-latest-small,3706,Angel Heart (1987),Film-Noir|Horror|Mystery|Thriller,Film-Noir,"{""release_year"": 1987, ""primary_genre"": ""Film-Noir""}",ml-latest-small/movies.csv
ml-latest-small,3707,9 1/2 Weeks (Nine 1/2 Weeks) (1986),Drama|Romance,Drama,"{""release_year"": 1986, ""primary_genre"": ""Drama""}",ml-latest-small/movies.csv
ml-latest-small,3708,Firestarter (1984),Horror|Thriller,Horror,"{""release_year"": 1984, ""primary_genre"": ""Horror""}",ml-latest-small/movies.csv
ml-latest-small,3709,Sleepwalkers (1992),Horror,Horror,"{""release_year"": 1992, ""primary_genre"": ""Horror""}",ml-latest-small/movies.csv
ml-latest-small,3710,Action Jackson (1988),Action|Comedy|Crime|Thriller,Action,"{""release_year"": 1988, ""primary_genre"": ""Action""}",ml-latest-small/movies.csv
ml-latest-small,3711,Sarafina! (1992),Drama,Drama,"{""release_year"": 1992, ""primary_genre"": ""Drama""}",ml-latest-small/movies.csv
ml-latest-small,3712,Soapdish (1991),Comedy,Comedy,"{""release_year"": 1991, ""primary_genre"": ""Comedy""}",ml-latest-small/movies.csv
ml-latest-small,3713,"Long Walk Home, The (1990)",Drama,Drama,"{""release_year"": 1990, ""primary_genre"": ""Drama""}",ml-latest-small/movies.csv
ml-latest-small,3714,Clara's Heart (1988),Drama,Drama,"{""release_year"": 1988, ""primary_genre"": ""Drama""}",ml-latest-small/movies.csv
ml-latest-small,3715,Burglar (1987),Comedy|Crime,Comedy,"{""release_year"": 1987, ""primary_genre"": ""Comedy""}",ml-latest-small/movies.csv
ml-latest-small,3716,Fatal Beauty (1987),Action|Comedy|Crime|Drama,Action,"{""release_year"": 1987, ""primary_genre"": ""Action""}",ml-latest-small/movies.csv
ml-latest-small,3717,Gone in 60 Seconds (2000),Action|Crime,Action,"{""release_year"": 2000, ""primary_genre"": ""Action""}",ml-latest-small/movies.csv
ml-latest-small,3719,Love's Labour's Lost (2000),Comedy|Romance,Comedy,"{""release_year"": 2000, ""primary_genre"": ""Comedy""}",ml-latest-small/movies.csv
ml-latest-small,3720,Sunshine (1999),Drama,Drama,"{""release_year"": 1999, ""primary_genre"": ""Drama""}",ml-latest-small/movies.csv
ml-latest-small,3723,Hamlet (1990),Drama,Drama,"{""release_year"": 1990, ""primary_genre"": ""Drama""}",ml-latest-small/movies.csv
ml-latest-small,3724,Coming Home (1978),Drama|War,Drama,"{""release_year"": 1978, ""primary_genre"": ""Drama""}",ml-latest-small/movies.csv
ml-latest-small,3725,American Pop (1981),Animation|Musical,Animation,"{""release_year"": 1981, ""primary_genre"": ""Animation""}",ml-latest-small/movies.csv
ml-latest-small,3726,Assault on Precinct 13 (1976),Action|Thriller,Action,"{""release_year"": 1976, ""primary_genre"": ""Action""}",ml-latest-small/movies.csv
ml-latest-small,3727,Near Dark (1987),Horror|Western,Horror,"{""release_year"": 1987, ""primary_genre"": ""Horror""}",ml-latest-small/movies.csv
ml-latest-small,3728,One False Move (1992),Crime|Drama|Film-Noir|Thriller,Crime,"{""release_year"": 1992, ""primary_genre"": ""Crime""}",ml-latest-small/movies.csv
ml-latest-small,3729,Shaft (1971),Action|Crime|Drama|Thriller,Action,"{""release_year"": 1971, ""primary_genre"": ""Action""}",ml-latest-small/movies.csv
ml-latest-small,3730,"Conversation, The (1974)",Drama|Mystery,Drama,"{""release_year"": 1974, ""primary_genre"": ""Drama""}",ml-latest-small/movies.csv
ml-latest-small,3731,Cutter's Way (1981),Drama|Thriller,Drama,"{""release_year"": 1981, ""primary_genre"": ""Drama""}",ml-latest-small/movies.csv
ml-latest-small,3732,"Fury, The (1978)",Horror,Horror,"{""release_year"": 1978, ""primary_genre"": ""Horror""}",ml-latest-small/movies.csv
ml-latest-small,3733,"Paper Chase, The (1973)",Drama,Drama,"{""release_year"": 1973, ""primary_genre"": ""Drama""}",ml-latest-small/movies.csv
ml-latest-small,3735,Serpico (1973),Crime|Drama,Crime,"{""release_year"": 1973, ""primary_genre"": ""Crime""}",ml-latest-small/movies.csv
ml-latest-small,3736,"Ace in the Hole (Big Carnival, The) (1951)",Drama,Drama,"{""release_year"": 1951, ""primary_genre"": ""Drama""}",ml-latest-small/movies.csv
ml-latest-small,3737,Lonely Are the Brave (1962),Drama|Western,Drama,"{""release_year"": 1962, ""primary_genre"": ""Drama""}",ml-latest-small/movies.csv
ml-latest-small,3738,"Sugarland Express, The (1974)",Drama,Drama,"{""release_year"": 1974, ""primary_genre"": ""Drama""}",ml-latest-small/movies.csv
ml-latest-small,3739,Trouble in Paradise (1932),Comedy|Romance,Comedy,"{""release_year"": 1932, ""primary_genre"": ""Comedy""}",ml-latest-small/movies.csv
ml-latest-small,3740,Big Trouble in Little China (1986),Action|Adventure|Comedy|Fantasy,Action,"{""release_year"": 1986, ""primary_genre"": ""Action""}",ml-latest-small/movies.csv
ml-latest-small,3741,Badlands (1973),Crime|Drama|Thriller,Crime,"{""release_year"": 1973, ""primary_genre"": ""Crime""}",ml-latest-small/movies.csv
ml-latest-small,3742,Battleship Potemkin (1925),Drama|War,Drama,"{""release_year"": 1925, ""primary_genre"": ""Drama""}",ml-latest-small/movies.csv
ml-latest-small,3743,Boys and Girls (2000),Comedy|Romance,Comedy,"{""release_year"": 2000, ""primary_genre"": ""Comedy""}",ml-latest-small/movies.csv
ml-latest-small,3744,Shaft (2000),Action|Crime|Thriller,Action,"{""release_year"": 2000, ""primary_genre"": ""Action""}",ml-latest-small/movies.csv
ml-latest-small,3745,Titan A.E. (2000),Action|Adventure|Animation|Children|Sci-Fi,Action,"{""release_year"": 2000, ""primary_genre"": ""Action""}",ml-latest-small/movies.csv
ml-latest-small,3746,Butterfly (La lengua de las mariposas) (1999),Drama,Drama,"{""release_year"": 1999, ""primary_genre"": ""Drama""}",ml-latest-small/movies.csv
ml-latest-small,3747,Jesus' Son (1999),Drama,Drama,"{""release_year"": 1999, ""primary_genre"": ""Drama""}",ml-latest-small/movies.csv
ml-latest-small,3751,Chicken Run (2000),Animation|Children|Comedy,Animation,"{""release_year"": 2000, ""primary_genre"": ""Animation""}",ml-latest-small/movies.csv
ml-latest-small,3752,"Me, Myself & Irene (2000)",Adventure|Comedy,Adventure,"{""release_year"": 2000, ""primary_genre"": ""Adventure""}",ml-latest-small/movies.csv
ml-latest-small,3753,"Patriot, The (2000)",Action|Drama|War,Action,"{""release_year"": 2000, ""primary_genre"": ""Action""}",ml-latest-small/movies.csv
ml-latest-small,3754,"Adventures of Rocky and Bullwinkle, The (2000)",Adventure|Animation|Children|Comedy|Fantasy,Adventure,"{""release_year"": 2000, ""primary_genre"": ""Adventure""}",ml-latest-small/movies.csv
ml-latest-small,3755,"Perfect Storm, The (2000)",Drama|Thriller,Drama,"{""release_year"": 2000, ""primary_genre"": ""Drama""}",ml-latest-small/movies.csv
ml-latest-small,3756,"Golden Bowl, The (2000)",Drama,Drama,"{""release_year"": 2000, ""primary_genre"": ""Drama""}",ml-latest-small/movies.csv
ml-latest-small,3758,Communion (1989),Drama|Sci-Fi|Thriller,Drama,"{""release_year"": 1989, ""primary_genre"": ""Drama""}",ml-latest-small/movies.csv
ml-latest-small,3760,"Kentucky Fried Movie, The (1977)",Comedy,Comedy,"{""release_year"": 1977, ""primary_genre"": ""Comedy""}",ml-latest-small/movies.csv
ml-latest-small,3761,"Blood In, Blood Out (1993)",Action|Crime|Drama|Thriller,Action,"{""release_year"": 1993, ""primary_genre"": ""Action""}",ml-latest-small/movies.csv
ml-latest-small,3763,F/X (1986),Action|Crime|Thriller,Action,"{""release_year"": 1986, ""primary_genre"": ""Action""}",ml-latest-small/movies.csv
ml-latest-small,3764,F/X2 (a.k.a. F/X 2 - The Deadly Art of Illusion) (1991),Action|Crime|Thriller,Action,"{""release_year"": 1991, ""primary_genre"": ""Action""}",ml-latest-small/movies.csv
ml-latest-small,3765,"Hot Spot, The (1990)",Crime|Drama|Romance,Crime,"{""release_year"": 1990, ""primary_genre"": ""Crime""}",ml-latest-small/movies.csv
ml-latest-small,3766,Missing in Action (1984),Action|War,Action,"{""release_year"": 1984, ""primary_genre"": ""Action""}",ml-latest-small/movies.csv
ml-latest-small,3767,Missing in Action 2: The Beginning (1985),Action|War,Action,"{""release_year"": 1985, ""primary_genre"": ""Action""}",ml-latest-small/movies.csv
ml-latest-small,3768,Braddock: Missing in Action III (1988),Action|War,Action,"{""release_year"": 1988, ""primary_genre"": ""Action""}",ml-latest-small/movies.csv
ml-latest-small,3769,Thunderbolt and Lightfoot (1974),Action,Action,"{""release_year"": 1974, ""primary_genre"": ""Action""}",ml-latest-small/movies.csv
ml-latest-small,3770,Dreamscape (1984),Horror|Sci-Fi|Thriller,Horror,"{""release_year"": 1984, ""primary_genre"": ""Horror""}",ml-latest-small/movies.csv
ml-latest-small,3771,The Golden Voyage of Sinbad (1973),Action|Adventure|Fantasy,Action,"{""release_year"": 1973, ""primary_genre"": ""Action""}",ml-latest-small/movies.csv
ml-latest-small,3773,House Party (1990),Comedy,Comedy,"{""release_year"": 1990, ""primary_genre"": ""Comedy""}",ml-latest-small/movies.csv
ml-latest-small,3774,House Party 2 (1991),Comedy|Drama|Romance,Comedy,"{""release_year"": 1991, ""primary_genre"": ""Comedy""}",ml-latest-small/movies.csv
ml-latest-small,3783,Croupier (1998),Crime|Drama,Crime,"{""release_year"": 1998, ""primary_genre"": ""Crime""}",ml-latest-small/movies.csv
ml-latest-small,3784,"Kid, The (2000)",Comedy|Fantasy,Comedy,"{""release_year"": 2000, ""primary_genre"": ""Comedy""}",ml-latest-small/movies.csv
ml-latest-small,3785,Scary Movie (2000),Comedy|Horror,Comedy,"{""release_year"": 2000, ""primary_genre"": ""Comedy""}",ml-latest-small/movies.csv
ml-latest-small,3786,But I'm a Cheerleader (1999),Comedy,Comedy,"{""release_year"": 1999, ""primary_genre"": ""Comedy""}",ml-latest-small/movies.csv
ml-latest-small,3787,Shower (Xizao) (1999),Comedy,Comedy,"{""release_year"": 1999, ""primary_genre"": ""Comedy""}",ml-latest-small/movies.csv
ml-latest-small,3788,Blow-Up (Blowup) (1966),Drama|Mystery,Drama,"{""release_year"": 1966, ""primary_genre"": ""Drama""}",ml-latest-small/movies.csv
ml-latest-small,3789,"Pawnbroker, The (1964)",Drama,Drama,"{""release_year"": 1964, ""primary_genre"": ""Drama""}",ml-latest-small/movies.csv
ml-latest-small,3790,Groove (2000),Drama,Drama,"{""release_year"": 2000, ""primary_genre"": ""Drama""}",ml-latest-small/movies.csv
ml-latest-small,3791,Footloose (1984),Drama,Drama,"{""release_year"": 1984, ""primary_genre"": ""Drama""}",ml-latest-small/movies.csv
ml-latest-small,3792,Duel in the Sun (1946),Drama|Romance|Western,Drama,"{""release_year"": 1946, ""primary_genre"": ""Drama""}",ml-latest-small/movies.csv
ml-latest-small,3793,X-Men (2000),Action|Adventure|Sci-Fi,Action,"{""release_year"": 2000, ""primary_genre"": ""Action""}",ml-latest-small/movies.csv
ml-latest-small,3794,Chuck & Buck (2000),Comedy|Drama,Comedy,"{""release_year"": 2000, ""primary_genre"": ""Comedy""}",ml-latest-small/movies.csv
ml-latest-small,3795,"Five Senses, The (1999)",Drama,Drama,"{""release_year"": 1999, ""primary_genre"": ""Drama""}",ml-latest-small/movies.csv
ml-latest-small,3797,"In Crowd, The (2000)",Thriller,Thriller,"{""release_year"": 2000, ""primary_genre"": ""Thriller""}",ml-latest-small/movies.csv
ml-latest-small,3798,What Lies Beneath (2000),Drama|Horror|Mystery,Drama,"{""release_year"": 2000, ""primary_genre"": ""Drama""}",ml-latest-small/movies.csv
ml-latest-small,3799,Pokémon the Movie 2000 (2000),Animation|Children,Animation,"{""release_year"": 2000, ""primary_genre"": ""Animation""}",ml-latest-small/movies.csv
ml-latest-small,3801,Anatomy of a Murder (1959),Drama|Mystery,Drama,"{""release_year"": 1959, ""primary_genre"": ""Drama""}",ml-latest-small/movies.csv
ml-latest-small,3802,Freejack (1992),Action|Sci-Fi,Action,"{""release_year"": 1992, ""primary_genre"": ""Action""}",ml-latest-small/movies.csv
ml-latest-small,3806,Mackenna's Gold (1969),Western,Western,"{""release_year"": 1969, ""primary_genre"": ""Western""}",ml-latest-small/movies.csv
ml-latest-small,3807,Sinbad and the Eye of the Tiger (1977),Adventure|Fantasy,Adventure,"{""release_year"": 1977, ""primary_genre"": ""Adventure""}",ml-latest-small/movies.csv
ml-latest-small,3808,"Two Women (Ciociara, La) (1960)",Drama|War,Drama,"{""release_year"": 1960, ""primary_genre"": ""Drama""}",ml-latest-small/movies.csv
ml-latest-small,3809,What About Bob? (1991),Comedy,Comedy,"{""release_year"": 1991, ""primary_genre"": ""Comedy""}",ml-latest-small/movies.csv
ml-latest-small,3810,White Sands (1992),Drama|Thriller,Drama,"{""release_year"": 1992, ""primary_genre"": ""Drama""}",ml-latest-small/movies.csv
ml-latest-small,3811,Breaker Morant (1980),Drama|War,Drama,"{""release_year"": 1980, ""primary_genre"": ""Drama""}",ml-latest-small/movies.csv
ml-latest-small,3812,Everything You Always Wanted to Know About Sex * But Were Afraid to Ask (1972),Comedy,Comedy,"{""release_year"": 1972, ""primary_genre"": ""Comedy""}",ml-latest-small/movies.csv
ml-latest-small,3813,Interiors (1978),Drama,Drama,"{""release_year"": 1978, ""primary_genre"": ""Drama""}",ml-latest-small/movies.csv
ml-latest-small,3814,Love and Death (1975),Comedy,Comedy,"{""release_year"": 1975, ""primary_genre"": ""Comedy""}",ml-latest-small/movies.csv
ml-latest-small,3816,"Official Story, The (La historia oficial) (1985)",Drama,Drama,"{""release_year"": 1985, ""primary_genre"": ""Drama""}",ml-latest-small/movies.csv
ml-latest-small,3819,Tampopo (1985),Comedy,Comedy,"{""release_year"": 1985, ""primary_genre"": ""Comedy""}",ml-latest-small/movies.csv
ml-latest-small,3821,Nutty Professor II: The Klumps (2000),Comedy,Comedy,"{""release_year"": 2000, ""primary_genre"": ""Comedy""}",ml-latest-small/movies.csv
ml-latest-small,3822,"Girl on the Bridge, The (Fille sur le pont, La) (1999)",Drama|Romance,Drama,"{""release_year"": 1999, ""primary_genre"": ""Drama""}",ml-latest-small/movies.csv
ml-latest-small,3823,Wonderland (1999),Drama,Drama,"{""release_year"": 1999, ""primary_genre"": ""Drama""}",ml-latest-small/movies.csv
ml-latest-small,3824,Autumn in New York (2000),Drama|Romance,Drama,"{""release_year"": 2000, ""primary_genre"": ""Drama""}",ml-latest-small/movies.csv
ml-latest-small,3825,Coyote Ugly (2000),Comedy|Drama|Romance,Comedy,"{""release_year"": 2000, ""primary_genre"": ""Comedy""}",ml-latest-small/movies.csv
ml-latest-small,3826,Hollow Man (2000),Horror|Sci-Fi|Thriller,Horror,"{""release_year"": 2000, ""primary_genre"": ""Horror""}",ml-latest-small/movies.csv
ml-latest-small,3827,Space Cowboys (2000),Action|Adventure|Comedy|Sci-Fi,Action,"{""release_year"": 2000, ""primary_genre"": ""Action""}",ml-latest-small/movies.csv
ml-latest-small,3830,Psycho Beach Party (2000),Comedy|Horror|Thriller,Comedy,"{""release_year"": 2000, ""primary_genre"": ""Comedy""}",ml-latest-small/movies.csv
ml-latest-small,3831,Saving Grace (2000),Comedy,Comedy,"{""release_year"": 2000, ""primary_genre"": ""Comedy""}",ml-latest-small/movies.csv
ml-latest-small,3832,"Black Sabbath (Tre volti della paura, I) (1963)",Horror,Horror,"{""release_year"": 1963, ""primary_genre"": ""Horror""}",ml-latest-small/movies.csv
ml-latest-small,3833,"Brain That Wouldn't Die, The (1962)",Horror|Sci-Fi,Horror,"{""release_year"": 1962, ""primary_genre"": ""Horror""}",ml-latest-small/movies.csv
ml-latest-small,3834,Bronco Billy (1980),Adventure|Drama|Romance,Adventure,"{""release_year"": 1980, ""primary_genre"": ""Adventure""}",ml-latest-small/movies.csv
ml-latest-small,3835,"Crush, The (1993)",Thriller,Thriller,"{""release_year"": 1993, ""primary_genre"": ""Thriller""}",ml-latest-small/movies.csv
ml-latest-small,3836,Kelly's Heroes (1970),Action|Comedy|War,Action,"{""release_year"": 1970, ""primary_genre"": ""Action""}",ml-latest-small/movies.csv
ml-latest-small,3837,Phantasm II (1988),Action|Fantasy|Horror|Sci-Fi|Thriller,Action,"{""release_year"": 1988, ""primary_genre"": ""Action""}",ml-latest-small/movies.csv
ml-latest-small,3838,Phantasm III: Lord of the Dead (1994),Horror,Horror,"{""release_year"": 1994, ""primary_genre"": ""Horror""}",ml-latest-small/movies.csv
ml-latest-small,3839,Phantasm IV: Oblivion (1998),Horror,Horror,"{""release_year"": 1998, ""primary_genre"": ""Horror""}",ml-latest-small/movies.csv
ml-latest-small,3840,Pumpkinhead (1988),Horror,Horror,"{""release_year"": 1988, ""primary_genre"": ""Horror""}",ml-latest-small/movies.csv
ml-latest-small,3841,Air America (1990),Action|Comedy,Action,"{""release_year"": 1990, ""primary_genre"": ""Action""}",ml-latest-small/movies.csv
ml-latest-small,3843,Sleepaway Camp (1983),Horror,Horror,"{""release_year"": 1983, ""primary_genre"": ""Horror""}",ml-latest-small/movies.csv
ml-latest-small,3844,Steel Magnolias (1989),Drama,Drama,"{""release_year"": 1989, ""primary_genre"": ""Drama""}",ml-latest-small/movies.csv
ml-latest-small,3845,And God Created Woman (Et Dieu... créa la femme) (1956),Drama,Drama,"{""release_year"": 1956, ""primary_genre"": ""Drama""}",ml-latest-small/movies.csv
ml-latest-small,3846,Easy Money (1983),Comedy,Comedy,"{""release_year"": 1983, ""primary_genre"": ""Comedy""}",ml-latest-small/movies.csv
ml-latest-small,3847,"Ilsa, She Wolf of the SS (1974)",Horror,Horror,"{""release_year"": 1974, ""primary_genre"": ""Horror""}",ml-latest-small/movies.csv
ml-latest-small,3849,The Spiral Staircase (1945),Horror|Mystery|Thriller,Horror,"{""release_year"": 1945, ""primary_genre"": ""Horror""}",ml-latest-small/movies.csv
ml-latest-small,3851,I'm the One That I Want (2000),Comedy,Comedy,"{""release_year"": 2000, ""primary_genre"": ""Comedy""}",ml-latest-small/movies.csv
ml-latest-small,3852,"Tao of Steve, The (2000)",Comedy,Comedy,"{""release_year"": 2000, ""primary_genre"": ""Comedy""}",ml-latest-small/movies.csv
ml-latest-small,3855,"Affair of Love, An (Liaison pornographique, Une) (1999)",Drama|Romance,Drama,"{""release_year"": 1999, ""primary_genre"": ""Drama""}",ml-latest-small/movies.csv
ml-latest-small,3857,Bless the Child (2000),Thriller,Thriller,"{""release_year"": 2000, ""primary_genre"": ""Thriller""}",ml-latest-small/movies.csv
ml-latest-small,3858,Cecil B. DeMented (2000),Comedy,Comedy,"{""release_year"": 2000, ""primary_genre"": ""Comedy""}",ml-latest-small/movies.csv
ml-latest-small,3859,"Eyes of Tammy Faye, The (2000)",Documentary,Documentary,"{""release_year"": 2000, ""primary_genre"": ""Documentary""}",ml-latest-small/movies.csv
ml-latest-small,3861,"Replacements, The (2000)",Comedy,Comedy,"{""release_year"": 2000, ""primary_genre"": ""Comedy""}",ml-latest-small/movies.csv
ml-latest-small,3862,About Adam (2000),Comedy,Comedy,"{""release_year"": 2000, ""primary_genre"": ""Comedy""}",ml-latest-small/movies.csv
ml-latest-small,3863,"Cell, The (2000)",Drama|Horror|Thriller,Drama,"{""release_year"": 2000, ""primary_genre"": ""Drama""}",ml-latest-small/movies.csv
ml-latest-small,3864,Godzilla 2000 (Gojira ni-sen mireniamu) (1999),Action|Adventure|Sci-Fi,Action,"{""release_year"": 1999, ""primary_genre"": ""Action""}",ml-latest-small/movies.csv
ml-latest-small,3865,"Original Kings of Comedy, The (2000)",Comedy|Documentary,Comedy,"{""release_year"": 2000, ""primary_genre"": ""Comedy""}",ml-latest-small/movies.csv
ml-latest-small,3868,"Naked Gun: From the Files of Police Squad!, The (1988)",Action|Comedy|Crime|Romance,Action,"{""release_year"": 1988, ""primary_genre"": ""Action""}",ml-latest-small/movies.csv
ml-latest-small,3869,"Naked Gun 2 1/2: The Smell of Fear, The (1991)",Comedy,Comedy,"{""release_year"": 1991, ""primary_genre"": ""Comedy""}",ml-latest-small/movies.csv
ml-latest-small,3870,Our Town (1940),Drama,Drama,"{""release_year"": 1940, ""primary_genre"": ""Drama""}",ml-latest-small/movies.csv
ml-latest-small,3871,Shane (1953),Drama|Western,Drama,"{""release_year"": 1953, ""primary_genre"": ""Drama""}",ml-latest-small/movies.csv
ml-latest-small,3872,"Suddenly, Last Summer (1959)",Drama,Drama,"{""release_year"": 1959, ""primary_genre"": ""Drama""}",ml-latest-small/movies.csv
ml-latest-small,3873,Cat Ballou (1965),Comedy|Western,Comedy,"{""release_year"": 1965, ""primary_genre"": ""Comedy""}",ml-latest-small/movies.csv
ml-latest-small,3877,Supergirl (1984),Action|Adventure|Fantasy,Action,"{""release_year"": 1984, ""primary_genre"": ""Action""}",ml-latest-small/movies.csv
ml-latest-small,3879,"Art of War, The (2000)",Action|Thriller,Action,"{""release_year"": 2000, ""primary_genre"": ""Action""}",ml-latest-small/movies.csv
ml-latest-small,3882,Bring It On (2000),Comedy,Comedy,"{""release_year"": 2000, ""primary_genre"": ""Comedy""}",ml-latest-small/movies.csv
ml-latest-small,3884,"Crew, The (2000)",Comedy,Comedy,"{""release_year"": 2000, ""primary_genre"": ""Comedy""}",ml-latest-small/movies.csv
ml-latest-small,3888,Skipped Parts (2000),Drama|Romance,Drama,"{""release_year"": 2000, ""primary_genre"": ""Drama""}",ml-latest-small/movies.csv
ml-latest-small,3889,Highlander: Endgame (Highlander IV) (2000),Action|Adventure|Fantasy,Action,"{""release_year"": 2000, ""primary_genre"": ""Action""}",ml-latest-small/movies.csv
ml-latest-small,3893,Nurse Betty (2000),Comedy|Crime|Drama|Romance|Thriller,Comedy,"{""release_year"": 2000, ""primary_genre"": ""Comedy""}",ml-latest-small/movies.csv
ml-latest-small,3894,Solas (1999),Drama,Drama,"{""release_year"": 1999, ""primary_genre"": ""Drama""}",ml-latest-small/movies.csv
ml-latest-small,3895,"Watcher, The (2000)",Crime|Thriller,Crime,"{""release_year"": 2000, ""primary_genre"": ""Crime""}",ml-latest-small/movies.csv
ml-latest-small,3896,"Way of the Gun, The (2000)",Crime|Thriller,Crime,"{""release_year"": 2000, ""primary_genre"": ""Crime""}",ml-latest-small/movies.csv
ml-latest-small,3897,Almost Famous (2000),Drama,Drama,"{""release_year"": 2000, ""primary_genre"": ""Drama""}",ml-latest-small/movies.csv
ml-latest-small,3898,Bait (2000),Action|Comedy,Action,"{""release_year"": 2000, ""primary_genre"": ""Action""}",ml-latest-small/movies.csv
ml-latest-small,3899,Circus (2000),Crime|Drama|Thriller,Crime,"{""release_year"": 2000, ""primary_genre"": ""Crime""}",ml-latest-small/movies.csv
ml-latest-small,3900,Crime and Punishment in Suburbia (2000),Comedy|Drama,Comedy,"{""release_year"": 2000, ""primary_genre"": ""Comedy""}",ml-latest-small/movies.csv
ml-latest-small,3901,Duets (2000),Comedy|Drama,Comedy,"{""release_year"": 2000, ""primary_genre"": ""Comedy""}",ml-latest-small/movies.csv
ml-latest-small,3906,Under Suspicion (2000),Crime|Thriller,Crime,"{""release_year"": 2000, ""primary_genre"": ""Crime""}",ml-latest-small/movies.csv
ml-latest-small,3908,Urban Legends: Final Cut (2000),Horror,Horror,"{""release_year"": 2000, ""primary_genre"": ""Horror""}",ml-latest-small/movies.csv
ml-latest-small,3909,Woman on Top (2000),Comedy|Romance,Comedy,"{""release_year"": 2000, ""primary_genre"": ""Comedy""}",ml-latest-small/movies.csv
ml-latest-small,3910,Dancer in the Dark (2000),Drama|Musical,Drama,"{""release_year"": 2000, ""primary_genre"": ""Drama""}",ml-latest-small/movies.csv
ml-latest-small,3911,Best in Show (2000),Comedy,Comedy,"{""release_year"": 2000, ""primary_genre"": ""Comedy""}",ml-latest-small/movies.csv
ml-latest-small,3912,Beautiful (2000),Comedy|Drama,Comedy,"{""release_year"": 2000, ""primary_genre"": ""Comedy""}",ml-latest-small/movies.csv
ml-latest-small,3914,"Broken Hearts Club, The (2000)",Drama,Drama,"{""release_year"": 2000, ""primary_genre"": ""Drama""}",ml-latest-small/movies.csv
ml-latest-small,3915,Girlfight (2000),Drama,Drama,"{""release_year"": 2000, ""primary_genre"": ""Drama""}",ml-latest-small/movies.csv
ml-latest-small,3916,Remember the Titans (2000),Drama,Drama,"{""release_year"": 2000, ""primary_genre"": ""Drama""}",ml-latest-small/movies.csv
ml-latest-small,3917,Hellraiser (1987),Horror,Horror,"{""release_year"": 1987, ""primary_genre"": ""Horror""}",ml-latest-small/movies.csv
ml-latest-small,3918,Hellbound: Hellraiser II (1988),Horror,Horror,"{""release_year"": 1988, ""primary_genre"": ""Horror""}",ml-latest-small/movies.csv
ml-latest-small,3919,Hellraiser III: Hell on Earth (1992),Horror,Horror,"{""release_year"": 1992, ""primary_genre"": ""Horror""}",ml-latest-small/movies.csv
ml-latest-small,3920,"Faraway, So Close (In weiter Ferne, so nah!) (1993)",Drama|Fantasy|Mystery|Romance,Drama,"{""release_year"": 1993, ""primary_genre"": ""Drama""}",ml-latest-small/movies.csv
ml-latest-small,3922,Bikini Beach (1964),Comedy,Comedy,"{""release_year"": 1964, ""primary_genre"": ""Comedy""}",ml-latest-small/movies.csv
ml-latest-small,3925,Stranger Than Paradise (1984),Comedy|Drama,Comedy,"{""release_year"": 1984, ""primary_genre"": ""Comedy""}",ml-latest-small/movies.csv
ml-latest-small,3926,Voyage to the Bottom of the Sea (1961),Adventure|Sci-Fi,Adventure,"{""release_year"": 1961, ""primary_genre"": ""Adventure""}",ml-latest-small/movies.csv
ml-latest-small,3927,Fantastic Voyage (1966),Adventure|Sci-Fi,Adventure,"{""release_year"": 1966, ""primary_genre"": ""Adventure""}",ml-latest-small/movies.csv
ml-latest-small,3928,Abbott and Costello Meet Frankenstein (1948),Comedy|Horror,Comedy,"{""release_year"": 1948, ""primary_genre"": ""Comedy""}",ml-latest-small/movies.csv
ml-latest-small,3929,"Bank Dick, The (1940)",Comedy,Comedy,"{""release_year"": 1940, ""primary_genre"": ""Comedy""}",ml-latest-small/movies.csv
ml-latest-small,3930,"Creature from the Black Lagoon, The (1954)",Adventure|Horror|Sci-Fi,Adventure,"{""release_year"": 1954, ""primary_genre"": ""Adventure""}",ml-latest-small/movies.csv
ml-latest-small,3932,"Invisible Man, The (1933)",Horror|Sci-Fi,Horror,"{""release_year"": 1933, ""primary_genre"": ""Horror""}",ml-latest-small/movies.csv
ml-latest-small,3933,"Killer Shrews, The (1959)",Horror|Sci-Fi,Horror,"{""release_year"": 1959, ""primary_genre"": ""Horror""}",ml-latest-small/movies.csv
ml-latest-small,3937,Runaway (1984),Sci-Fi|Thriller,Sci-Fi,"{""release_year"": 1984, ""primary_genre"": ""Sci-Fi""}",ml-latest-small/movies.csv
ml-latest-small,3938,"Slumber Party Massacre, The (1982)",Horror,Horror,"{""release_year"": 1982, ""primary_genre"": ""Horror""}",ml-latest-small/movies.csv
ml-latest-small,3939,Slumber Party Massacre II (1987),Horror,Horror,"{""release_year"": 1987, ""primary_genre"": ""Horror""}",ml-latest-small/movies.csv
ml-latest-small,3940,Slumber Party Massacre III (1990),Horror,Horror,"{""release_year"": 1990, ""primary_genre"": ""Horror""}",ml-latest-small/movies.csv
ml-latest-small,3941,Sorority House Massacre (1986),Horror,Horror,"{""release_year"": 1986, ""primary_genre"": ""Horror""}",ml-latest-small/movies.csv
ml-latest-small,3942,Sorority House Massacre II (1990),Horror,Horror,"{""release_year"": 1990, ""primary_genre"": ""Horror""}",ml-latest-small/movies.csv
ml-latest-small,3943,Bamboozled (2000),Comedy,Comedy,"{""release_year"": 2000, ""primary_genre"": ""Comedy""}",ml-latest-small/movies.csv
ml-latest-small,3945,Digimon: The Movie (2000),Adventure|Animation|Children,Adventure,"{""release_year"": 2000, ""primary_genre"": ""Adventure""}",ml-latest-small/movies.csv
ml-latest-small,3946,Get Carter (2000),Action|Drama|Thriller,Action,"{""release_year"": 2000, ""primary_genre"": ""Action""}",ml-latest-small/movies.csv
ml-latest-small,3947,Get Carter (1971),Action|Crime|Drama|Thriller,Action,"{""release_year"": 1971, ""primary_genre"": ""Action""}",ml-latest-small/movies.csv
ml-latest-small,3948,Meet the Parents (2000),Comedy,Comedy,"{""release_year"": 2000, ""primary_genre"": ""Comedy""}",ml-latest-small/movies.csv
ml-latest-small,3949,Requiem for a Dream (2000),Drama,Drama,"{""release_year"": 2000, ""primary_genre"": ""Drama""}",ml-latest-small/movies.csv
ml-latest-small,3950,Tigerland (2000),Drama,Drama,"{""release_year"": 2000, ""primary_genre"": ""Drama""}",ml-latest-small/movies.csv
ml-latest-small,3951,Two Family House (2000),Drama,Drama,"{""release_year"": 2000, ""primary_genre"": ""Drama""}",ml-latest-small/movies.csv
ml-latest-small,3952,"Contender, The (2000)",Drama|Thriller,Drama,"{""release_year"": 2000, ""primary_genre"": ""Drama""}",ml-latest-small/movies.csv
ml-latest-small,3953,Dr. T and the Women (2000),Comedy|Romance,Comedy,"{""release_year"": 2000, ""primary_genre"": ""Comedy""}",ml-latest-small/movies.csv
ml-latest-small,3955,"Ladies Man, The (2000)",Comedy,Comedy,"{""release_year"": 2000, ""primary_genre"": ""Comedy""}",ml-latest-small/movies.csv
ml-latest-small,3957,Billy Jack (1971),Action|Drama,Action,"{""release_year"": 1971, ""primary_genre"": ""Action""}",ml-latest-small/movies.csv
ml-latest-small,3958,Billy Jack Goes to Washington (1977),Drama,Drama,"{""release_year"": 1977, ""primary_genre"": ""Drama""}",ml-latest-small/movies.csv
ml-latest-small,3959,"Time Machine, The (1960)",Action|Adventure|Sci-Fi,Action,"{""release_year"": 1960, ""primary_genre"": ""Action""}",ml-latest-small/movies.csv
ml-latest-small,3962,Ghoulies II (1987),Comedy|Horror,Comedy,"{""release_year"": 1987, ""primary_genre"": ""Comedy""}",ml-latest-small/movies.csv
ml-latest-small,3963,"Unsinkable Molly Brown, The (1964)",Musical,Musical,"{""release_year"": 1964, ""primary_genre"": ""Musical""}",ml-latest-small/movies.csv
ml-latest-small,3964,"Adventures of Ichabod and Mr. Toad, The (1949)",Animation|Children,Animation,"{""release_year"": 1949, ""primary_genre"": ""Animation""}",ml-latest-small/movies.csv
ml-latest-small,3965,"Strange Love of Martha Ivers, The (1946)",Drama|Film-Noir,Drama,"{""release_year"": 1946, ""primary_genre"": ""Drama""}",ml-latest-small/movies.csv
ml-latest-small,3966,Detour (1945),Crime|Film-Noir,Crime,"{""release_year"": 1945, ""primary_genre"": ""Crime""}",ml-latest-small/movies.csv
ml-latest-small,3967,Billy Elliot (2000),Drama,Drama,"{""release_year"": 2000, ""primary_genre"": ""Drama""}",ml-latest-small/movies.csv
ml-latest-small,3968,Bedazzled (2000),Comedy,Comedy,"{""release_year"": 2000, ""primary_genre"": ""Comedy""}",ml-latest-small/movies.csv
ml-latest-small,3969,Pay It Forward (2000),Drama,Drama,"{""release_year"": 2000, ""primary_genre"": ""Drama""}",ml-latest-small/movies.csv
ml-latest-small,3971,"Private Eyes, The (1981)",Comedy|Mystery,Comedy,"{""release_year"": 1981, ""primary_genre"": ""Comedy""}",ml-latest-small/movies.csv
ml-latest-small,3972,"Legend of Drunken Master, The (Jui kuen II) (1994)",Action|Comedy,Action,"{""release_year"": 1994, ""primary_genre"": ""Action""}",ml-latest-small/movies.csv
ml-latest-small,3973,Book of Shadows: Blair Witch 2 (2000),Crime|Horror|Mystery|Thriller,Crime,"{""release_year"": 2000, ""primary_genre"": ""Crime""}",ml-latest-small/movies.csv
ml-latest-small,3974,"Little Vampire, The (2000)",Adventure|Children,Adventure,"{""release_year"": 2000, ""primary_genre"": ""Adventure""}",ml-latest-small/movies.csv
ml-latest-small,3977,Charlie's Angels (2000),Action|Comedy,Action,"{""release_year"": 2000, ""primary_genre"": ""Action""}",ml-latest-small/movies.csv
ml-latest-small,3978,"Legend of Bagger Vance, The (2000)",Drama|Romance,Drama,"{""release_year"": 2000, ""primary_genre"": ""Drama""}",ml-latest-small/movies.csv
ml-latest-small,3979,Little Nicky (2000),Comedy,Comedy,"{""release_year"": 2000, ""primary_genre"": ""Comedy""}",ml-latest-small/movies.csv
ml-latest-small,3980,Men of Honor (2000),Drama,Drama,"{""release_year"": 2000, ""primary_genre"": ""Drama""}",ml-latest-small/movies.csv
ml-latest-small,3981,Red Planet (2000),Action|Sci-Fi|Thriller,Action,"{""release_year"": 2000, ""primary_genre"": ""Action""}",ml-latest-small/movies.csv
ml-latest-small,3983,You Can Count on Me (2000),Drama|Romance,Drama,"{""release_year"": 2000, ""primary_genre"": ""Drama""}",ml-latest-small/movies.csv
ml-latest-small,3984,Diamonds Are Forever (1971),Action|Adventure|Thriller,Action,"{""release_year"": 1971, ""primary_genre"": ""Action""}",ml-latest-small/movies.csv
ml-latest-small,3985,"Eagle Has Landed, The (1976)",Drama|War,Drama,"{""release_year"": 1976, ""primary_genre"": ""Drama""}",ml-latest-small/movies.csv
ml-latest-small,3986,"6th Day, The (2000)",Action|Sci-Fi|Thriller,Action,"{""release_year"": 2000, ""primary_genre"": ""Action""}",ml-latest-small/movies.csv
ml-latest-small,3987,Bounce (2000),Drama|Romance,Drama,"{""release_year"": 2000, ""primary_genre"": ""Drama""}",ml-latest-small/movies.csv
ml-latest-small,3988,How the Grinch Stole Christmas (a.k.a. The Grinch) (2000),Children|Comedy|Fantasy,Children,"{""release_year"": 2000, ""primary_genre"": ""Children""}",ml-latest-small/movies.csv
ml-latest-small,3989,One Day in September (1999),Documentary,Documentary,"{""release_year"": 1999, ""primary_genre"": ""Documentary""}",ml-latest-small/movies.csv
ml-latest-small,3990,Rugrats in Paris: The Movie (2000),Animation|Children|Comedy,Animation,"{""release_year"": 2000, ""primary_genre"": ""Animation""}",ml-latest-small/movies.csv
ml-latest-small,3991,102 Dalmatians (2000),Children|Comedy,Children,"{""release_year"": 2000, ""primary_genre"": ""Children""}",ml-latest-small/movies.csv
ml-latest-small,3992,Malèna (2000),Drama|Romance|War,Drama,"{""release_year"": 2000, ""primary_genre"": ""Drama""}",ml-latest-small/movies.csv
ml-latest-small,3993,Quills (2000),Drama|Romance,Drama,"{""release_year"": 2000, ""primary_genre"": ""Drama""}",ml-latest-small/movies.csv
ml-latest-small,3994,Unbreakable (2000),Drama|Sci-Fi,Drama,"{""release_year"": 2000, ""primary_genre"": ""Drama""}",ml-latest-small/movies.csv
ml-latest-small,3996,"Crouching Tiger, Hidden Dragon (Wo hu cang long) (2000)",Action|Drama|Romance,Action,"{""release_year"": 2000, ""primary_genre"": ""Action""}",ml-latest-small/movies.csv
ml-latest-small,3997,Dungeons & Dragons (2000),Action|Adventure|Comedy|Fantasy,Action,"{""release_year"": 2000, ""primary_genre"": ""Action""}",ml-latest-small/movies.csv
ml-latest-small,3998,Proof of Life (2000),Drama,Drama,"{""release_year"": 2000, ""primary_genre"": ""Drama""}",ml-latest-small/movies.csv
ml-latest-small,3999,Vertical Limit (2000),Action|Adventure,Action,"{""release_year"": 2000, ""primary_genre"": ""Action""}",ml-latest-small/movies.csv
ml-latest-small,4000,"Bounty, The (1984)",Adventure|Drama,Adventure,"{""release_year"": 1984, ""primary_genre"": ""Adventure""}",ml-latest-small/movies.csv
ml-latest-small,4002,"Planes, Trains & Automobiles (1987)",Comedy,Comedy,"{""release_year"": 1987, ""primary_genre"": ""Comedy""}",ml-latest-small/movies.csv
ml-latest-small,4003,She's Having a Baby (1988),Comedy,Comedy,"{""release_year"": 1988, ""primary_genre"": ""Comedy""}",ml-latest-small/movies.csv
ml-latest-small,4005,"Living Daylights, The (1987)",Action|Adventure|Thriller,Action,"{""release_year"": 1987, ""primary_genre"": ""Action""}",ml-latest-small/movies.csv
ml-latest-small,4006,Transformers: The Movie (1986),Adventure|Animation|Children|Sci-Fi,Adventure,"{""release_year"": 1986, ""primary_genre"": ""Adventure""}",ml-latest-small/movies.csv
ml-latest-small,4007,Wall Street (1987),Drama,Drama,"{""release_year"": 1987, ""primary_genre"": ""Drama""}",ml-latest-small/movies.csv
ml-latest-small,4008,Born on the Fourth of July (1989),Drama|War,Drama,"{""release_year"": 1989, ""primary_genre"": ""Drama""}",ml-latest-small/movies.csv
ml-latest-small,4009,Talk Radio (1988),Drama,Drama,"{""release_year"": 1988, ""primary_genre"": ""Drama""}",ml-latest-small/movies.csv
ml-latest-small,4010,Brewster's Millions (1985),Comedy,Comedy,"{""release_year"": 1985, ""primary_genre"": ""Comedy""}",ml-latest-small/movies.csv
ml-latest-small,4011,Snatch (2000),Comedy|Crime|Thriller,Comedy,"{""release_year"": 2000, ""primary_genre"": ""Comedy""}",ml-latest-small/movies.csv
ml-latest-small,4012,Punchline (1988),Comedy|Drama,Comedy,"{""release_year"": 1988, ""primary_genre"": ""Comedy""}",ml-latest-small/movies.csv
ml-latest-small,4014,Chocolat (2000),Drama|Romance,Drama,"{""release_year"": 2000, ""primary_genre"": ""Drama""}",ml-latest-small/movies.csv
ml-latest-small,4015,"Dude, Where's My Car? (2000)",Comedy|Sci-Fi,Comedy,"{""release_year"": 2000, ""primary_genre"": ""Comedy""}",ml-latest-small/movies.csv
ml-latest-small,4016,"Emperor's New Groove, The (2000)",Adventure|Animation|Children|Comedy|Fantasy,Adventure,"{""release_year"": 2000, ""primary_genre"": ""Adventure""}",ml-latest-small/movies.csv
ml-latest-small,4017,Pollock (2000),Drama,Drama,"{""release_year"": 2000, ""primary_genre"": ""Drama""}",ml-latest-small/movies.csv
ml-latest-small,4018,What Women Want (2000),Comedy|Romance,Comedy,"{""release_year"": 2000, ""primary_genre"": ""Comedy""}",ml-latest-small/movies.csv
ml-latest-small,4019,Finding Forrester (2000),Drama,Drama,"{""release_year"": 2000, ""primary_genre"": ""Drama""}",ml-latest-small/movies.csv
ml-latest-small,4020,"Gift, The (2000)",Thriller,Thriller,"{""release_year"": 2000, ""primary_genre"": ""Thriller""}",ml-latest-small/movies.csv
ml-latest-small,4021,Before Night Falls (2000),Drama,Drama,"{""release_year"": 2000, ""primary_genre"": ""Drama""}",ml-latest-small/movies.csv
ml-latest-small,4022,Cast Away (2000),Drama,Drama,"{""release_year"": 2000, ""primary_genre"": ""Drama""}",ml-latest-small/movies.csv
ml-latest-small,4023,"Family Man, The (2000)",Comedy|Drama|Romance,Comedy,"{""release_year"": 2000, ""primary_genre"": ""Comedy""}",ml-latest-small/movies.csv
ml-latest-small,4024,"House of Mirth, The (2000)",Romance,Romance,"{""release_year"": 2000, ""primary_genre"": ""Romance""}",ml-latest-small/movies.csv
ml-latest-small,4025,Miss Congeniality (2000),Comedy|Crime,Comedy,"{""release_year"": 2000, ""primary_genre"": ""Comedy""}",ml-latest-small/movies.csv
ml-latest-small,4027,"O Brother, Where Art Thou? (2000)",Adventure|Comedy|Crime,Adventure,"{""release_year"": 2000, ""primary_genre"": ""Adventure""}",ml-latest-small/movies.csv
ml-latest-small,4029,State and Main (2000),Comedy|Drama,Comedy,"{""release_year"": 2000, ""primary_genre"": ""Comedy""}",ml-latest-small/movies.csv
ml-latest-small,4030,Dracula 2000 (2000),Horror,Horror,"{""release_year"": 2000, ""primary_genre"": ""Horror""}",ml-latest-small/movies.csv
ml-latest-small,4031,All the Pretty Horses (2000),Drama|Romance|Western,Drama,"{""release_year"": 2000, ""primary_genre"": ""Drama""}",ml-latest-small/movies.csv
ml-latest-small,4032,"Everlasting Piece, An (2000)",Comedy,Comedy,"{""release_year"": 2000, ""primary_genre"": ""Comedy""}",ml-latest-small/movies.csv
ml-latest-small,4033,Thirteen Days (2000),Drama|Thriller|War,Drama,"{""release_year"": 2000, ""primary_genre"": ""Drama""}",ml-latest-small/movies.csv
ml-latest-small,4034,Traffic (2000),Crime|Drama|Thriller,Crime,"{""release_year"": 2000, ""primary_genre"": ""Crime""}",ml-latest-small/movies.csv
ml-latest-small,4035,"Claim, The (2000)",Romance|Western,Romance,"{""release_year"": 2000, ""primary_genre"": ""Romance""}",ml-latest-small/movies.csv
ml-latest-small,4036,Shadow of the Vampire (2000),Drama|Horror,Drama,"{""release_year"": 2000, ""primary_genre"": ""Drama""}",ml-latest-small/movies.csv
ml-latest-small,4037,House of Games (1987),Crime|Film-Noir|Mystery|Thriller,Crime,"{""release_year"": 1987, ""primary_genre"": ""Crime""}",ml-latest-small/movies.csv
ml-latest-small,4039,Annie (1982),Children|Musical,Children,"{""release_year"": 1982, ""primary_genre"": ""Children""}",ml-latest-small/movies.csv
ml-latest-small,4040,Don't Tell Mom the Babysitter's Dead (1991),Comedy,Comedy,"{""release_year"": 1991, ""primary_genre"": ""Comedy""}",ml-latest-small/movies.csv
ml-latest-small,4041,"Officer and a Gentleman, An (1982)",Drama|Romance,Drama,"{""release_year"": 1982, ""primary_genre"": ""Drama""}",ml-latest-small/movies.csv
ml-latest-small,4042,"Alamo, The (1960)",Action|Drama|War|Western,Action,"{""release_year"": 1960, ""primary_genre"": ""Action""}",ml-latest-small/movies.csv
ml-latest-small,4043,At Close Range (1986),Crime|Drama,Crime,"{""release_year"": 1986, ""primary_genre"": ""Crime""}",ml-latest-small/movies.csv
ml-latest-small,4046,Friendly Persuasion (1956),Drama,Drama,"{""release_year"": 1956, ""primary_genre"": ""Drama""}",ml-latest-small/movies.csv
ml-latest-small,4047,Gettysburg (1993),Drama|War,Drama,"{""release_year"": 1993, ""primary_genre"": ""Drama""}",ml-latest-small/movies.csv
ml-latest-small,4051,Horrors of Spider Island (Ein Toter Hing im Netz) (1960),Horror|Sci-Fi,Horror,"{""release_year"": 1960, ""primary_genre"": ""Horror""}",ml-latest-small/movies.csv
ml-latest-small,4052,Antitrust (2001),Crime|Drama|Thriller,Crime,"{""release_year"": 2001, ""primary_genre"": ""Crime""}",ml-latest-small/movies.csv
ml-latest-small,4053,Double Take (2001),Action|Comedy,Action,"{""release_year"": 2001, ""primary_genre"": ""Action""}",ml-latest-small/movies.csv
ml-latest-small,4054,Save the Last Dance (2001),Drama|Romance,Drama,"{""release_year"": 2001, ""primary_genre"": ""Drama""}",ml-latest-small/movies.csv
ml-latest-small,4055,Panic (2000),Drama,Drama,"{""release_year"": 2000, ""primary_genre"": ""Drama""}",ml-latest-small/movies.csv
ml-latest-small,4056,"Pledge, The (2001)",Crime|Drama|Mystery|Thriller,Crime,"{""release_year"": 2001, ""primary_genre"": ""Crime""}",ml-latest-small/movies.csv
ml-latest-small,4061,The Man in the Moon (1991),Drama|Romance,Drama,"{""release_year"": 1991, ""primary_genre"": ""Drama""}",ml-latest-small/movies.csv
ml-latest-small,4062,Mystic Pizza (1988),Comedy|Drama|Romance,Comedy,"{""release_year"": 1988, ""primary_genre"": ""Comedy""}",ml-latest-small/movies.csv
ml-latest-small,4063,Prelude to a Kiss (1992),Comedy|Drama|Romance,Comedy,"{""release_year"": 1992, ""primary_genre"": ""Comedy""}",ml-latest-small/movies.csv
ml-latest-small,4064,Coffy (1973),Action|Crime|Thriller,Action,"{""release_year"": 1973, ""primary_genre"": ""Action""}",ml-latest-small/movies.csv
ml-latest-small,4065,Foxy Brown (1974),Action|Crime|Drama,Action,"{""release_year"": 1974, ""primary_genre"": ""Action""}",ml-latest-small/movies.csv
ml-latest-small,4066,I'm Gonna Git You Sucka (1988),Action|Comedy,Action,"{""release_year"": 1988, ""primary_genre"": ""Action""}",ml-latest-small/movies.csv
ml-latest-small,4067,Untamed Heart (1993),Drama|Romance,Drama,"{""release_year"": 1993, ""primary_genre"": ""Drama""}",ml-latest-small/movies.csv
ml-latest-small,4068,Sugar & Spice (2001),Comedy,Comedy,"{""release_year"": 2001, ""primary_genre"": ""Comedy""}",ml-latest-small/movies.csv
ml-latest-small,4069,"Wedding Planner, The (2001)",Comedy|Romance,Comedy,"{""release_year"": 2001, ""primary_genre"": ""Comedy""}",ml-latest-small/movies.csv
ml-latest-small,4074,"Legend of Rita, The (Stille nach dem Schuß, Die) (1999)",Drama,Drama,"{""release_year"": 1999, ""primary_genre"": ""Drama""}",ml-latest-small/movies.csv
ml-latest-small,4077,"With a Friend Like Harry... (Harry, un ami qui vous veut du bien) (2000)",Drama|Thriller,Drama,"{""release_year"": 2000, ""primary_genre"": ""Drama""}",ml-latest-small/movies.csv
ml-latest-small,4078,Amazing Grace and Chuck (1987),Drama,Drama,"{""release_year"": 1987, ""primary_genre"": ""Drama""}",ml-latest-small/movies.csv
ml-latest-small,4079,Amazon Women on the Moon (1987),Comedy|Sci-Fi,Comedy,"{""release_year"": 1987, ""primary_genre"": ""Comedy""}",ml-latest-small/movies.csv
ml-latest-small,4080,Baby Boom (1987),Comedy,Comedy,"{""release_year"": 1987, ""primary_genre"": ""Comedy""}",ml-latest-small/movies.csv
ml-latest-small,4081,Back to the Beach (1987),Comedy,Comedy,"{""release_year"": 1987, ""primary_genre"": ""Comedy""}",ml-latest-small/movies.csv
ml-latest-small,4082,Barfly (1987),Comedy|Drama|Romance,Comedy,"{""release_year"": 1987, ""primary_genre"": ""Comedy""}",ml-latest-small/movies.csv
ml-latest-small,4083,Best Seller (1987),Thriller,Thriller,"{""release_year"": 1987, ""primary_genre"": ""Thriller""}",ml-latest-small/movies.csv
ml-latest-small,4084,Beverly Hills Cop II (1987),Action|Comedy|Crime|Thriller,Action,"{""release_year"": 1987, ""primary_genre"": ""Action""}",ml-latest-small/movies.csv
ml-latest-small,4085,Beverly Hills Cop (1984),Action|Comedy|Crime|Drama,Action,"{""release_year"": 1984, ""primary_genre"": ""Action""}",ml-latest-small/movies.csv
ml-latest-small,4086,"Big Easy, The (1987)",Action|Crime|Mystery|Romance|Thriller,Action,"{""release_year"": 1987, ""primary_genre"": ""Action""}",ml-latest-small/movies.csv
ml-latest-small,4089,Born in East L.A. (1987),Comedy,Comedy,"{""release_year"": 1987, ""primary_genre"": ""Comedy""}",ml-latest-small/movies.csv
ml-latest-small,4090,"Brave Little Toaster, The (1987)",Animation|Children,Animation,"{""release_year"": 1987, ""primary_genre"": ""Animation""}",ml-latest-small/movies.csv
ml-latest-small,4091,Can't Buy Me Love (1987),Comedy|Romance,Comedy,"{""release_year"": 1987, ""primary_genre"": ""Comedy""}",ml-latest-small/movies.csv
ml-latest-small,4092,Cherry 2000 (1987),Romance|Sci-Fi,Romance,"{""release_year"": 1987, ""primary_genre"": ""Romance""}",ml-latest-small/movies.csv
ml-latest-small,4093,Cop (1988),Thriller,Thriller,"{""release_year"": 1988, ""primary_genre"": ""Thriller""}",ml-latest-small/movies.csv
ml-latest-small,4102,Eddie Murphy Raw (1987),Comedy|Documentary,Comedy,"{""release_year"": 1987, ""primary_genre"": ""Comedy""}",ml-latest-small/movies.csv
ml-latest-small,4103,Empire of the Sun (1987),Action|Adventure|Drama|War,Action,"{""release_year"": 1987, ""primary_genre"": ""Action""}",ml-latest-small/movies.csv
ml-latest-small,4104,Ernest Goes to Camp (1987),Comedy,Comedy,"{""release_year"": 1987, ""primary_genre"": ""Comedy""}",ml-latest-small/movies.csv
ml-latest-small,4105,"Evil Dead, The (1981)",Fantasy|Horror|Thriller,Fantasy,"{""release_year"": 1981, ""primary_genre"": ""Fantasy""}",ml-latest-small/movies.csv
ml-latest-small,4109,Flowers in the Attic (1987),Drama|Thriller,Drama,"{""release_year"": 1987, ""primary_genre"": ""Drama""}",ml-latest-small/movies.csv
ml-latest-small,4110,"Fourth Protocol, The (1987)",Thriller,Thriller,"{""release_year"": 1987, ""primary_genre"": ""Thriller""}",ml-latest-small/movies.csv
ml-latest-small,4111,Gardens of Stone (1987),Drama|War,Drama,"{""release_year"": 1987, ""primary_genre"": ""Drama""}",ml-latest-small/movies.csv
ml-latest-small,4113,"Glass Menagerie, The (1987)",Drama,Drama,"{""release_year"": 1987, ""primary_genre"": ""Drama""}",ml-latest-small/movies.csv
ml-latest-small,4115,Hiding Out (1987),Comedy,Comedy,"{""release_year"": 1987, ""primary_genre"": ""Comedy""}",ml-latest-small/movies.csv
ml-latest-small,4116,Hollywood Shuffle (1987),Comedy,Comedy,"{""release_year"": 1987, ""primary_genre"": ""Comedy""}",ml-latest-small/movies.csv
ml-latest-small,4117,Hope and Glory (1987),Drama,Drama,"{""release_year"": 1987, ""primary_genre"": ""Drama""}",ml-latest-small/movies.csv
ml-latest-small,4121,Innerspace (1987),Action|Adventure|Comedy|Sci-Fi,Action,"{""release_year"": 1987, ""primary_genre"": ""Action""}",ml-latest-small/movies.csv
ml-latest-small,4123,Ishtar (1987),Comedy,Comedy,"{""release_year"": 1987, ""primary_genre"": ""Comedy""}",ml-latest-small/movies.csv
ml-latest-small,4124,Jaws: The Revenge (1987),Horror|Thriller,Horror,"{""release_year"": 1987, ""primary_genre"": ""Horror""}",ml-latest-small/movies.csv
ml-latest-small,4125,Leonard Part 6 (1987),Comedy|Sci-Fi,Comedy,"{""release_year"": 1987, ""primary_genre"": ""Comedy""}",ml-latest-small/movies.csv
ml-latest-small,4126,Less Than Zero (1987),Drama,Drama,"{""release_year"": 1987, ""primary_genre"": ""Drama""}",ml-latest-small/movies.csv
ml-latest-small,4127,"Like Father, Like Son (1987)",Comedy,Comedy,"{""release_year"": 1987, ""primary_genre"": ""Comedy""}",ml-latest-small/movies.csv
ml-latest-small,4128,"Lost Boys, The (1987)",Comedy|Horror|Thriller,Comedy,"{""release_year"": 1987, ""primary_genre"": ""Comedy""}",ml-latest-small/movies.csv
ml-latest-small,4129,Made in Heaven (1987),Fantasy|Romance,Fantasy,"{""release_year"": 1987, ""primary_genre"": ""Fantasy""}",ml-latest-small/movies.csv
ml-latest-small,4130,Maid to Order (1987),Comedy|Fantasy,Comedy,"{""release_year"": 1987, ""primary_genre"": ""Comedy""}",ml-latest-small/movies.csv
ml-latest-small,4131,Making Mr. Right (1987),Comedy|Romance|Sci-Fi,Comedy,"{""release_year"": 1987, ""primary_genre"": ""Comedy""}",ml-latest-small/movies.csv
ml-latest-small,4132,Mannequin (1987),Comedy|Romance,Comedy,"{""release_year"": 1987, ""primary_genre"": ""Comedy""}",ml-latest-small/movies.csv
ml-latest-small,4133,Masters of the Universe (1987),Action|Adventure|Fantasy|Sci-Fi,Action,"{""release_year"": 1987, ""primary_genre"": ""Action""}",ml-latest-small/movies.csv
ml-latest-small,4135,"Monster Squad, The (1987)",Adventure|Comedy|Horror,Adventure,"{""release_year"": 1987, ""primary_genre"": ""Adventure""}",ml-latest-small/movies.csv
ml-latest-small,4138,My Demon Lover (1987),Comedy|Horror,Comedy,"{""release_year"": 1987, ""primary_genre"": ""Comedy""}",ml-latest-small/movies.csv
ml-latest-small,4139,No Man's Land (1987),Crime|Drama,Crime,"{""release_year"": 1987, ""primary_genre"": ""Crime""}",ml-latest-small/movies.csv
ml-latest-small,4141,Head Over Heels (2001),Comedy|Romance,Comedy,"{""release_year"": 2001, ""primary_genre"": ""Comedy""}",ml-latest-small/movies.csv
ml-latest-small,4142,Left Behind: The Movie (2000),Action|Adventure|Drama|Thriller,Action,"{""release_year"": 2000, ""primary_genre"": ""Action""}",ml-latest-small/movies.csv
ml-latest-small,4143,Valentine (2001),Horror|Mystery,Horror,"{""release_year"": 2001, ""primary_genre"": ""Horror""}",ml-latest-small/movies.csv
ml-latest-small,4144,In the Mood For Love (Fa yeung nin wa) (2000),Drama|Romance,Drama,"{""release_year"": 2000, ""primary_genre"": ""Drama""}",ml-latest-small/movies.csv
ml-latest-small,4146,"Million Dollar Hotel, The (2001)",Drama|Mystery|Romance,Drama,"{""release_year"": 2001, ""primary_genre"": ""Drama""}",ml-latest-small/movies.csv
ml-latest-small,4147,Nico and Dani (Krámpack) (2000),Comedy|Drama|Romance,Comedy,"{""release_year"": 2000, ""primary_genre"": ""Comedy""}",ml-latest-small/movies.csv
ml-latest-small,4148,Hannibal (2001),Horror|Thriller,Horror,"{""release_year"": 2001, ""primary_genre"": ""Horror""}",ml-latest-small/movies.csv
ml-latest-small,4149,Saving Silverman (Evil Woman) (2001),Comedy|Romance,Comedy,"{""release_year"": 2001, ""primary_genre"": ""Comedy""}",ml-latest-small/movies.csv
ml-latest-small,4152,Vatel (2000),Drama,Drama,"{""release_year"": 2000, ""primary_genre"": ""Drama""}",ml-latest-small/movies.csv
ml-latest-small,4153,Down to Earth (2001),Comedy|Fantasy|Romance,Comedy,"{""release_year"": 2001, ""primary_genre"": ""Comedy""}",ml-latest-small/movies.csv
ml-latest-small,4154,Recess: School's Out (2001),Animation|Children,Animation,"{""release_year"": 2001, ""primary_genre"": ""Animation""}",ml-latest-small/movies.csv
ml-latest-small,4155,Sweet November (2001),Drama|Romance,Drama,"{""release_year"": 2001, ""primary_genre"": ""Drama""}",ml-latest-small/movies.csv
ml-latest-small,4156,Company Man (2000),Comedy,Comedy,"{""release_year"": 2000, ""primary_genre"": ""Comedy""}",ml-latest-small/movies.csv
ml-latest-small,4157,"Price of Milk, The (2000)",Comedy|Drama|Fantasy|Romance,Comedy,"{""release_year"": 2000, ""primary_genre"": ""Comedy""}",ml-latest-small/movies.csv
ml-latest-small,4158,Monkeybone (2001),Animation|Comedy|Fantasy,Animation,"{""release_year"": 2001, ""primary_genre"": ""Animation""}",ml-latest-small/movies.csv
ml-latest-small,4159,3000 Miles to Graceland (2001),Action|Thriller,Action,"{""release_year"": 2001, ""primary_genre"": ""Action""}",ml-latest-small/movies.csv
ml-latest-small,4160,"Widow of St. Pierre, The (Veuve de Saint-Pierre, La) (2000)",Drama|Romance,Drama,"{""release_year"": 2000, ""primary_genre"": ""Drama""}",ml-latest-small/movies.csv
ml-latest-small,4161,"Mexican, The (2001)",Action|Comedy,Action,"{""release_year"": 2001, ""primary_genre"": ""Action""}",ml-latest-small/movies.csv
ml-latest-small,4164,"Caveman's Valentine, The (2001)",Drama,Drama,"{""release_year"": 2001, ""primary_genre"": ""Drama""}",ml-latest-small/movies.csv
ml-latest-small,4166,Series 7: The Contenders (2001),Action|Drama,Action,"{""release_year"": 2001, ""primary_genre"": ""Action""}",ml-latest-small/movies.csv
ml-latest-small,4167,15 Minutes (2001),Thriller,Thriller,"{""release_year"": 2001, ""primary_genre"": ""Thriller""}",ml-latest-small/movies.csv
ml-latest-small,4168,Get Over It (2001),Comedy|Romance,Comedy,"{""release_year"": 2001, ""primary_genre"": ""Comedy""}",ml-latest-small/movies.csv
ml-latest-small,4171,Long Night's Journey Into Day (2000),Documentary,Documentary,"{""release_year"": 2000, ""primary_genre"": ""Documentary""}",ml-latest-small/movies.csv
ml-latest-small,4174,Avalon (1990),Drama,Drama,"{""release_year"": 1990, ""primary_genre"": ""Drama""}",ml-latest-small/movies.csv
ml-latest-small,4175,Gray's Anatomy (1996),Comedy|Drama,Comedy,"{""release_year"": 1996, ""primary_genre"": ""Comedy""}",ml-latest-small/movies.csv
ml-latest-small,4178,Of Mice and Men (1939),Drama,Drama,"{""release_year"": 1939, ""primary_genre"": ""Drama""}",ml-latest-small/movies.csv
ml-latest-small,4180,Reform School Girls (1986),Action|Drama,Action,"{""release_year"": 1986, ""primary_genre"": ""Action""}",ml-latest-small/movies.csv
ml-latest-small,4181,Tapeheads (1988),Comedy,Comedy,"{""release_year"": 1988, ""primary_genre"": ""Comedy""}",ml-latest-small/movies.csv
ml-latest-small,4184,"Bishop's Wife, The (1947)",Comedy|Drama|Romance,Comedy,"{""release_year"": 1947, ""primary_genre"": ""Comedy""}",ml-latest-small/movies.csv
ml-latest-small,4187,Lilies of the Field (1963),Drama,Drama,"{""release_year"": 1963, ""primary_genre"": ""Drama""}",ml-latest-small/movies.csv
ml-latest-small,4189,"Greatest Story Ever Told, The (1965)",Drama,Drama,"{""release_year"": 1965, ""primary_genre"": ""Drama""}",ml-latest-small/movies.csv
ml-latest-small,4190,Elmer Gantry (1960),Drama,Drama,"{""release_year"": 1960, ""primary_genre"": ""Drama""}",ml-latest-small/movies.csv
ml-latest-small,4191,Alfie (1966),Comedy|Drama|Romance,Comedy,"{""release_year"": 1966, ""primary_genre"": ""Comedy""}",ml-latest-small/movies.csv
ml-latest-small,4193,"Fantasticks, The (1995)",Musical,Musical,"{""release_year"": 1995, ""primary_genre"": ""Musical""}",ml-latest-small/movies.csv
ml-latest-small,4194,I Know Where I'm Going! (1945),Drama|Romance|War,Drama,"{""release_year"": 1945, ""primary_genre"": ""Drama""}",ml-latest-small/movies.csv
ml-latest-small,4195,"Abominable Dr. Phibes, The (1971)",Horror|Mystery,Horror,"{""release_year"": 1971, ""primary_genre"": ""Horror""}",ml-latest-small/movies.csv
ml-latest-small,4197,Real Life (1979),Comedy,Comedy,"{""release_year"": 1979, ""primary_genre"": ""Comedy""}",ml-latest-small/movies.csv
ml-latest-small,4198,Battle Beyond the Stars (1980),Sci-Fi,Sci-Fi,"{""release_year"": 1980, ""primary_genre"": ""Sci-Fi""}",ml-latest-small/movies.csv
ml-latest-small,4200,Double Impact (1991),Action,Action,"{""release_year"": 1991, ""primary_genre"": ""Action""}",ml-latest-small/movies.csv
ml-latest-small,4202,Fuzz (1972),Drama,Drama,"{""release_year"": 1972, ""primary_genre"": ""Drama""}",ml-latest-small/movies.csv
ml-latest-small,4203,Harley Davidson and the Marlboro Man (1991),Action|Crime|Drama,Action,"{""release_year"": 1991, ""primary_genre"": ""Action""}",ml-latest-small/movies.csv
ml-latest-small,4204,Losin' It (1983),Comedy,Comedy,"{""release_year"": 1983, ""primary_genre"": ""Comedy""}",ml-latest-small/movies.csv
ml-latest-small,4205,Mermaids (1990),Comedy|Drama|Romance,Comedy,"{""release_year"": 1990, ""primary_genre"": ""Comedy""}",ml-latest-small/movies.csv
ml-latest-small,4207,Navy Seals (1990),Action|Adventure|War,Action,"{""release_year"": 1990, ""primary_genre"": ""Action""}",ml-latest-small/movies.csv
ml-latest-small,4210,Manhunter (1986),Action|Crime|Drama|Horror|Thriller,Action,"{""release_year"": 1986, ""primary_genre"": ""Action""}",ml-latest-small/movies.csv
ml-latest-small,4211,Reversal of Fortune (1990),Drama,Drama,"{""release_year"": 1990, ""primary_genre"": ""Drama""}",ml-latest-small/movies.csv
ml-latest-small,4212,Death on the Nile (1978),Crime|Mystery,Crime,"{""release_year"": 1978, ""primary_genre"": ""Crime""}",ml-latest-small/movies.csv
ml-latest-small,4214,Revenge of the Nerds (1984),Comedy,Comedy,"{""release_year"": 1984, ""primary_genre"": ""Comedy""}",ml-latest-small/movies.csv
ml-latest-small,4215,Revenge of the Nerds II: Nerds in Paradise (1987),Comedy,Comedy,"{""release_year"": 1987, ""primary_genre"": ""Comedy""}",ml-latest-small/movies.csv
ml-latest-small,4217,4 Little Girls (1997),Documentary,Documentary,"{""release_year"": 1997, ""primary_genre"": ""Documentary""}",ml-latest-small/movies.csv
ml-latest-small,4218,River's Edge (1986),Crime|Drama,Crime,"{""release_year"": 1986, ""primary_genre"": ""Crime""}",ml-latest-small/movies.csv
ml-latest-small,4219,Girls Just Want to Have Fun (1985),Comedy,Comedy,"{""release_year"": 1985, ""primary_genre"": ""Comedy""}",ml-latest-small/movies.csv
ml-latest-small,4220,"Longest Yard, The (1974)",Comedy,Comedy,"{""release_year"": 1974, ""primary_genre"": ""Comedy""}",ml-latest-small/movies.csv
ml-latest-small,4221,Necessary Roughness (1991),Comedy,Comedy,"{""release_year"": 1991, ""primary_genre"": ""Comedy""}",ml-latest-small/movies.csv
ml-latest-small,4223,Enemy at the Gates (2001),Drama|War,Drama,"{""release_year"": 2001, ""primary_genre"": ""Drama""}",ml-latest-small/movies.csv
ml-latest-small,4224,Exit Wounds (2001),Action|Thriller,Action,"{""release_year"": 2001, ""primary_genre"": ""Action""}",ml-latest-small/movies.csv
ml-latest-small,4225,"Dish, The (2001)",Comedy,Comedy,"{""release_year"": 2001, ""primary_genre"": ""Comedy""}",ml-latest-small/movies.csv
ml-latest-small,4226,Memento (2000),Mystery|Thriller,Mystery,"{""release_year"": 2000, ""primary_genre"": ""Mystery""}",ml-latest-small/movies.csv
ml-latest-small,4228,Heartbreakers (2001),Comedy|Crime|Romance,Comedy,"{""release_year"": 2001, ""primary_genre"": ""Comedy""}",ml-latest-small/movies.csv
ml-latest-small,4229,Say It Isn't So (2001),Comedy|Romance,Comedy,"{""release_year"": 2001, ""primary_genre"": ""Comedy""}",ml-latest-small/movies.csv
ml-latest-small,4231,Someone Like You (2001),Comedy|Romance,Comedy,"{""release_year"": 2001, ""primary_genre"": ""Comedy""}",ml-latest-small/movies.csv
ml-latest-small,4232,Spy Kids (2001),Action|Adventure|Children|Comedy,Action,"{""release_year"": 2001, ""primary_genre"": ""Action""}",ml-latest-small/movies.csv
ml-latest-small,4233,Tomcats (2001),Comedy,Comedy,"{""release_year"": 2001, ""primary_genre"": ""Comedy""}",ml-latest-small/movies.csv
ml-latest-small,4234,"Tailor of Panama, The (2001)",Drama|Thriller,Drama,"{""release_year"": 2001, ""primary_genre"": ""Drama""}",ml-latest-small/movies.csv
ml-latest-small,4235,Amores Perros (Love's a Bitch) (2000),Drama|Thriller,Drama,"{""release_year"": 2000, ""primary_genre"": ""Drama""}",ml-latest-small/movies.csv
ml-latest-small,4236,Keep the River on Your Right: A Modern Cannibal Tale (2000),Documentary,Documentary,"{""release_year"": 2000, ""primary_genre"": ""Documentary""}",ml-latest-small/movies.csv
ml-latest-small,4237,"Gleaners & I, The (Les glaneurs et la glaneuse) (2000)",Documentary,Documentary,"{""release_year"": 2000, ""primary_genre"": ""Documentary""}",ml-latest-small/movies.csv
ml-latest-small,4238,Along Came a Spider (2001),Action|Crime|Mystery|Thriller,Action,"{""release_year"": 2001, ""primary_genre"": ""Action""}",ml-latest-small/movies.csv
ml-latest-small,4239,Blow (2001),Crime|Drama,Crime,"{""release_year"": 2001, ""primary_genre"": ""Crime""}",ml-latest-small/movies.csv
ml-latest-small,4240,Just Visiting (2001),Comedy|Fantasy,Comedy,"{""release_year"": 2001, ""primary_genre"": ""Comedy""}",ml-latest-small/movies.csv
ml-latest-small,4241,Pokémon 3: The Movie (2001),Animation|Children,Animation,"{""release_year"": 2001, ""primary_genre"": ""Animation""}",ml-latest-small/movies.csv
ml-latest-small,4242,Beautiful Creatures (2000),Comedy|Crime|Drama|Thriller,Comedy,"{""release_year"": 2000, ""primary_genre"": ""Comedy""}",ml-latest-small/movies.csv
ml-latest-small,4243,Brigham City (2001),Crime|Drama|Mystery,Crime,"{""release_year"": 2001, ""primary_genre"": ""Crime""}",ml-latest-small/movies.csv
ml-latest-small,4246,Bridget Jones's Diary (2001),Comedy|Drama|Romance,Comedy,"{""release_year"": 2001, ""primary_genre"": ""Comedy""}",ml-latest-small/movies.csv
ml-latest-small,4247,Joe Dirt (2001),Adventure|Comedy|Mystery|Romance,Adventure,"{""release_year"": 2001, ""primary_genre"": ""Adventure""}",ml-latest-small/movies.csv
ml-latest-small,4248,Josie and the Pussycats (2001),Comedy,Comedy,"{""release_year"": 2001, ""primary_genre"": ""Comedy""}",ml-latest-small/movies.csv
ml-latest-small,4251,Chopper (2000),Drama|Thriller,Drama,"{""release_year"": 2000, ""primary_genre"": ""Drama""}",ml-latest-small/movies.csv
ml-latest-small,4252,"Circle, The (Dayereh) (2000)",Drama,Drama,"{""release_year"": 2000, ""primary_genre"": ""Drama""}",ml-latest-small/movies.csv
ml-latest-small,4254,Crocodile Dundee in Los Angeles (2001),Comedy|Drama,Comedy,"{""release_year"": 2001, ""primary_genre"": ""Comedy""}",ml-latest-small/movies.csv
ml-latest-small,4255,Freddy Got Fingered (2001),Comedy,Comedy,"{""release_year"": 2001, ""primary_genre"": ""Comedy""}",ml-latest-small/movies.csv
ml-latest-small,4256,"Center of the World, The (2001)",Drama,Drama,"{""release_year"": 2001, ""primary_genre"": ""Drama""}",ml-latest-small/movies.csv
ml-latest-small,4259,"Luzhin Defence, The (2000)",Drama|Romance,Drama,"{""release_year"": 2000, ""primary_genre"": ""Drama""}",ml-latest-small/movies.csv
ml-latest-small,4260,"Visit, The (2000)",Drama,Drama,"{""release_year"": 2000, ""primary_genre"": ""Drama""}",ml-latest-small/movies.csv
ml-latest-small,4262,Scarface (1983),Action|Crime|Drama,Action,"{""release_year"": 1983, ""primary_genre"": ""Action""}",ml-latest-small/movies.csv
ml-latest-small,4263,Days of Wine and Roses (1962),Drama,Drama,"{""release_year"": 1962, ""primary_genre"": ""Drama""}",ml-latest-small/movies.csv
ml-latest-small,4265,Driven (2001),Action|Thriller,Action,"{""release_year"": 2001, ""primary_genre"": ""Action""}",ml-latest-small/movies.csv
ml-latest-small,4267,One Night at McCool's (2001),Comedy,Comedy,"{""release_year"": 2001, ""primary_genre"": ""Comedy""}",ml-latest-small/movies.csv
ml-latest-small,4268,Town & Country (2001),Comedy,Comedy,"{""release_year"": 2001, ""primary_genre"": ""Comedy""}",ml-latest-small/movies.csv
ml-latest-small,4270,"Mummy Returns, The (2001)",Action|Adventure|Comedy|Thriller,Action,"{""release_year"": 2001, ""primary_genre"": ""Action""}",ml-latest-small/movies.csv
ml-latest-small,4273,Under the Sand (2000),Drama,Drama,"{""release_year"": 2000, ""primary_genre"": ""Drama""}",ml-latest-small/movies.csv
ml-latest-small,4275,Krull (1983),Action|Adventure|Fantasy|Sci-Fi,Action,"{""release_year"": 1983, ""primary_genre"": ""Action""}",ml-latest-small/movies.csv
ml-latest-small,4276,Lost in America (1985),Comedy,Comedy,"{""release_year"": 1985, ""primary_genre"": ""Comedy""}",ml-latest-small/movies.csv
ml-latest-small,4278,Triumph of the Will (Triumph des Willens) (1934),Documentary,Documentary,"{""release_year"": 1934, ""primary_genre"": ""Documentary""}",ml-latest-small/movies.csv
ml-latest-small,4280,"World According to Garp, The (1982)",Comedy|Drama|Romance,Comedy,"{""release_year"": 1982, ""primary_genre"": ""Comedy""}",ml-latest-small/movies.csv
ml-latest-small,4282,Fellini Satyricon (1969),Drama|Fantasy,Drama,"{""release_year"": 1969, ""primary_genre"": ""Drama""}",ml-latest-small/movies.csv
ml-latest-small,4284,Frankie and Johnny (1966),Comedy,Comedy,"{""release_year"": 1966, ""primary_genre"": ""Comedy""}",ml-latest-small/movies.csv
ml-latest-small,4285,Frankie and Johnny (1991),Comedy|Romance,Comedy,"{""release_year"": 1991, ""primary_genre"": ""Comedy""}",ml-latest-small/movies.csv
ml-latest-small,4289,"City of Women, The (Città delle donne, La) (1980)",Comedy|Drama,Comedy,"{""release_year"": 1980, ""primary_genre"": ""Comedy""}",ml-latest-small/movies.csv
ml-latest-small,4290,For the Boys (1991),Comedy|Drama|Musical,Comedy,"{""release_year"": 1991, ""primary_genre"": ""Comedy""}",ml-latest-small/movies.csv
ml-latest-small,4291,Nine to Five (a.k.a. 9 to 5) (1980),Comedy|Crime,Comedy,"{""release_year"": 1980, ""primary_genre"": ""Comedy""}",ml-latest-small/movies.csv
ml-latest-small,4292,Norma Rae (1979),Drama,Drama,"{""release_year"": 1979, ""primary_genre"": ""Drama""}",ml-latest-small/movies.csv
ml-latest-small,4293,Summer Rental (1985),Comedy,Comedy,"{""release_year"": 1985, ""primary_genre"": ""Comedy""}",ml-latest-small/movies.csv
ml-latest-small,4294,"5,000 Fingers of Dr. T, The (1953)",Children|Fantasy|Musical,Children,"{""release_year"": 1953, ""primary_genre"": ""Children""}",ml-latest-small/movies.csv
ml-latest-small,4296,Love Story (1970),Drama|Romance,Drama,"{""release_year"": 1970, ""primary_genre"": ""Drama""}",ml-latest-small/movies.csv
ml-latest-small,4297,Pelle the Conqueror (Pelle erobreren) (1987),Drama,Drama,"{""release_year"": 1987, ""primary_genre"": ""Drama""}",ml-latest-small/movies.csv
ml-latest-small,4298,Rififi (Du rififi chez les hommes) (1955),Crime|Film-Noir|Thriller,Crime,"{""release_year"": 1955, ""primary_genre"": ""Crime""}",ml-latest-small/movies.csv
ml-latest-small,4299,"Knight's Tale, A (2001)",Action|Comedy|Romance,Action,"{""release_year"": 2001, ""primary_genre"": ""Action""}",ml-latest-small/movies.csv
ml-latest-small,4300,Bread and Roses (2000),Drama,Drama,"{""release_year"": 2000, ""primary_genre"": ""Drama""}",ml-latest-small/movies.csv
ml-latest-small,4304,Startup.com (2001),Documentary,Documentary,"{""release_year"": 2001, ""primary_genre"": ""Documentary""}",ml-latest-small/movies.csv
ml-latest-small,4305,Angel Eyes (2001),Romance|Thriller,Romance,"{""release_year"": 2001, ""primary_genre"": ""Romance""}",ml-latest-small/movies.csv
ml-latest-small,4306,Shrek (2001),Adventure|Animation|Children|Comedy|Fantasy|Romance,Adventure,"{""release_year"": 2001, ""primary_genre"": ""Adventure""}",ml-latest-small/movies.csv
ml-latest-small,4307,"Fast Food, Fast Women (2000)",Comedy|Romance,Comedy,"{""release_year"": 2000, ""primary_genre"": ""Comedy""}",ml-latest-small/movies.csv
ml-latest-small,4308,Moulin Rouge (2001),Drama|Musical|Romance,Drama,"{""release_year"": 2001, ""primary_genre"": ""Drama""}",ml-latest-small/movies.csv
ml-latest-small,4310,Pearl Harbor (2001),Action|Drama|Romance|War,Action,"{""release_year"": 2001, ""primary_genre"": ""Action""}",ml-latest-small/movies.csv
ml-latest-small,4312,Himalaya (Himalaya - l'enfance d'un chef) (1999),Adventure|Drama,Adventure,"{""release_year"": 1999, ""primary_genre"": ""Adventure""}",ml-latest-small/movies.csv
ml-latest-small,4313,"Man Who Cried, The (2000)",Drama,Drama,"{""release_year"": 2000, ""primary_genre"": ""Drama""}",ml-latest-small/movies.csv
ml-latest-small,4316,Ice Castles (1978),Drama,Drama,"{""release_year"": 1978, ""primary_genre"": ""Drama""}",ml-latest-small/movies.csv
ml-latest-small,4317,Love Potion #9 (1992),Comedy|Romance,Comedy,"{""release_year"": 1992, ""primary_genre"": ""Comedy""}",ml-latest-small/movies.csv
ml-latest-small,4321,City Slickers (1991),Comedy|Western,Comedy,"{""release_year"": 1991, ""primary_genre"": ""Comedy""}",ml-latest-small/movies.csv
ml-latest-small,4322,Eight Men Out (1988),Drama,Drama,"{""release_year"": 1988, ""primary_genre"": ""Drama""}",ml-latest-small/movies.csv
ml-latest-small,4323,"Horse Soldiers, The (1959)",Adventure|War|Western,Adventure,"{""release_year"": 1959, ""primary_genre"": ""Adventure""}",ml-latest-small/movies.csv
ml-latest-small,4325,"Night, The (Notte, La) (1960)",Drama,Drama,"{""release_year"": 1960, ""primary_genre"": ""Drama""}",ml-latest-small/movies.csv
ml-latest-small,4326,Mississippi Burning (1988),Crime|Drama|Thriller,Crime,"{""release_year"": 1988, ""primary_genre"": ""Crime""}",ml-latest-small/movies.csv
ml-latest-small,4327,"Magnificent Seven, The (1960)",Adventure|Western,Adventure,"{""release_year"": 1960, ""primary_genre"": ""Adventure""}",ml-latest-small/movies.csv
ml-latest-small,4329,Rio Bravo (1959),Western,Western,"{""release_year"": 1959, ""primary_genre"": ""Western""}",ml-latest-small/movies.csv
ml-latest-small,4333,Throw Momma from the Train (1987),Comedy|Crime,Comedy,"{""release_year"": 1987, ""primary_genre"": ""Comedy""}",ml-latest-small/movies.csv
ml-latest-small,4334,Yi Yi (2000),Drama,Drama,"{""release_year"": 2000, ""primary_genre"": ""Drama""}",ml-latest-small/movies.csv
ml-latest-small,4337,"Sand Pebbles, The (1966)",Drama|Romance|War,Drama,"{""release_year"": 1966, ""primary_genre"": ""Drama""}",ml-latest-small/movies.csv
ml-latest-small,4338,Twelve O'Clock High (1949),Drama|War,Drama,"{""release_year"": 1949, ""primary_genre"": ""Drama""}",ml-latest-small/movies.csv
ml-latest-small,4339,Von Ryan's Express (1965),Action|Adventure|Drama|War,Action,"{""release_year"": 1965, ""primary_genre"": ""Action""}",ml-latest-small/movies.csv
ml-latest-small,4340,"Animal, The (2001)",Comedy,Comedy,"{""release_year"": 2001, ""primary_genre"": ""Comedy""}",ml-latest-small/movies.csv
ml-latest-small,4342,Big Eden (2000),Drama|Romance,Drama,"{""release_year"": 2000, ""primary_genre"": ""Drama""}",ml-latest-small/movies.csv
ml-latest-small,4343,Evolution (2001),Comedy|Sci-Fi,Comedy,"{""release_year"": 2001, ""primary_genre"": ""Comedy""}",ml-latest-small/movies.csv
ml-latest-small,4344,Swordfish (2001),Action|Crime|Drama,Action,"{""release_year"": 2001, ""primary_genre"": ""Action""}",ml-latest-small/movies.csv
ml-latest-small,4345,"Anniversary Party, The (2001)",Drama,Drama,"{""release_year"": 2001, ""primary_genre"": ""Drama""}",ml-latest-small/movies.csv
ml-latest-small,4347,Divided We Fall (Musíme si pomáhat) (2000),Comedy|Drama,Comedy,"{""release_year"": 2000, ""primary_genre"": ""Comedy""}",ml-latest-small/movies.csv
ml-latest-small,4349,Catch-22 (1970),Comedy|War,Comedy,"{""release_year"": 1970, ""primary_genre"": ""Comedy""}",ml-latest-small/movies.csv
ml-latest-small,4350,Forgotten Silver (1996),Comedy|Documentary,Comedy,"{""release_year"": 1996, ""primary_genre"": ""Comedy""}",ml-latest-small/movies.csv
ml-latest-small,4351,Point Break (1991),Action|Crime|Thriller,Action,"{""release_year"": 1991, ""primary_genre"": ""Action""}",ml-latest-small/movies.csv
ml-latest-small,4353,Uncommon Valor (1983),Action|War,Action,"{""release_year"": 1983, ""primary_genre"": ""Action""}",ml-latest-small/movies.csv
ml-latest-small,4354,Unlawful Entry (1992),Crime|Thriller,Crime,"{""release_year"": 1992, ""primary_genre"": ""Crime""}",ml-latest-small/movies.csv
ml-latest-small,4355,Youngblood (1986),Action|Drama,Action,"{""release_year"": 1986, ""primary_genre"": ""Action""}",ml-latest-small/movies.csv
ml-latest-small,4356,Gentlemen Prefer Blondes (1953),Comedy|Musical|Romance,Comedy,"{""release_year"": 1953, ""primary_genre"": ""Comedy""}",ml-latest-small/movies.csv
ml-latest-small,4357,How to Marry a Millionaire (1953),Comedy|Drama|Romance,Comedy,"{""release_year"": 1953, ""primary_genre"": ""Comedy""}",ml-latest-small/movies.csv
ml-latest-small,4359,"Seven Year Itch, The (1955)",Comedy,Comedy,"{""release_year"": 1955, ""primary_genre"": ""Comedy""}",ml-latest-small/movies.csv
ml-latest-small,4361,Tootsie (1982),Comedy|Romance,Comedy,"{""release_year"": 1982, ""primary_genre"": ""Comedy""}",ml-latest-small/movies.csv
ml-latest-small,4366,Atlantis: The Lost Empire (2001),Adventure|Animation|Children|Fantasy,Adventure,"{""release_year"": 2001, ""primary_genre"": ""Adventure""}",ml-latest-small/movies.csv
ml-latest-small,4367,Lara Croft: Tomb Raider (2001),Action|Adventure,Action,"{""release_year"": 2001, ""primary_genre"": ""Action""}",ml-latest-small/movies.csv
ml-latest-small,4368,Dr. Dolittle 2 (2001),Comedy,Comedy,"{""release_year"": 2001, ""primary_genre"": ""Comedy""}",ml-latest-small/movies.csv
ml-latest-small,4369,"Fast and the Furious, The (2001)",Action|Crime|Thriller,Action,"{""release_year"": 2001, ""primary_genre"": ""Action""}",ml-latest-small/movies.csv
ml-latest-small,4370,A.I. Artificial Intelligence (2001),Adventure|Drama|Sci-Fi,Adventure,"{""release_year"": 2001, ""primary_genre"": ""Adventure""}",ml-latest-small/movies.csv
ml-latest-small,4371,Baby Boy (2001),Crime|Drama,Crime,"{""release_year"": 2001, ""primary_genre"": ""Crime""}",ml-latest-small/movies.csv
ml-latest-small,4372,Crazy/Beautiful (2001),Drama|Romance,Drama,"{""release_year"": 2001, ""primary_genre"": ""Drama""}",ml-latest-small/movies.csv
ml-latest-small,4373,Pootie Tang (2001),Comedy,Comedy,"{""release_year"": 2001, ""primary_genre"": ""Comedy""}",ml-latest-small/movies.csv
ml-latest-small,4374,Let It Snow (1999),Comedy|Romance,Comedy,"{""release_year"": 1999, ""primary_genre"": ""Comedy""}",ml-latest-small/movies.csv
ml-latest-small,4378,Sexy Beast (2000),Crime|Drama,Crime,"{""release_year"": 2000, ""primary_genre"": ""Crime""}",ml-latest-small/movies.csv
ml-latest-small,4380,"Princess and the Warrior, The (Krieger und die Kaiserin, Der) (2000)",Drama|Romance,Drama,"{""release_year"": 2000, ""primary_genre"": ""Drama""}",ml-latest-small/movies.csv
ml-latest-small,4381,"Closet, The (Placard, Le) (2001)",Comedy,Comedy,"{""release_year"": 2001, ""primary_genre"": ""Comedy""}",ml-latest-small/movies.csv
ml-latest-small,4383,"Crimson Rivers, The (Rivières pourpres, Les) (2000)",Crime|Drama|Mystery|Thriller,Crime,"{""release_year"": 2000, ""primary_genre"": ""Crime""}",ml-latest-small/movies.csv
ml-latest-small,4384,Lumumba (2000),Drama,Drama,"{""release_year"": 2000, ""primary_genre"": ""Drama""}",ml-latest-small/movies.csv
ml-latest-small,4386,Cats & Dogs (2001),Children|Comedy,Children,"{""release_year"": 2001, ""primary_genre"": ""Children""}",ml-latest-small/movies.csv
ml-latest-small,4387,Kiss of the Dragon (2001),Action,Action,"{""release_year"": 2001, ""primary_genre"": ""Action""}",ml-latest-small/movies.csv
ml-latest-small,4388,Scary Movie 2 (2001),Comedy,Comedy,"{""release_year"": 2001, ""primary_genre"": ""Comedy""}",ml-latest-small/movies.csv
ml-latest-small,4389,Lost and Delirious (2001),Drama,Drama,"{""release_year"": 2001, ""primary_genre"": ""Drama""}",ml-latest-small/movies.csv
ml-latest-small,4390,Rape Me (Baise-moi) (2000),Crime|Drama|Thriller,Crime,"{""release_year"": 2000, ""primary_genre"": ""Crime""}",ml-latest-small/movies.csv
ml-latest-small,4392,Alice (1990),Comedy|Drama|Fantasy|Romance,Comedy,"{""release_year"": 1990, ""primary_genre"": ""Comedy""}",ml-latest-small/movies.csv
ml-latest-small,4393,Another Woman (1988),Drama,Drama,"{""release_year"": 1988, ""primary_genre"": ""Drama""}",ml-latest-small/movies.csv
ml-latest-small,4394,Beach Blanket Bingo (1965),Comedy|Musical,Comedy,"{""release_year"": 1965, ""primary_genre"": ""Comedy""}",ml-latest-small/movies.csv
ml-latest-small,4395,Big Deal on Madonna Street (I Soliti Ignoti) (1958),Comedy|Crime,Comedy,"{""release_year"": 1958, ""primary_genre"": ""Comedy""}",ml-latest-small/movies.csv
ml-latest-small,4396,"Cannonball Run, The (1981)",Action|Comedy,Action,"{""release_year"": 1981, ""primary_genre"": ""Action""}",ml-latest-small/movies.csv
ml-latest-small,4397,Cannonball Run II (1984),Action|Comedy,Action,"{""release_year"": 1984, ""primary_genre"": ""Action""}",ml-latest-small/movies.csv
ml-latest-small,4399,"Diary of a Chambermaid (Journal d'une femme de chambre, Le) (1964)",Comedy|Drama,Comedy,"{""release_year"": 1964, ""primary_genre"": ""Comedy""}",ml-latest-small/movies.csv
ml-latest-small,4402,Dr. Goldfoot and the Bikini Machine (1965),Comedy,Comedy,"{""release_year"": 1965, ""primary_genre"": ""Comedy""}",ml-latest-small/movies.csv
ml-latest-small,4403,"Fall of the House of Usher, The (House of Usher) (1960)",Horror,Horror,"{""release_year"": 1960, ""primary_genre"": ""Horror""}",ml-latest-small/movies.csv
ml-latest-small,4404,Faust (1926),Drama|Fantasy|Horror,Drama,"{""release_year"": 1926, ""primary_genre"": ""Drama""}",ml-latest-small/movies.csv
ml-latest-small,4406,"Man Who Shot Liberty Valance, The (1962)",Crime|Drama|Western,Crime,"{""release_year"": 1962, ""primary_genre"": ""Crime""}",ml-latest-small/movies.csv
ml-latest-small,4407,Salvador (1986),Drama|Thriller|War,Drama,"{""release_year"": 1986, ""primary_genre"": ""Drama""}",ml-latest-small/movies.csv
ml-latest-small,4408,September (1987),Drama,Drama,"{""release_year"": 1987, ""primary_genre"": ""Drama""}",ml-latest-small/movies.csv
ml-latest-small,4409,Shadows and Fog (1991),Comedy|Drama|Mystery|Thriller,Comedy,"{""release_year"": 1991, ""primary_genre"": ""Comedy""}",ml-latest-small/movies.csv
ml-latest-small,4410,Something Wild (1986),Comedy|Crime|Drama,Comedy,"{""release_year"": 1986, ""primary_genre"": ""Comedy""}",ml-latest-small/movies.csv
ml-latest-small,4412,"Thing with Two Heads, The (1972)",Comedy|Horror|Sci-Fi,Comedy,"{""release_year"": 1972, ""primary_genre"": ""Comedy""}",ml-latest-small/movies.csv
ml-latest-small,4419,All That Heaven Allows (1955),Drama|Romance,Drama,"{""release_year"": 1955, ""primary_genre"": ""Drama""}",ml-latest-small/movies.csv
ml-latest-small,4420,"Barefoot Contessa, The (1954)",Drama,Drama,"{""release_year"": 1954, ""primary_genre"": ""Drama""}",ml-latest-small/movies.csv
ml-latest-small,4422,Cries and Whispers (Viskningar och rop) (1972),Drama,Drama,"{""release_year"": 1972, ""primary_genre"": ""Drama""}",ml-latest-small/movies.csv
ml-latest-small,4424,"Garden of the Finzi-Continis, The (Giardino dei Finzi-Contini, Il) (1970)",Drama,Drama,"{""release_year"": 1970, ""primary_genre"": ""Drama""}",ml-latest-small/movies.csv
ml-latest-small,4426,Kiss Me Deadly (1955),Film-Noir,Film-Noir,"{""release_year"": 1955, ""primary_genre"": ""Film-Noir""}",ml-latest-small/movies.csv
ml-latest-small,4427,"Lion in Winter, The (1968)",Drama,Drama,"{""release_year"": 1968, ""primary_genre"": ""Drama""}",ml-latest-small/movies.csv
ml-latest-small,4428,"Misfits, The (1961)",Comedy|Drama|Romance|Western,Comedy,"{""release_year"": 1961, ""primary_genre"": ""Comedy""}",ml-latest-small/movies.csv
ml-latest-small,4429,Moby Dick (1956),Drama,Drama,"{""release_year"": 1956, ""primary_genre"": ""Drama""}",ml-latest-small/movies.csv
ml-latest-small,4432,Sweet Smell of Success (1957),Drama|Film-Noir,Drama,"{""release_year"": 1957, ""primary_genre"": ""Drama""}",ml-latest-small/movies.csv
ml-latest-small,4433,Written on the Wind (1956),Drama,Drama,"{""release_year"": 1956, ""primary_genre"": ""Drama""}",ml-latest-small/movies.csv
ml-latest-small,4434,"10th Victim, The (La decima vittima) (1965)",Action|Comedy|Sci-Fi|Thriller,Action,"{""release_year"": 1965, ""primary_genre"": ""Action""}",ml-latest-small/movies.csv
ml-latest-small,4436,Obsession (1976),Mystery|Thriller,Mystery,"{""release_year"": 1976, ""primary_genre"": ""Mystery""}",ml-latest-small/movies.csv
ml-latest-small,4437,Suspiria (1977),Horror,Horror,"{""release_year"": 1977, ""primary_genre"": ""Horror""}",ml-latest-small/movies.csv
ml-latest-small,4438,"Fist of Fury (Chinese Connection, The) (Jing wu men) (1972)",Action|Drama|Romance|Thriller,Action,"{""release_year"": 1972, ""primary_genre"": ""Action""}",ml-latest-small/movies.csv
ml-latest-small,4439,Christiane F. (a.k.a. We Children from Bahnhof Zoo) (Christiane F. - Wir Kinder vom Bahnhof Zoo) (1981),Drama,Drama,"{""release_year"": 1981, ""primary_genre"": ""Drama""}",ml-latest-small/movies.csv
ml-latest-small,4440,"Big Boss, The (Fists of Fury) (Tang shan da xiong) (1971)",Action|Thriller,Action,"{""release_year"": 1971, ""primary_genre"": ""Action""}",ml-latest-small/movies.csv
ml-latest-small,4441,Game of Death (1978),Action,Action,"{""release_year"": 1978, ""primary_genre"": ""Action""}",ml-latest-small/movies.csv
ml-latest-small,4442,"Last Dragon, The (1985)",Action|Comedy|Drama,Action,"{""release_year"": 1985, ""primary_genre"": ""Action""}",ml-latest-small/movies.csv
ml-latest-small,4443,Outland (1981),Action|Sci-Fi|Thriller,Action,"{""release_year"": 1981, ""primary_genre"": ""Action""}",ml-latest-small/movies.csv
ml-latest-small,4444,"Way of the Dragon, The (a.k.a. Return of the Dragon) (Meng long guo jiang) (1972)",Action|Crime,Action,"{""release_year"": 1972, ""primary_genre"": ""Action""}",ml-latest-small/movies.csv
ml-latest-small,4445,T-Rex: Back to the Cretaceous (1998),Adventure|Documentary|IMAX,Adventure,"{""release_year"": 1998, ""primary_genre"": ""Adventure""}",ml-latest-small/movies.csv
ml-latest-small,4446,Final Fantasy: The Spirits Within (2001),Adventure|Animation|Fantasy|Sci-Fi,Adventure,"{""release_year"": 2001, ""primary_genre"": ""Adventure""}",ml-latest-small/movies.csv
ml-latest-small,4447,Legally Blonde (2001),Comedy|Romance,Comedy,"{""release_year"": 2001, ""primary_genre"": ""Comedy""}",ml-latest-small/movies.csv
ml-latest-small,4448,"Score, The (2001)",Action|Drama,Action,"{""release_year"": 2001, ""primary_genre"": ""Action""}",ml-latest-small/movies.csv
ml-latest-small,4449,Adanggaman (2000),Drama,Drama,"{""release_year"": 2000, ""primary_genre"": ""Drama""}",ml-latest-small/movies.csv
ml-latest-small,4450,Bully (2001),Crime|Drama|Thriller,Crime,"{""release_year"": 2001, ""primary_genre"": ""Crime""}",ml-latest-small/movies.csv
ml-latest-small,4451,Jump Tomorrow (2001),Comedy|Drama|Romance,Comedy,"{""release_year"": 2001, ""primary_genre"": ""Comedy""}",ml-latest-small/movies.csv
ml-latest-small,4452,Made (2001),Comedy,Comedy,"{""release_year"": 2001, ""primary_genre"": ""Comedy""}",ml-latest-small/movies.csv
ml-latest-small,4453,Michael Jordan to the Max (2000),Documentary|IMAX,Documentary,"{""release_year"": 2000, ""primary_genre"": ""Documentary""}",ml-latest-small/movies.csv
ml-latest-small,4454,More (1998),Animation|Drama|Sci-Fi|IMAX,Animation,"{""release_year"": 1998, ""primary_genre"": ""Animation""}",ml-latest-small/movies.csv
ml-latest-small,4458,Africa: The Serengeti (1994),Documentary|IMAX,Documentary,"{""release_year"": 1994, ""primary_genre"": ""Documentary""}",ml-latest-small/movies.csv
ml-latest-small,4459,Alaska: Spirit of the Wild (1997),Documentary|IMAX,Documentary,"{""release_year"": 1997, ""primary_genre"": ""Documentary""}",ml-latest-small/movies.csv
ml-latest-small,4462,18 Again! (1988),Comedy|Fantasy,Comedy,"{""release_year"": 1988, ""primary_genre"": ""Comedy""}",ml-latest-small/movies.csv
ml-latest-small,4463,1969 (1988),Drama|War,Drama,"{""release_year"": 1988, ""primary_genre"": ""Drama""}",ml-latest-small/movies.csv
ml-latest-small,4464,"Accidental Tourist, The (1988)",Comedy|Drama|Romance,Comedy,"{""release_year"": 1988, ""primary_genre"": ""Comedy""}",ml-latest-small/movies.csv
ml-latest-small,4465,"Accused, The (1988)",Drama,Drama,"{""release_year"": 1988, ""primary_genre"": ""Drama""}",ml-latest-small/movies.csv
ml-latest-small,4466,Above the Law (1988),Action|Crime|Drama,Action,"{""release_year"": 1988, ""primary_genre"": ""Action""}",ml-latest-small/movies.csv
ml-latest-small,4467,"Adventures of Baron Munchausen, The (1988)",Adventure|Comedy|Fantasy,Adventure,"{""release_year"": 1988, ""primary_genre"": ""Adventure""}",ml-latest-small/movies.csv
ml-latest-small,4470,Ariel (1988),Drama,Drama,"{""release_year"": 1988, ""primary_genre"": ""Drama""}",ml-latest-small/movies.csv
ml-latest-small,4471,Arthur 2: On the Rocks (1988),Comedy|Romance,Comedy,"{""release_year"": 1988, ""primary_genre"": ""Comedy""}",ml-latest-small/movies.csv
ml-latest-small,4473,Bat*21 (1988),Drama|War,Drama,"{""release_year"": 1988, ""primary_genre"": ""Drama""}",ml-latest-small/movies.csv
ml-latest-small,4474,Beaches (1988),Comedy|Drama|Musical,Comedy,"{""release_year"": 1988, ""primary_genre"": ""Comedy""}",ml-latest-small/movies.csv
ml-latest-small,4475,"Beast of War, The (Beast, The) (1988)",Drama|War,Drama,"{""release_year"": 1988, ""primary_genre"": ""Drama""}",ml-latest-small/movies.csv
ml-latest-small,4476,Big Business (1988),Comedy,Comedy,"{""release_year"": 1988, ""primary_genre"": ""Comedy""}",ml-latest-small/movies.csv
ml-latest-small,4477,Big Top Pee-Wee (1988),Adventure|Children|Comedy,Adventure,"{""release_year"": 1988, ""primary_genre"": ""Adventure""}",ml-latest-small/movies.csv
ml-latest-small,4478,Biloxi Blues (1988),Comedy|Drama,Comedy,"{""release_year"": 1988, ""primary_genre"": ""Comedy""}",ml-latest-small/movies.csv
ml-latest-small,4480,"Blob, The (1988)",Horror|Sci-Fi,Horror,"{""release_year"": 1988, ""primary_genre"": ""Horror""}",ml-latest-small/movies.csv
ml-latest-small,4482,"Bright Lights, Big City (1988)",Drama,Drama,"{""release_year"": 1988, ""primary_genre"": ""Drama""}",ml-latest-small/movies.csv
ml-latest-small,4483,Caddyshack II (1988),Comedy,Comedy,"{""release_year"": 1988, ""primary_genre"": ""Comedy""}",ml-latest-small/movies.csv
ml-latest-small,4484,Camille Claudel (1988),Drama,Drama,"{""release_year"": 1988, ""primary_genre"": ""Drama""}",ml-latest-small/movies.csv
ml-latest-small,4487,Cocktail (1988),Drama|Romance,Drama,"{""release_year"": 1988, ""primary_genre"": ""Drama""}",ml-latest-small/movies.csv
ml-latest-small,4488,Colors (1988),Action|Crime|Drama,Action,"{""release_year"": 1988, ""primary_genre"": ""Action""}",ml-latest-small/movies.csv
ml-latest-small,4489,Coming to America (1988),Comedy|Romance,Comedy,"{""release_year"": 1988, ""primary_genre"": ""Comedy""}",ml-latest-small/movies.csv
ml-latest-small,4490,"Couch Trip, The (1988)",Comedy,Comedy,"{""release_year"": 1988, ""primary_genre"": ""Comedy""}",ml-latest-small/movies.csv
ml-latest-small,4492,Critters (1986),Comedy|Sci-Fi,Comedy,"{""release_year"": 1986, ""primary_genre"": ""Comedy""}",ml-latest-small/movies.csv
ml-latest-small,4495,Crossing Delancey (1988),Comedy|Romance,Comedy,"{""release_year"": 1988, ""primary_genre"": ""Comedy""}",ml-latest-small/movies.csv
ml-latest-small,4496,D.O.A. (1988),Film-Noir|Mystery|Thriller,Film-Noir,"{""release_year"": 1988, ""primary_genre"": ""Film-Noir""}",ml-latest-small/movies.csv
ml-latest-small,4497,Dead Heat (1988),Action|Comedy|Horror|Sci-Fi,Action,"{""release_year"": 1988, ""primary_genre"": ""Action""}",ml-latest-small/movies.csv
ml-latest-small,4498,"Dead Pool, The (1988)",Action|Crime|Thriller,Action,"{""release_year"": 1988, ""primary_genre"": ""Action""}",ml-latest-small/movies.csv
ml-latest-small,4499,Dirty Rotten Scoundrels (1988),Comedy,Comedy,"{""release_year"": 1988, ""primary_genre"": ""Comedy""}",ml-latest-small/movies.csv
ml-latest-small,4500,Drowning by Numbers (1988),Comedy|Drama,Comedy,"{""release_year"": 1988, ""primary_genre"": ""Comedy""}",ml-latest-small/movies.csv
ml-latest-small,4502,Ernest Saves Christmas (1988),Children|Comedy,Children,"{""release_year"": 1988, ""primary_genre"": ""Children""}",ml-latest-small/movies.csv
ml-latest-small,4504,Feds (1988),Comedy,Comedy,"{""release_year"": 1988, ""primary_genre"": ""Comedy""}",ml-latest-small/movies.csv
ml-latest-small,4505,For Keeps (1988),Drama|Romance,Drama,"{""release_year"": 1988, ""primary_genre"": ""Drama""}",ml-latest-small/movies.csv
ml-latest-small,4506,Frantic (1988),Crime|Mystery|Thriller,Crime,"{""release_year"": 1988, ""primary_genre"": ""Crime""}",ml-latest-small/movies.csv
ml-latest-small,4508,Gorillas in the Mist (1988),Drama,Drama,"{""release_year"": 1988, ""primary_genre"": ""Drama""}",ml-latest-small/movies.csv
ml-latest-small,4509,"Great Outdoors, The (1988)",Comedy,Comedy,"{""release_year"": 1988, ""primary_genre"": ""Comedy""}",ml-latest-small/movies.csv
ml-latest-small,4511,High Spirits (1988),Comedy,Comedy,"{""release_year"": 1988, ""primary_genre"": ""Comedy""}",ml-latest-small/movies.csv
ml-latest-small,4516,Johnny Be Good (1988),Comedy,Comedy,"{""release_year"": 1988, ""primary_genre"": ""Comedy""}",ml-latest-small/movies.csv
ml-latest-small,4517,Lady in White (a.k.a. The Mystery of the Lady in White) (1988),Horror|Mystery|Thriller,Horror,"{""release_year"": 1988, ""primary_genre"": ""Horror""}",ml-latest-small/movies.csv
ml-latest-small,4518,The Lair of the White Worm (1988),Comedy|Horror,Comedy,"{""release_year"": 1988, ""primary_genre"": ""Comedy""}",ml-latest-small/movies.csv
ml-latest-small,4519,"Land Before Time, The (1988)",Adventure|Animation|Children|Fantasy,Adventure,"{""release_year"": 1988, ""primary_genre"": ""Adventure""}",ml-latest-small/movies.csv
ml-latest-small,4520,License to Drive (1988),Comedy,Comedy,"{""release_year"": 1988, ""primary_genre"": ""Comedy""}",ml-latest-small/movies.csv
ml-latest-small,4521,Little Nikita (1988),Drama,Drama,"{""release_year"": 1988, ""primary_genre"": ""Drama""}",ml-latest-small/movies.csv
ml-latest-small,4522,Masquerade (1988),Mystery|Romance|Thriller,Mystery,"{""release_year"": 1988, ""primary_genre"": ""Mystery""}",ml-latest-small/movies.csv
ml-latest-small,4523,Milagro Beanfield War (1988),Comedy|Drama|Fantasy,Comedy,"{""release_year"": 1988, ""primary_genre"": ""Comedy""}",ml-latest-small/movies.csv
ml-latest-small,4524,Moon Over Parador (1988),Comedy,Comedy,"{""release_year"": 1988, ""primary_genre"": ""Comedy""}",ml-latest-small/movies.csv
ml-latest-small,4526,My Stepmother Is an Alien (1988),Comedy|Romance|Sci-Fi,Comedy,"{""release_year"": 1988, ""primary_genre"": ""Comedy""}",ml-latest-small/movies.csv
ml-latest-small,4527,"Night in the Life of Jimmy Reardon, A (1988)",Comedy|Romance,Comedy,"{""release_year"": 1988, ""primary_genre"": ""Comedy""}",ml-latest-small/movies.csv
ml-latest-small,4529,Bagdad Cafe (Out of Rosenheim) (1987),Comedy|Drama,Comedy,"{""release_year"": 1987, ""primary_genre"": ""Comedy""}",ml-latest-small/movies.csv
ml-latest-small,4531,Red Heat (1988),Action,Action,"{""release_year"": 1988, ""primary_genre"": ""Action""}",ml-latest-small/movies.csv
ml-latest-small,4533,"Return of the Living Dead, The (1985)",Comedy|Horror|Sci-Fi,Comedy,"{""release_year"": 1985, ""primary_genre"": ""Comedy""}",ml-latest-small/movies.csv
ml-latest-small,4534,Return to Snowy River (a.k.a. The Man From Snowy River II) (1988),Adventure|Drama|Western,Adventure,"{""release_year"": 1988, ""primary_genre"": ""Adventure""}",ml-latest-small/movies.csv
ml-latest-small,4535,"Man from Snowy River, The (1982)",Drama|Romance|Western,Drama,"{""release_year"": 1982, ""primary_genre"": ""Drama""}",ml-latest-small/movies.csv
ml-latest-small,4537,Running on Empty (1988),Drama,Drama,"{""release_year"": 1988, ""primary_genre"": ""Drama""}",ml-latest-small/movies.csv
ml-latest-small,4541,"Serpent and the Rainbow, The (1988)",Horror,Horror,"{""release_year"": 1988, ""primary_genre"": ""Horror""}",ml-latest-small/movies.csv
ml-latest-small,4544,Short Circuit 2 (1988),Comedy|Sci-Fi,Comedy,"{""release_year"": 1988, ""primary_genre"": ""Comedy""}",ml-latest-small/movies.csv
ml-latest-small,4545,Short Circuit (1986),Comedy|Sci-Fi,Comedy,"{""release_year"": 1986, ""primary_genre"": ""Comedy""}",ml-latest-small/movies.csv
ml-latest-small,4546,"Vanishing, The (Spoorloos) (1988)",Drama|Thriller,Drama,"{""release_year"": 1988, ""primary_genre"": ""Drama""}",ml-latest-small/movies.csv
ml-latest-small,4552,"Tetsuo, the Ironman (Tetsuo) (1988)",Action|Horror|Sci-Fi|Thriller,Action,"{""release_year"": 1988, ""primary_genre"": ""Action""}",ml-latest-small/movies.csv
ml-latest-small,4553,They Live (1988),Action|Sci-Fi|Thriller,Action,"{""release_year"": 1988, ""primary_genre"": ""Action""}",ml-latest-small/movies.csv
ml-latest-small,4557,Tucker: The Man and His Dream (1988),Drama,Drama,"{""release_year"": 1988, ""primary_genre"": ""Drama""}",ml-latest-small/movies.csv
ml-latest-small,4558,Twins (1988),Comedy,Comedy,"{""release_year"": 1988, ""primary_genre"": ""Comedy""}",ml-latest-small/movies.csv
ml-latest-small,4562,Without a Clue (1988),Comedy|Mystery,Comedy,"{""release_year"": 1988, ""primary_genre"": ""Comedy""}",ml-latest-small/movies.csv
ml-latest-small,4563,Young Einstein (1988),Comedy,Comedy,"{""release_year"": 1988, ""primary_genre"": ""Comedy""}",ml-latest-small/movies.csv
ml-latest-small,4564,Always (1989),Drama|Fantasy|Romance,Drama,"{""release_year"": 1989, ""primary_genre"": ""Drama""}",ml-latest-small/movies.csv
ml-latest-small,4565,American Ninja (1985),Action|Adventure,Action,"{""release_year"": 1985, ""primary_genre"": ""Action""}",ml-latest-small/movies.csv
ml-latest-small,4568,Best of the Best (1989),Action,Action,"{""release_year"": 1989, ""primary_genre"": ""Action""}",ml-latest-small/movies.csv
ml-latest-small,4571,Bill & Ted's Excellent Adventure (1989),Adventure|Comedy|Sci-Fi,Adventure,"{""release_year"": 1989, ""primary_genre"": ""Adventure""}",ml-latest-small/movies.csv
ml-latest-small,4572,Black Rain (1989),Action|Crime|Drama,Action,"{""release_year"": 1989, ""primary_genre"": ""Action""}",ml-latest-small/movies.csv
ml-latest-small,4573,Blaze (1989),Comedy|Drama,Comedy,"{""release_year"": 1989, ""primary_genre"": ""Comedy""}",ml-latest-small/movies.csv
ml-latest-small,4574,Blind Fury (1989),Action|Thriller,Action,"{""release_year"": 1989, ""primary_genre"": ""Action""}",ml-latest-small/movies.csv
ml-latest-small,4577,Casualties of War (1989),Drama|War,Drama,"{""release_year"": 1989, ""primary_genre"": ""Drama""}",ml-latest-small/movies.csv
ml-latest-small,4578,Chances Are (1989),Comedy|Romance,Comedy,"{""release_year"": 1989, ""primary_genre"": ""Comedy""}",ml-latest-small/movies.csv
ml-latest-small,4580,Cyborg (1989),Action|Sci-Fi,Action,"{""release_year"": 1989, ""primary_genre"": ""Action""}",ml-latest-small/movies.csv
ml-latest-small,4581,Dad (1989),Drama,Drama,"{""release_year"": 1989, ""primary_genre"": ""Drama""}",ml-latest-small/movies.csv
ml-latest-small,4583,Disorganized Crime (1989),Action|Comedy,Action,"{""release_year"": 1989, ""primary_genre"": ""Action""}",ml-latest-small/movies.csv
ml-latest-small,4584,Dream a Little Dream (1989),Comedy|Drama|Romance,Comedy,"{""release_year"": 1989, ""primary_genre"": ""Comedy""}",ml-latest-small/movies.csv
ml-latest-small,4585,"Dream Team, The (1989)",Comedy,Comedy,"{""release_year"": 1989, ""primary_genre"": ""Comedy""}",ml-latest-small/movies.csv
ml-latest-small,4587,Earth Girls Are Easy (1988),Comedy|Musical|Sci-Fi,Comedy,"{""release_year"": 1988, ""primary_genre"": ""Comedy""}",ml-latest-small/movies.csv
ml-latest-small,4589,Eddie and the Cruisers (1983),Drama|Musical|Mystery,Drama,"{""release_year"": 1983, ""primary_genre"": ""Drama""}",ml-latest-small/movies.csv
ml-latest-small,4591,Erik the Viking (1989),Adventure|Comedy|Fantasy,Adventure,"{""release_year"": 1989, ""primary_genre"": ""Adventure""}",ml-latest-small/movies.csv
ml-latest-small,4593,Family Business (1989),Comedy,Comedy,"{""release_year"": 1989, ""primary_genre"": ""Comedy""}",ml-latest-small/movies.csv
ml-latest-small,4594,Farewell to the King (1989),Action|War,Action,"{""release_year"": 1989, ""primary_genre"": ""Action""}",ml-latest-small/movies.csv
ml-latest-small,4595,Fat Man and Little Boy (1989),Drama,Drama,"{""release_year"": 1989, ""primary_genre"": ""Drama""}",ml-latest-small/movies.csv
ml-latest-small,4597,Gleaming the Cube (1989),Action|Drama|Mystery,Action,"{""release_year"": 1989, ""primary_genre"": ""Action""}",ml-latest-small/movies.csv
ml-latest-small,4599,Great Balls of Fire! (1989),Drama,Drama,"{""release_year"": 1989, ""primary_genre"": ""Drama""}",ml-latest-small/movies.csv
ml-latest-small,4600,Gross Anatomy (a.k.a. A Cut Above) (1989),Comedy|Drama,Comedy,"{""release_year"": 1989, ""primary_genre"": ""Comedy""}",ml-latest-small/movies.csv
ml-latest-small,4602,Harlem Nights (1989),Comedy|Crime|Romance,Comedy,"{""release_year"": 1989, ""primary_genre"": ""Comedy""}",ml-latest-small/movies.csv
ml-latest-small,4603,Her Alibi (1989),Comedy|Romance,Comedy,"{""release_year"": 1989, ""primary_genre"": ""Comedy""}",ml-latest-small/movies.csv
ml-latest-small,4605,How to Get Ahead in Advertising (1989),Comedy|Fantasy,Comedy,"{""release_year"": 1989, ""primary_genre"": ""Comedy""}",ml-latest-small/movies.csv
ml-latest-small,4608,"Innocent Man, An (1989)",Crime|Drama,Crime,"{""release_year"": 1989, ""primary_genre"": ""Crime""}",ml-latest-small/movies.csv
ml-latest-small,4610,"January Man, The (1989)",Comedy|Crime|Mystery|Thriller,Comedy,"{""release_year"": 1989, ""primary_genre"": ""Comedy""}",ml-latest-small/movies.csv
ml-latest-small,4611,Johnny Handsome (1989),Crime|Drama,Crime,"{""release_year"": 1989, ""primary_genre"": ""Crime""}",ml-latest-small/movies.csv
ml-latest-small,4612,Jesus of Montreal (Jésus de Montréal) (1989),Drama,Drama,"{""release_year"": 1989, ""primary_genre"": ""Drama""}",ml-latest-small/movies.csv
ml-latest-small,4613,K-9 (1989),Action|Comedy|Crime,Action,"{""release_year"": 1989, ""primary_genre"": ""Action""}",ml-latest-small/movies.csv
ml-latest-small,4614,Kickboxer (1989),Action,Action,"{""release_year"": 1989, ""primary_genre"": ""Action""}",ml-latest-small/movies.csv
ml-latest-small,4615,Last Exit to Brooklyn (1989),Drama,Drama,"{""release_year"": 1989, ""primary_genre"": ""Drama""}",ml-latest-small/movies.csv
ml-latest-small,4616,Lean on Me (1989),Drama,Drama,"{""release_year"": 1989, ""primary_genre"": ""Drama""}",ml-latest-small/movies.csv
ml-latest-small,4617,Let It Ride (1989),Comedy,Comedy,"{""release_year"": 1989, ""primary_genre"": ""Comedy""}",ml-latest-small/movies.csv
ml-latest-small,4619,Little Monsters (1989),Comedy,Comedy,"{""release_year"": 1989, ""primary_genre"": ""Comedy""}",ml-latest-small/movies.csv
ml-latest-small,4621,Look Who's Talking (1989),Comedy|Romance,Comedy,"{""release_year"": 1989, ""primary_genre"": ""Comedy""}",ml-latest-small/movies.csv
ml-latest-small,4622,Loverboy (1989),Comedy,Comedy,"{""release_year"": 1989, ""primary_genre"": ""Comedy""}",ml-latest-small/movies.csv
ml-latest-small,4623,Major League (1989),Comedy,Comedy,"{""release_year"": 1989, ""primary_genre"": ""Comedy""}",ml-latest-small/movies.csv
ml-latest-small,4624,Meet the Feebles (1989),Animation|Comedy|Musical,Animation,"{""release_year"": 1989, ""primary_genre"": ""Animation""}",ml-latest-small/movies.csv
ml-latest-small,4625,Millennium (1989),Drama|Sci-Fi|Thriller,Drama,"{""release_year"": 1989, ""primary_genre"": ""Drama""}",ml-latest-small/movies.csv
ml-latest-small,4626,Miracle Mile (1989),Drama|Romance|Sci-Fi,Drama,"{""release_year"": 1989, ""primary_genre"": ""Drama""}",ml-latest-small/movies.csv
ml-latest-small,4628,New York Stories (1989),Comedy|Drama,Comedy,"{""release_year"": 1989, ""primary_genre"": ""Comedy""}",ml-latest-small/movies.csv
ml-latest-small,4629,Next of Kin (1989),Action|Crime|Thriller,Action,"{""release_year"": 1989, ""primary_genre"": ""Action""}",ml-latest-small/movies.csv
ml-latest-small,4630,No Holds Barred (1989),Action,Action,"{""release_year"": 1989, ""primary_genre"": ""Action""}",ml-latest-small/movies.csv
ml-latest-small,4632,"Package, The (1989)",Action|Thriller,Action,"{""release_year"": 1989, ""primary_genre"": ""Action""}",ml-latest-small/movies.csv
ml-latest-small,4634,Penn & Teller Get Killed (1989),Adventure|Comedy,Adventure,"{""release_year"": 1989, ""primary_genre"": ""Adventure""}",ml-latest-small/movies.csv
ml-latest-small,4635,Pink Cadillac (1989),Action|Comedy|Drama,Action,"{""release_year"": 1989, ""primary_genre"": ""Action""}",ml-latest-small/movies.csv
ml-latest-small,4636,"Punisher, The (1989)",Action,Action,"{""release_year"": 1989, ""primary_genre"": ""Action""}",ml-latest-small/movies.csv
ml-latest-small,4638,Jurassic Park III (2001),Action|Adventure|Sci-Fi|Thriller,Action,"{""release_year"": 2001, ""primary_genre"": ""Action""}",ml-latest-small/movies.csv
ml-latest-small,4639,America's Sweethearts (2001),Comedy|Romance,Comedy,"{""release_year"": 2001, ""primary_genre"": ""Comedy""}",ml-latest-small/movies.csv
ml-latest-small,4640,Brother (2000),Action|Crime|Thriller,Action,"{""release_year"": 2000, ""primary_genre"": ""Action""}",ml-latest-small/movies.csv
ml-latest-small,4641,Ghost World (2001),Comedy|Drama,Comedy,"{""release_year"": 2001, ""primary_genre"": ""Comedy""}",ml-latest-small/movies.csv
ml-latest-small,4642,Hedwig and the Angry Inch (2000),Comedy|Drama|Musical,Comedy,"{""release_year"": 2000, ""primary_genre"": ""Comedy""}",ml-latest-small/movies.csv
ml-latest-small,4643,Planet of the Apes (2001),Action|Adventure|Drama|Sci-Fi,Action,"{""release_year"": 2001, ""primary_genre"": ""Action""}",ml-latest-small/movies.csv
ml-latest-small,4644,Bread and Tulips (Pane e tulipani) (2000),Comedy|Drama|Romance,Comedy,"{""release_year"": 2000, ""primary_genre"": ""Comedy""}",ml-latest-small/movies.csv
ml-latest-small,4645,Cure (1997),Crime|Horror|Thriller,Crime,"{""release_year"": 1997, ""primary_genre"": ""Crime""}",ml-latest-small/movies.csv
ml-latest-small,4646,Greenfingers (2000),Comedy|Drama,Comedy,"{""release_year"": 2000, ""primary_genre"": ""Comedy""}",ml-latest-small/movies.csv
ml-latest-small,4649,Wet Hot American Summer (2001),Comedy,Comedy,"{""release_year"": 2001, ""primary_genre"": ""Comedy""}",ml-latest-small/movies.csv
ml-latest-small,4653,"Return of the Musketeers, The (1989)",Adventure|Comedy,Adventure,"{""release_year"": 1989, ""primary_genre"": ""Adventure""}",ml-latest-small/movies.csv
ml-latest-small,4654,Road House (1989),Action|Drama,Action,"{""release_year"": 1989, ""primary_genre"": ""Action""}",ml-latest-small/movies.csv
ml-latest-small,4658,Santa Sangre (1989),Drama|Horror|Mystery|Thriller,Drama,"{""release_year"": 1989, ""primary_genre"": ""Drama""}",ml-latest-small/movies.csv
ml-latest-small,4660,Scenes from the Class Struggle in Beverly Hills (1989),Comedy,Comedy,"{""release_year"": 1989, ""primary_genre"": ""Comedy""}",ml-latest-small/movies.csv
ml-latest-small,4661,Sea of Love (1989),Crime|Drama|Thriller,Crime,"{""release_year"": 1989, ""primary_genre"": ""Crime""}",ml-latest-small/movies.csv
ml-latest-small,4662,"See No Evil, Hear No Evil (1989)",Comedy|Crime,Comedy,"{""release_year"": 1989, ""primary_genre"": ""Comedy""}",ml-latest-small/movies.csv
ml-latest-small,4663,She's Out of Control (1989),Comedy,Comedy,"{""release_year"": 1989, ""primary_genre"": ""Comedy""}",ml-latest-small/movies.csv
ml-latest-small,4666,Skin Deep (1989),Comedy,Comedy,"{""release_year"": 1989, ""primary_genre"": ""Comedy""}",ml-latest-small/movies.csv
ml-latest-small,4670,"Stepfather, The (1987)",Horror|Thriller,Horror,"{""release_year"": 1987, ""primary_genre"": ""Horror""}",ml-latest-small/movies.csv
ml-latest-small,4671,Sweetie (1989),Drama,Drama,"{""release_year"": 1989, ""primary_genre"": ""Drama""}",ml-latest-small/movies.csv
ml-latest-small,4672,"Tall Guy, The (1989)",Comedy|Romance,Comedy,"{""release_year"": 1989, ""primary_genre"": ""Comedy""}",ml-latest-small/movies.csv
ml-latest-small,4673,Tango & Cash (1989),Action|Comedy|Crime|Thriller,Action,"{""release_year"": 1989, ""primary_genre"": ""Action""}",ml-latest-small/movies.csv
ml-latest-small,4675,Three Fugitives (1989),Action|Comedy,Action,"{""release_year"": 1989, ""primary_genre"": ""Action""}",ml-latest-small/movies.csv
ml-latest-small,4676,Troop Beverly Hills (1989),Comedy,Comedy,"{""release_year"": 1989, ""primary_genre"": ""Comedy""}",ml-latest-small/movies.csv
ml-latest-small,4677,Turner & Hooch (1989),Comedy|Crime,Comedy,"{""release_year"": 1989, ""primary_genre"": ""Comedy""}",ml-latest-small/movies.csv
ml-latest-small,4678,UHF (1989),Comedy,Comedy,"{""release_year"": 1989, ""primary_genre"": ""Comedy""}",ml-latest-small/movies.csv
ml-latest-small,4679,Uncle Buck (1989),Comedy,Comedy,"{""release_year"": 1989, ""primary_genre"": ""Comedy""}",ml-latest-small/movies.csv
ml-latest-small,4681,"War of the Roses, The (1989)",Comedy|Drama,Comedy,"{""release_year"": 1989, ""primary_genre"": ""Comedy""}",ml-latest-small/movies.csv
ml-latest-small,4683,"Wizard, The (1989)",Adventure|Children|Comedy|Drama,Adventure,"{""release_year"": 1989, ""primary_genre"": ""Adventure""}",ml-latest-small/movies.csv
ml-latest-small,4686,Weekend at Bernie's II (1993),Adventure|Comedy,Adventure,"{""release_year"": 1993, ""primary_genre"": ""Adventure""}",ml-latest-small/movies.csv
ml-latest-small,4687,Billy Liar (1963),Comedy,Comedy,"{""release_year"": 1963, ""primary_genre"": ""Comedy""}",ml-latest-small/movies.csv
ml-latest-small,4688,Black Robe (1991),Adventure|Drama,Adventure,"{""release_year"": 1991, ""primary_genre"": ""Adventure""}",ml-latest-small/movies.csv
ml-latest-small,4689,"Cat o' Nine Tails, The (Gatto a nove code, Il) (1971)",Mystery|Thriller,Mystery,"{""release_year"": 1971, ""primary_genre"": ""Mystery""}",ml-latest-small/movies.csv
ml-latest-small,4690,"Cotton Club, The (1984)",Crime|Musical,Crime,"{""release_year"": 1984, ""primary_genre"": ""Crime""}",ml-latest-small/movies.csv
ml-latest-small,4695,Who'll Stop the Rain (1978),Crime|Drama,Crime,"{""release_year"": 1978, ""primary_genre"": ""Crime""}",ml-latest-small/movies.csv
ml-latest-small,4697,Basket Case (1982),Comedy|Horror,Comedy,"{""release_year"": 1982, ""primary_genre"": ""Comedy""}",ml-latest-small/movies.csv
ml-latest-small,4699,Original Sin (2001),Drama|Romance|Thriller,Drama,"{""release_year"": 2001, ""primary_genre"": ""Drama""}",ml-latest-small/movies.csv
ml-latest-small,4700,"Princess Diaries, The (2001)",Children|Comedy|Romance,Children,"{""release_year"": 2001, ""primary_genre"": ""Children""}",ml-latest-small/movies.csv
ml-latest-small,4701,Rush Hour 2 (2001),Action|Comedy,Action,"{""release_year"": 2001, ""primary_genre"": ""Action""}",ml-latest-small/movies.csv
ml-latest-small,4703,Chocolat (1988),Drama,Drama,"{""release_year"": 1988, ""primary_genre"": ""Drama""}",ml-latest-small/movies.csv
ml-latest-small,4704,Hatari! (1962),Adventure|Comedy,Adventure,"{""release_year"": 1962, ""primary_genre"": ""Adventure""}",ml-latest-small/movies.csv
ml-latest-small,4705,"Cage aux Folles, La (1978)",Comedy,Comedy,"{""release_year"": 1978, ""primary_genre"": ""Comedy""}",ml-latest-small/movies.csv
ml-latest-small,4708,Marat/Sade (1966),Drama|Musical,Drama,"{""release_year"": 1966, ""primary_genre"": ""Drama""}",ml-latest-small/movies.csv
ml-latest-small,4709,Paint Your Wagon (1969),Comedy|Musical|Western,Comedy,"{""release_year"": 1969, ""primary_genre"": ""Comedy""}",ml-latest-small/movies.csv
ml-latest-small,4710,"Shootist, The (1976)",Drama|Western,Drama,"{""release_year"": 1976, ""primary_genre"": ""Drama""}",ml-latest-small/movies.csv
ml-latest-small,4711,Theremin: An Electronic Odyssey (1993),Documentary,Documentary,"{""release_year"": 1993, ""primary_genre"": ""Documentary""}",ml-latest-small/movies.csv
ml-latest-small,4713,Altered States (1980),Drama|Sci-Fi,Drama,"{""release_year"": 1980, ""primary_genre"": ""Drama""}",ml-latest-small/movies.csv
ml-latest-small,4714,Any Which Way You Can (1980),Comedy,Comedy,"{""release_year"": 1980, ""primary_genre"": ""Comedy""}",ml-latest-small/movies.csv
ml-latest-small,4715,"Awakening, The (1980)",Horror,Horror,"{""release_year"": 1980, ""primary_genre"": ""Horror""}",ml-latest-small/movies.csv
ml-latest-small,4717,"Battle Creek Brawl (Big Brawl, The) (1980)",Action|Comedy,Action,"{""release_year"": 1980, ""primary_genre"": ""Action""}",ml-latest-small/movies.csv
ml-latest-small,4718,American Pie 2 (2001),Comedy,Comedy,"{""release_year"": 2001, ""primary_genre"": ""Comedy""}",ml-latest-small/movies.csv
ml-latest-small,4719,Osmosis Jones (2001),Action|Animation|Comedy|Crime|Drama|Romance|Thriller,Action,"{""release_year"": 2001, ""primary_genre"": ""Action""}",ml-latest-small/movies.csv
ml-latest-small,4720,"Others, The (2001)",Drama|Horror|Mystery|Thriller,Drama,"{""release_year"": 2001, ""primary_genre"": ""Drama""}",ml-latest-small/movies.csv
ml-latest-small,4721,American Outlaws (2001),Action|Comedy|Western,Action,"{""release_year"": 2001, ""primary_genre"": ""Action""}",ml-latest-small/movies.csv
ml-latest-small,4722,All Over the Guy (2001),Comedy,Comedy,"{""release_year"": 2001, ""primary_genre"": ""Comedy""}",ml-latest-small/movies.csv
ml-latest-small,4723,"Deep End, The (2001)",Drama,Drama,"{""release_year"": 2001, ""primary_genre"": ""Drama""}",ml-latest-small/movies.csv
ml-latest-small,4725,Session 9 (2001),Horror|Thriller,Horror,"{""release_year"": 2001, ""primary_genre"": ""Horror""}",ml-latest-small/movies.csv
ml-latest-small,4727,Captain Corelli's Mandolin (2001),Drama|Romance|War,Drama,"{""release_year"": 2001, ""primary_genre"": ""Drama""}",ml-latest-small/movies.csv
ml-latest-small,4728,Rat Race (2001),Comedy,Comedy,"{""release_year"": 2001, ""primary_genre"": ""Comedy""}",ml-latest-small/movies.csv
ml-latest-small,4732,Bubble Boy (2001),Comedy,Comedy,"{""release_year"": 2001, ""primary_genre"": ""Comedy""}",ml-latest-small/movies.csv
ml-latest-small,4733,"Curse of the Jade Scorpion, The (2001)",Comedy,Comedy,"{""release_year"": 2001, ""primary_genre"": ""Comedy""}",ml-latest-small/movies.csv
ml-latest-small,4734,Jay and Silent Bob Strike Back (2001),Adventure|Comedy,Adventure,"{""release_year"": 2001, ""primary_genre"": ""Adventure""}",ml-latest-small/movies.csv
ml-latest-small,4735,Ghosts of Mars (2001),Horror|Sci-Fi|Thriller,Horror,"{""release_year"": 2001, ""primary_genre"": ""Horror""}",ml-latest-small/movies.csv
ml-latest-small,4736,Summer Catch (2001),Comedy|Drama|Romance,Comedy,"{""release_year"": 2001, ""primary_genre"": ""Comedy""}",ml-latest-small/movies.csv
ml-latest-small,4738,Happy Accidents (2000),Romance|Sci-Fi,Romance,"{""release_year"": 2000, ""primary_genre"": ""Romance""}",ml-latest-small/movies.csv
ml-latest-small,4740,Maybe Baby (2000),Comedy|Romance,Comedy,"{""release_year"": 2000, ""primary_genre"": ""Comedy""}",ml-latest-small/movies.csv
ml-latest-small,4741,Together (Tillsammans) (2000),Comedy|Drama|Romance,Comedy,"{""release_year"": 2000, ""primary_genre"": ""Comedy""}",ml-latest-small/movies.csv
ml-latest-small,4743,Tortilla Soup (2001),Comedy|Romance,Comedy,"{""release_year"": 2001, ""primary_genre"": ""Comedy""}",ml-latest-small/movies.csv
ml-latest-small,4744,Jeepers Creepers (2001),Horror,Horror,"{""release_year"": 2001, ""primary_genre"": ""Horror""}",ml-latest-small/movies.csv
ml-latest-small,4745,O (2001),Drama,Drama,"{""release_year"": 2001, ""primary_genre"": ""Drama""}",ml-latest-small/movies.csv
ml-latest-small,4748,3 Ninjas (1992),Action|Children|Comedy,Action,"{""release_year"": 1992, ""primary_genre"": ""Action""}",ml-latest-small/movies.csv
ml-latest-small,4749,3 Ninjas Kick Back (1994),Action|Children|Comedy,Action,"{""release_year"": 1994, ""primary_genre"": ""Action""}",ml-latest-small/movies.csv
ml-latest-small,4750,3 Ninjas Knuckle Up (1995),Action|Children,Action,"{""release_year"": 1995, ""primary_genre"": ""Action""}",ml-latest-small/movies.csv
ml-latest-small,4754,"Wicker Man, The (1973)",Drama|Horror|Mystery|Thriller,Drama,"{""release_year"": 1973, ""primary_genre"": ""Drama""}",ml-latest-small/movies.csv
ml-latest-small,4756,"Musketeer, The (2001)",Action|Adventure|Drama|Romance,Action,"{""release_year"": 2001, ""primary_genre"": ""Action""}",ml-latest-small/movies.csv
ml-latest-small,4757,Rock Star (2001),Comedy|Drama|Musical,Comedy,"{""release_year"": 2001, ""primary_genre"": ""Comedy""}",ml-latest-small/movies.csv
ml-latest-small,4759,Two Can Play That Game (2001),Comedy|Drama,Comedy,"{""release_year"": 2001, ""primary_genre"": ""Comedy""}",ml-latest-small/movies.csv
ml-latest-small,4765,L.I.E. (2001),Drama,Drama,"{""release_year"": 2001, ""primary_genre"": ""Drama""}",ml-latest-small/movies.csv
ml-latest-small,4766,"Our Lady of the Assassins (Virgen de los sicarios, La) (2000)",Crime|Drama|Romance,Crime,"{""release_year"": 2000, ""primary_genre"": ""Crime""}",ml-latest-small/movies.csv
ml-latest-small,4769,Into the Arms of Strangers: Stories of the Kindertransport (2000),Documentary,Documentary,"{""release_year"": 2000, ""primary_genre"": ""Documentary""}",ml-latest-small/movies.csv
ml-latest-small,4770,"Glass House, The (2001)",Thriller,Thriller,"{""release_year"": 2001, ""primary_genre"": ""Thriller""}",ml-latest-small/movies.csv
ml-latest-small,4771,Hardball (2001),Drama,Drama,"{""release_year"": 2001, ""primary_genre"": ""Drama""}",ml-latest-small/movies.csv
ml-latest-small,4772,Dinner Rush (2000),Drama,Drama,"{""release_year"": 2000, ""primary_genre"": ""Drama""}",ml-latest-small/movies.csv
ml-latest-small,4773,Haiku Tunnel (2001),Comedy,Comedy,"{""release_year"": 2001, ""primary_genre"": ""Comedy""}",ml-latest-small/movies.csv
ml-latest-small,4774,Big Trouble (2002),Comedy|Crime,Comedy,"{""release_year"": 2002, ""primary_genre"": ""Comedy""}",ml-latest-small/movies.csv
ml-latest-small,4775,Glitter (2001),Drama|Musical|Romance,Drama,"{""release_year"": 2001, ""primary_genre"": ""Drama""}",ml-latest-small/movies.csv
ml-latest-small,4776,Training Day (2001),Crime|Drama|Thriller,Crime,"{""release_year"": 2001, ""primary_genre"": ""Crime""}",ml-latest-small/movies.csv
ml-latest-small,4777,"American Astronaut, The (2001)",Comedy|Musical|Sci-Fi,Comedy,"{""release_year"": 2001, ""primary_genre"": ""Comedy""}",ml-latest-small/movies.csv
ml-latest-small,4780,Liam (2000),Drama,Drama,"{""release_year"": 2000, ""primary_genre"": ""Drama""}",ml-latest-small/movies.csv
ml-latest-small,4782,Sidewalks of New York (2001),Comedy|Romance,Comedy,"{""release_year"": 2001, ""primary_genre"": ""Comedy""}",ml-latest-small/movies.csv
ml-latest-small,4783,"Endurance: Shackleton's Legendary Antarctic Expedition, The (2000)",Documentary,Documentary,"{""release_year"": 2000, ""primary_genre"": ""Documentary""}",ml-latest-small/movies.csv
ml-latest-small,4784,"French Lieutenant's Woman, The (1981)",Drama,Drama,"{""release_year"": 1981, ""primary_genre"": ""Drama""}",ml-latest-small/movies.csv
ml-latest-small,4785,"Great Silence, The (Grande silenzio, Il) (1969)",Drama|Western,Drama,"{""release_year"": 1969, ""primary_genre"": ""Drama""}",ml-latest-small/movies.csv
ml-latest-small,4786,"Legend of Hell House, The (1973)",Horror|Thriller,Horror,"{""release_year"": 1973, ""primary_genre"": ""Horror""}",ml-latest-small/movies.csv
ml-latest-small,4787,Little Man Tate (1991),Drama,Drama,"{""release_year"": 1991, ""primary_genre"": ""Drama""}",ml-latest-small/movies.csv
ml-latest-small,4788,Moscow Does Not Believe in Tears (Moskva slezam ne verit) (1979),Drama|Romance,Drama,"{""release_year"": 1979, ""primary_genre"": ""Drama""}",ml-latest-small/movies.csv
ml-latest-small,4789,Phantom of the Paradise (1974),Comedy|Fantasy|Horror|Musical|Thriller,Comedy,"{""release_year"": 1974, ""primary_genre"": ""Comedy""}",ml-latest-small/movies.csv
ml-latest-small,4792,13 Ghosts (1960),Horror,Horror,"{""release_year"": 1960, ""primary_genre"": ""Horror""}",ml-latest-small/movies.csv
ml-latest-small,4794,Opera (1987),Crime|Horror|Mystery,Crime,"{""release_year"": 1987, ""primary_genre"": ""Crime""}",ml-latest-small/movies.csv
ml-latest-small,4795,Father Goose (1964),Adventure|Comedy|Romance|War,Adventure,"{""release_year"": 1964, ""primary_genre"": ""Adventure""}",ml-latest-small/movies.csv
ml-latest-small,4796,"Grass Is Greener, The (1960)",Comedy|Romance,Comedy,"{""release_year"": 1960, ""primary_genre"": ""Comedy""}",ml-latest-small/movies.csv
ml-latest-small,4798,Indiscreet (1958),Comedy|Romance,Comedy,"{""release_year"": 1958, ""primary_genre"": ""Comedy""}",ml-latest-small/movies.csv
ml-latest-small,4799,"It's a Mad, Mad, Mad, Mad World (1963)",Action|Adventure|Comedy|Crime,Action,"{""release_year"": 1963, ""primary_genre"": ""Action""}",ml-latest-small/movies.csv
ml-latest-small,4800,King Solomon's Mines (1937),Action|Adventure|Drama|Romance|Thriller,Action,"{""release_year"": 1937, ""primary_genre"": ""Action""}",ml-latest-small/movies.csv
ml-latest-small,4801,"Little Foxes, The (1941)",Drama,Drama,"{""release_year"": 1941, ""primary_genre"": ""Drama""}",ml-latest-small/movies.csv
ml-latest-small,4802,Operation Petticoat (1959),Action|Comedy|Romance|War,Action,"{""release_year"": 1959, ""primary_genre"": ""Action""}",ml-latest-small/movies.csv
ml-latest-small,4803,Play Misty for Me (1971),Drama|Thriller,Drama,"{""release_year"": 1971, ""primary_genre"": ""Drama""}",ml-latest-small/movies.csv
ml-latest-small,4804,Pocketful of Miracles (1961),Comedy|Drama,Comedy,"{""release_year"": 1961, ""primary_genre"": ""Comedy""}",ml-latest-small/movies.csv
ml-latest-small,4808,"Vanishing, The (1993)",Mystery|Thriller,Mystery,"{""release_year"": 1993, ""primary_genre"": ""Mystery""}",ml-latest-small/movies.csv
ml-latest-small,4809,Silkwood (1983),Drama,Drama,"{""release_year"": 1983, ""primary_genre"": ""Drama""}",ml-latest-small/movies.csv
ml-latest-small,4810,I Never Promised You a Rose Garden (1977),Drama,Drama,"{""release_year"": 1977, ""primary_genre"": ""Drama""}",ml-latest-small/movies.csv
ml-latest-small,4811,Quadrophenia (1979),Drama|Musical,Drama,"{""release_year"": 1979, ""primary_genre"": ""Drama""}",ml-latest-small/movies.csv
ml-latest-small,4812,SpaceCamp (1986),Adventure|Sci-Fi,Adventure,"{""release_year"": 1986, ""primary_genre"": ""Adventure""}",ml-latest-small/movies.csv
ml-latest-small,4813,When Worlds Collide (1951),Sci-Fi,Sci-Fi,"{""release_year"": 1951, ""primary_genre"": ""Sci-Fi""}",ml-latest-small/movies.csv
ml-latest-small,4814,Don't Say a Word (2001),Thriller,Thriller,"{""release_year"": 2001, ""primary_genre"": ""Thriller""}",ml-latest-small/movies.csv
ml-latest-small,4815,Hearts in Atlantis (2001),Drama,Drama,"{""release_year"": 2001, ""primary_genre"": ""Drama""}",ml-latest-small/movies.csv
ml-latest-small,4816,Zoolander (2001),Comedy,Comedy,"{""release_year"": 2001, ""primary_genre"": ""Comedy""}",ml-latest-small/movies.csv
ml-latest-small,4818,Extreme Days (2001),Action|Adventure|Comedy|Drama,Action,"{""release_year"": 2001, ""primary_genre"": ""Action""}",ml-latest-small/movies.csv
ml-latest-small,4821,Joy Ride (2001),Adventure|Thriller,Adventure,"{""release_year"": 2001, ""primary_genre"": ""Adventure""}",ml-latest-small/movies.csv
ml-latest-small,4822,Max Keeble's Big Move (2001),Children|Comedy,Children,"{""release_year"": 2001, ""primary_genre"": ""Children""}",ml-latest-small/movies.csv
ml-latest-small,4823,Serendipity (2001),Comedy|Romance,Comedy,"{""release_year"": 2001, ""primary_genre"": ""Comedy""}",ml-latest-small/movies.csv
ml-latest-small,4825,"Swamp, The (Ciénaga, La) (2001)",Comedy|Drama,Comedy,"{""release_year"": 2001, ""primary_genre"": ""Comedy""}",ml-latest-small/movies.csv
ml-latest-small,4826,"Big Red One, The (1980)",Action|Adventure|Drama|War,Action,"{""release_year"": 1980, ""primary_genre"": ""Action""}",ml-latest-small/movies.csv
ml-latest-small,4827,"Boogeyman, The (1980)",Horror,Horror,"{""release_year"": 1980, ""primary_genre"": ""Horror""}",ml-latest-small/movies.csv
ml-latest-small,4828,"Party, The (Boum, La) (1980)",Comedy|Romance,Comedy,"{""release_year"": 1980, ""primary_genre"": ""Comedy""}",ml-latest-small/movies.csv
ml-latest-small,4830,Brubaker (1980),Crime|Drama,Crime,"{""release_year"": 1980, ""primary_genre"": ""Crime""}",ml-latest-small/movies.csv
ml-latest-small,4831,Can't Stop the Music (1980),Comedy|Musical,Comedy,"{""release_year"": 1980, ""primary_genre"": ""Comedy""}",ml-latest-small/movies.csv
ml-latest-small,4833,"Changeling, The (1980)",Horror|Mystery|Thriller,Horror,"{""release_year"": 1980, ""primary_genre"": ""Horror""}",ml-latest-small/movies.csv
ml-latest-small,4835,Coal Miner's Daughter (1980),Drama,Drama,"{""release_year"": 1980, ""primary_genre"": ""Drama""}",ml-latest-small/movies.csv
ml-latest-small,4836,"Competition, The (1980)",Drama|Romance,Drama,"{""release_year"": 1980, ""primary_genre"": ""Drama""}",ml-latest-small/movies.csv
ml-latest-small,4840,"Last Metro, The (Dernier métro, Le) (1980)",Drama|Romance,Drama,"{""release_year"": 1980, ""primary_genre"": ""Drama""}",ml-latest-small/movies.csv
ml-latest-small,4844,Bandits (2001),Comedy|Crime|Romance,Comedy,"{""release_year"": 2001, ""primary_genre"": ""Comedy""}",ml-latest-small/movies.csv
ml-latest-small,4845,Corky Romano (2001),Comedy|Crime,Comedy,"{""release_year"": 2001, ""primary_genre"": ""Comedy""}",ml-latest-small/movies.csv
ml-latest-small,4846,Iron Monkey (Siu nin Wong Fei-hung ji: Tit Ma Lau) (1993),Action|Comedy,Action,"{""release_year"": 1993, ""primary_genre"": ""Action""}",ml-latest-small/movies.csv
ml-latest-small,4847,Fat Girl (À ma soeur!) (2001),Drama,Drama,"{""release_year"": 2001, ""primary_genre"": ""Drama""}",ml-latest-small/movies.csv
ml-latest-small,4848,Mulholland Drive (2001),Crime|Drama|Film-Noir|Mystery|Thriller,Crime,"{""release_year"": 2001, ""primary_genre"": ""Crime""}",ml-latest-small/movies.csv
ml-latest-small,4849,My First Mister (2001),Comedy|Drama,Comedy,"{""release_year"": 2001, ""primary_genre"": ""Comedy""}",ml-latest-small/movies.csv
ml-latest-small,4850,Spriggan (Supurigan) (1998),Action|Animation|Sci-Fi,Action,"{""release_year"": 1998, ""primary_genre"": ""Action""}",ml-latest-small/movies.csv
ml-latest-small,4852,Bones (2001),Horror,Horror,"{""release_year"": 2001, ""primary_genre"": ""Horror""}",ml-latest-small/movies.csv
ml-latest-small,4855,Dirty Harry (1971),Action|Crime|Thriller,Action,"{""release_year"": 1971, ""primary_genre"": ""Action""}",ml-latest-small/movies.csv
ml-latest-small,4857,Fiddler on the Roof (1971),Drama|Musical,Drama,"{""release_year"": 1971, ""primary_genre"": ""Drama""}",ml-latest-small/movies.csv
ml-latest-small,4860,Making the Grade (1984),Comedy,Comedy,"{""release_year"": 1984, ""primary_genre"": ""Comedy""}",ml-latest-small/movies.csv
ml-latest-small,4862,Not Without My Daughter (1991),Drama,Drama,"{""release_year"": 1991, ""primary_genre"": ""Drama""}",ml-latest-small/movies.csv
ml-latest-small,4863,Female Trouble (1975),Comedy|Crime,Comedy,"{""release_year"": 1975, ""primary_genre"": ""Comedy""}",ml-latest-small/movies.csv
ml-latest-small,4864,Titanica (1992),Documentary|IMAX,Documentary,"{""release_year"": 1992, ""primary_genre"": ""Documentary""}",ml-latest-small/movies.csv
ml-latest-small,4865,From Hell (2001),Crime|Horror|Mystery|Thriller,Crime,"{""release_year"": 2001, ""primary_genre"": ""Crime""}",ml-latest-small/movies.csv
ml-latest-small,4866,"Last Castle, The (2001)",Action,Action,"{""release_year"": 2001, ""primary_genre"": ""Action""}",ml-latest-small/movies.csv
ml-latest-small,4867,Riding in Cars with Boys (2001),Comedy|Drama,Comedy,"{""release_year"": 2001, ""primary_genre"": ""Comedy""}",ml-latest-small/movies.csv
ml-latest-small,4871,Focus (2001),Drama,Drama,"{""release_year"": 2001, ""primary_genre"": ""Drama""}",ml-latest-small/movies.csv
ml-latest-small,4873,Waking Life (2001),Animation|Drama|Fantasy,Animation,"{""release_year"": 2001, ""primary_genre"": ""Animation""}",ml-latest-small/movies.csv
ml-latest-small,4874,K-PAX (2001),Drama|Fantasy|Mystery|Sci-Fi,Drama,"{""release_year"": 2001, ""primary_genre"": ""Drama""}",ml-latest-small/movies.csv
ml-latest-small,4876,Thirteen Ghosts (a.k.a. Thir13en Ghosts) (2001),Horror|Thriller,Horror,"{""release_year"": 2001, ""primary_genre"": ""Horror""}",ml-latest-small/movies.csv
ml-latest-small,4877,Better Than Sex (2000),Comedy|Romance,Comedy,"{""release_year"": 2000, ""primary_genre"": ""Comedy""}",ml-latest-small/movies.csv
ml-latest-small,4878,Donnie Darko (2001),Drama|Mystery|Sci-Fi|Thriller,Drama,"{""release_year"": 2001, ""primary_genre"": ""Drama""}",ml-latest-small/movies.csv
ml-latest-small,4879,High Heels and Low Lifes (2001),Action|Comedy|Crime|Drama,Action,"{""release_year"": 2001, ""primary_genre"": ""Action""}",ml-latest-small/movies.csv
ml-latest-small,4880,Life as a House (2001),Drama,Drama,"{""release_year"": 2001, ""primary_genre"": ""Drama""}",ml-latest-small/movies.csv
ml-latest-small,4881,"Man Who Wasn't There, The (2001)",Crime|Drama,Crime,"{""release_year"": 2001, ""primary_genre"": ""Crime""}",ml-latest-small/movies.csv
ml-latest-small,4883,"Town is Quiet, The (Ville est tranquille, La) (2000)",Drama,Drama,"{""release_year"": 2000, ""primary_genre"": ""Drama""}",ml-latest-small/movies.csv
ml-latest-small,4885,Domestic Disturbance (2001),Thriller,Thriller,"{""release_year"": 2001, ""primary_genre"": ""Thriller""}",ml-latest-small/movies.csv
ml-latest-small,4886,"Monsters, Inc. (2001)",Adventure|Animation|Children|Comedy|Fantasy,Adventure,"{""release_year"": 2001, ""primary_genre"": ""Adventure""}",ml-latest-small/movies.csv
ml-latest-small,4887,"One, The (2001)",Action|Sci-Fi|Thriller,Action,"{""release_year"": 2001, ""primary_genre"": ""Action""}",ml-latest-small/movies.csv
ml-latest-small,4888,Tape (2001),Drama,Drama,"{""release_year"": 2001, ""primary_genre"": ""Drama""}",ml-latest-small/movies.csv
ml-latest-small,4889,Heist (2001),Crime|Drama,Crime,"{""release_year"": 2001, ""primary_genre"": ""Crime""}",ml-latest-small/movies.csv
ml-latest-small,4890,Shallow Hal (2001),Comedy|Fantasy|Romance,Comedy,"{""release_year"": 2001, ""primary_genre"": ""Comedy""}",ml-latest-small/movies.csv
ml-latest-small,4893,When a Stranger Calls (1979),Horror|Thriller,Horror,"{""release_year"": 1979, ""primary_genre"": ""Horror""}",ml-latest-small/movies.csv
ml-latest-small,4896,Harry Potter and the Sorcerer's Stone (a.k.a. Harry Potter and the Philosopher's Stone) (2001),Adventure|Children|Fantasy,Adventure,"{""release_year"": 2001, ""primary_genre"": ""Adventure""}",ml-latest-small/movies.csv
ml-latest-small,4898,Novocaine (2001),Comedy|Crime|Mystery|Thriller,Comedy,"{""release_year"": 2001, ""primary_genre"": ""Comedy""}",ml-latest-small/movies.csv
ml-latest-small,4899,Black Knight (2001),Adventure|Comedy|Fantasy,Adventure,"{""release_year"": 2001, ""primary_genre"": ""Adventure""}",ml-latest-small/movies.csv
ml-latest-small,4900,Out Cold (2001),Comedy,Comedy,"{""release_year"": 2001, ""primary_genre"": ""Comedy""}",ml-latest-small/movies.csv
ml-latest-small,4901,Spy Game (2001),Action|Crime|Drama|Thriller,Action,"{""release_year"": 2001, ""primary_genre"": ""Action""}",ml-latest-small/movies.csv
ml-latest-small,4902,"Devil's Backbone, The (Espinazo del diablo, El) (2001)",Drama|Fantasy|Horror|Thriller|War,Drama,"{""release_year"": 2001, ""primary_genre"": ""Drama""}",ml-latest-small/movies.csv
ml-latest-small,4903,In the Bedroom (2001),Drama,Drama,"{""release_year"": 2001, ""primary_genre"": ""Drama""}",ml-latest-small/movies.csv
ml-latest-small,4909,"Incredible Shrinking Woman, The (1981)",Comedy|Sci-Fi,Comedy,"{""release_year"": 1981, ""primary_genre"": ""Comedy""}",ml-latest-small/movies.csv
ml-latest-small,4911,Jabberwocky (1977),Adventure|Comedy|Fantasy,Adventure,"{""release_year"": 1977, ""primary_genre"": ""Adventure""}",ml-latest-small/movies.csv
ml-latest-small,4912,Funny Girl (1968),Drama|Musical|Romance,Drama,"{""release_year"": 1968, ""primary_genre"": ""Drama""}",ml-latest-small/movies.csv
ml-latest-small,4914,Breathless (À bout de souffle) (1960),Crime|Drama|Romance,Crime,"{""release_year"": 1960, ""primary_genre"": ""Crime""}",ml-latest-small/movies.csv
ml-latest-small,4915,"Beastmaster, The (1982)",Action|Adventure|Fantasy,Action,"{""release_year"": 1982, ""primary_genre"": ""Action""}",ml-latest-small/movies.csv
ml-latest-small,4916,Midway (1976),Drama|War,Drama,"{""release_year"": 1976, ""primary_genre"": ""Drama""}",ml-latest-small/movies.csv
ml-latest-small,4917,MacArthur (1977),Drama,Drama,"{""release_year"": 1977, ""primary_genre"": ""Drama""}",ml-latest-small/movies.csv
ml-latest-small,4919,Subway (1985),Crime|Drama|Romance|Thriller,Crime,"{""release_year"": 1985, ""primary_genre"": ""Crime""}",ml-latest-small/movies.csv
ml-latest-small,4920,"Now, Voyager (1942)",Drama|Romance,Drama,"{""release_year"": 1942, ""primary_genre"": ""Drama""}",ml-latest-small/movies.csv
ml-latest-small,4921,Little Women (1933),Drama|Romance,Drama,"{""release_year"": 1933, ""primary_genre"": ""Drama""}",ml-latest-small/movies.csv
ml-latest-small,4925,"Cheap Detective, The (1978)",Comedy,Comedy,"{""release_year"": 1978, ""primary_genre"": ""Comedy""}",ml-latest-small/movies.csv
ml-latest-small,4926,Everybody's Famous! (Iedereen beroemd!) (2000),Comedy|Drama|Musical,Comedy,"{""release_year"": 2000, ""primary_genre"": ""Comedy""}",ml-latest-small/movies.csv
ml-latest-small,4927,"Last Wave, The (1977)",Fantasy|Mystery|Thriller,Fantasy,"{""release_year"": 1977, ""primary_genre"": ""Fantasy""}",ml-latest-small/movies.csv
ml-latest-small,4928,That Obscure Object of Desire (Cet obscur objet du désir) (1977),Drama,Drama,"{""release_year"": 1977, ""primary_genre"": ""Drama""}",ml-latest-small/movies.csv
ml-latest-small,4929,"Toy, The (1982)",Comedy,Comedy,"{""release_year"": 1982, ""primary_genre"": ""Comedy""}",ml-latest-small/movies.csv
ml-latest-small,4932,Dressed to Kill (1980),Mystery|Thriller,Mystery,"{""release_year"": 1980, ""primary_genre"": ""Mystery""}",ml-latest-small/movies.csv
ml-latest-small,4936,Fame (1980),Drama|Musical,Drama,"{""release_year"": 1980, ""primary_genre"": ""Drama""}",ml-latest-small/movies.csv
ml-latest-small,4939,"Final Countdown, The (1980)",Action|Sci-Fi,Action,"{""release_year"": 1980, ""primary_genre"": ""Action""}",ml-latest-small/movies.csv
ml-latest-small,4941,Flash Gordon (1980),Action|Adventure|Sci-Fi,Action,"{""release_year"": 1980, ""primary_genre"": ""Action""}",ml-latest-small/movies.csv
ml-latest-small,4942,"Angry Red Planet, The (1959)",Sci-Fi,Sci-Fi,"{""release_year"": 1959, ""primary_genre"": ""Sci-Fi""}",ml-latest-small/movies.csv
ml-latest-small,4945,"Enforcer, The (1976)",Crime,Crime,"{""release_year"": 1976, ""primary_genre"": ""Crime""}",ml-latest-small/movies.csv
ml-latest-small,4946,"Eye for an Eye, An (1981)",Action|Crime|Thriller,Action,"{""release_year"": 1981, ""primary_genre"": ""Action""}",ml-latest-small/movies.csv
ml-latest-small,4947,"Gauntlet, The (1977)",Action,Action,"{""release_year"": 1977, ""primary_genre"": ""Action""}",ml-latest-small/movies.csv
ml-latest-small,4951,Lord of the Flies (1990),Adventure|Drama|Thriller,Adventure,"{""release_year"": 1990, ""primary_genre"": ""Adventure""}",ml-latest-small/movies.csv
ml-latest-small,4952,Morons From Outer Space (1985),Comedy|Sci-Fi,Comedy,"{""release_year"": 1985, ""primary_genre"": ""Comedy""}",ml-latest-small/movies.csv
ml-latest-small,4953,"People That Time Forgot, The (1977)",Adventure|Sci-Fi,Adventure,"{""release_year"": 1977, ""primary_genre"": ""Adventure""}",ml-latest-small/movies.csv
ml-latest-small,4954,Ocean's Eleven (a.k.a. Ocean's 11) (1960),Comedy|Crime,Comedy,"{""release_year"": 1960, ""primary_genre"": ""Comedy""}",ml-latest-small/movies.csv
ml-latest-small,4956,"Stunt Man, The (1980)",Action|Adventure|Comedy|Drama|Romance|Thriller,Action,"{""release_year"": 1980, ""primary_genre"": ""Action""}",ml-latest-small/movies.csv
ml-latest-small,4957,Sudden Impact (1983),Crime|Thriller,Crime,"{""release_year"": 1983, ""primary_genre"": ""Crime""}",ml-latest-small/movies.csv
ml-latest-small,4958,Behind Enemy Lines (2001),Action|Drama|War,Action,"{""release_year"": 2001, ""primary_genre"": ""Action""}",ml-latest-small/movies.csv
ml-latest-small,4959,"Affair of the Necklace, The (2001)",Drama,Drama,"{""release_year"": 2001, ""primary_genre"": ""Drama""}",ml-latest-small/movies.csv
ml-latest-small,4961,Pornstar: The Legend of Ron Jeremy (2001),Documentary,Documentary,"{""release_year"": 2001, ""primary_genre"": ""Documentary""}",ml-latest-small/movies.csv
ml-latest-small,4962,Texas Rangers (2001),Adventure|Western,Adventure,"{""release_year"": 2001, ""primary_genre"": ""Adventure""}",ml-latest-small/movies.csv
ml-latest-small,4963,Ocean's Eleven (2001),Crime|Thriller,Crime,"{""release_year"": 2001, ""primary_genre"": ""Crime""}",ml-latest-small/movies.csv
ml-latest-small,4964,Baran (2001),Adventure|Drama|Romance,Adventure,"{""release_year"": 2001, ""primary_genre"": ""Adventure""}",ml-latest-small/movies.csv
ml-latest-small,4965,"Business of Strangers, The (2001)",Action|Drama|Thriller,Action,"{""release_year"": 2001, ""primary_genre"": ""Action""}",ml-latest-small/movies.csv
ml-latest-small,4966,"Incredible Shrinking Man, The (1957)",Sci-Fi|Thriller,Sci-Fi,"{""release_year"": 1957, ""primary_genre"": ""Sci-Fi""}",ml-latest-small/movies.csv
ml-latest-small,4967,No Man's Land (2001),Drama|War,Drama,"{""release_year"": 2001, ""primary_genre"": ""Drama""}",ml-latest-small/movies.csv
ml-latest-small,4969,And Then There Were None (1945),Crime|Mystery,Crime,"{""release_year"": 1945, ""primary_genre"": ""Crime""}",ml-latest-small/movies.csv
ml-latest-small,4970,"Blue Angel, The (Blaue Engel, Der) (1930)",Drama,Drama,"{""release_year"": 1930, ""primary_genre"": ""Drama""}",ml-latest-small/movies.csv
ml-latest-small,4971,Moscow on the Hudson (1984),Comedy|Drama,Comedy,"{""release_year"": 1984, ""primary_genre"": ""Comedy""}",ml-latest-small/movies.csv
ml-latest-small,4973,"Amelie (Fabuleux destin d'Amélie Poulain, Le) (2001)",Comedy|Romance,Comedy,"{""release_year"": 2001, ""primary_genre"": ""Comedy""}",ml-latest-small/movies.csv
ml-latest-small,4974,Not Another Teen Movie (2001),Comedy,Comedy,"{""release_year"": 2001, ""primary_genre"": ""Comedy""}",ml-latest-small/movies.csv
ml-latest-small,4975,Vanilla Sky (2001),Mystery|Romance|Sci-Fi|Thriller,Mystery,"{""release_year"": 2001, ""primary_genre"": ""Mystery""}",ml-latest-small/movies.csv
ml-latest-small,4976,Iris (2001),Drama,Drama,"{""release_year"": 2001, ""primary_genre"": ""Drama""}",ml-latest-small/movies.csv
ml-latest-small,4977,Kandahar (Safar e Ghandehar) (2001),Drama,Drama,"{""release_year"": 2001, ""primary_genre"": ""Drama""}",ml-latest-small/movies.csv
ml-latest-small,4978,Lantana (2001),Drama|Mystery|Thriller,Drama,"{""release_year"": 2001, ""primary_genre"": ""Drama""}",ml-latest-small/movies.csv
ml-latest-small,4979,"Royal Tenenbaums, The (2001)",Comedy|Drama,Comedy,"{""release_year"": 2001, ""primary_genre"": ""Comedy""}",ml-latest-small/movies.csv
ml-latest-small,4980,Bill & Ted's Bogus Journey (1991),Adventure|Comedy|Fantasy|Sci-Fi,Adventure,"{""release_year"": 1991, ""primary_genre"": ""Adventure""}",ml-latest-small/movies.csv
ml-latest-small,4981,Clockwise (1986),Comedy,Comedy,"{""release_year"": 1986, ""primary_genre"": ""Comedy""}",ml-latest-small/movies.csv
ml-latest-small,4985,Sheena (1984),Action|Adventure|Fantasy,Action,"{""release_year"": 1984, ""primary_genre"": ""Action""}",ml-latest-small/movies.csv
ml-latest-small,4987,Spacehunter: Adventures in the Forbidden Zone (1983),Action|Adventure|Sci-Fi,Action,"{""release_year"": 1983, ""primary_genre"": ""Action""}",ml-latest-small/movies.csv
ml-latest-small,4988,White Water Summer (1987),Adventure,Adventure,"{""release_year"": 1987, ""primary_genre"": ""Adventure""}",ml-latest-small/movies.csv
ml-latest-small,4989,How High (2001),Comedy,Comedy,"{""release_year"": 2001, ""primary_genre"": ""Comedy""}",ml-latest-small/movies.csv
ml-latest-small,4990,Jimmy Neutron: Boy Genius (2001),Adventure|Animation|Children|Comedy,Adventure,"{""release_year"": 2001, ""primary_genre"": ""Adventure""}",ml-latest-small/movies.csv
ml-latest-small,4991,Joe Somebody (2001),Comedy|Drama|Romance,Comedy,"{""release_year"": 2001, ""primary_genre"": ""Comedy""}",ml-latest-small/movies.csv
ml-latest-small,4992,Kate & Leopold (2001),Comedy|Romance,Comedy,"{""release_year"": 2001, ""primary_genre"": ""Comedy""}",ml-latest-small/movies.csv
ml-latest-small,4993,"Lord of the Rings: The Fellowship of the Ring, The (2001)",Adventure|Fantasy,Adventure,"{""release_year"": 2001, ""primary_genre"": ""Adventure""}",ml-latest-small/movies.csv
ml-latest-small,4994,"Majestic, The (2001)",Comedy|Drama|Romance,Comedy,"{""release_year"": 2001, ""primary_genre"": ""Comedy""}",ml-latest-small/movies.csv
ml-latest-small,4995,"Beautiful Mind, A (2001)",Drama|Romance,Drama,"{""release_year"": 2001, ""primary_genre"": ""Drama""}",ml-latest-small/movies.csv
ml-latest-small,4998,"Defiant Ones, The (1958)",Adventure|Crime|Drama|Thriller,Adventure,"{""release_year"": 1958, ""primary_genre"": ""Adventure""}",ml-latest-small/movies.csv
ml-latest-small,5004,"Party, The (1968)",Comedy,Comedy,"{""release_year"": 1968, ""primary_genre"": ""Comedy""}",ml-latest-small/movies.csv
ml-latest-small,5007,Topkapi (1964),Adventure|Comedy|Thriller,Adventure,"{""release_year"": 1964, ""primary_genre"": ""Adventure""}",ml-latest-small/movies.csv
ml-latest-small,5008,Witness for the Prosecution (1957),Drama|Mystery|Thriller,Drama,"{""release_year"": 1957, ""primary_genre"": ""Drama""}",ml-latest-small/movies.csv
ml-latest-small,5009,Ali (2001),Drama,Drama,"{""release_year"": 2001, ""primary_genre"": ""Drama""}",ml-latest-small/movies.csv
ml-latest-small,5010,Black Hawk Down (2001),Action|Drama|War,Action,"{""release_year"": 2001, ""primary_genre"": ""Action""}",ml-latest-small/movies.csv
ml-latest-small,5011,Charlotte Gray (2001),Drama|Romance,Drama,"{""release_year"": 2001, ""primary_genre"": ""Drama""}",ml-latest-small/movies.csv
ml-latest-small,5012,Yentl (1983),Drama|Musical|Romance,Drama,"{""release_year"": 1983, ""primary_genre"": ""Drama""}",ml-latest-small/movies.csv
ml-latest-small,5013,Gosford Park (2001),Comedy|Drama|Mystery,Comedy,"{""release_year"": 2001, ""primary_genre"": ""Comedy""}",ml-latest-small/movies.csv
ml-latest-small,5014,I Am Sam (2001),Drama,Drama,"{""release_year"": 2001, ""primary_genre"": ""Drama""}",ml-latest-small/movies.csv
ml-latest-small,5015,Monster's Ball (2001),Drama|Romance,Drama,"{""release_year"": 2001, ""primary_genre"": ""Drama""}",ml-latest-small/movies.csv
ml-latest-small,5016,"Shipping News, The (2001)",Drama,Drama,"{""release_year"": 2001, ""primary_genre"": ""Drama""}",ml-latest-small/movies.csv
ml-latest-small,5021,Murder by Death (1976),Comedy|Crime|Mystery|Thriller,Comedy,"{""release_year"": 1976, ""primary_genre"": ""Comedy""}",ml-latest-small/movies.csv
ml-latest-small,5023,"Waterdance, The (1992)",Drama,Drama,"{""release_year"": 1992, ""primary_genre"": ""Drama""}",ml-latest-small/movies.csv
ml-latest-small,5025,Orange County (2002),Comedy,Comedy,"{""release_year"": 2002, ""primary_genre"": ""Comedy""}",ml-latest-small/movies.csv
ml-latest-small,5026,"Brotherhood of the Wolf (Pacte des loups, Le) (2001)",Action|Mystery|Thriller,Action,"{""release_year"": 2001, ""primary_genre"": ""Action""}",ml-latest-small/movies.csv
ml-latest-small,5027,Another 48 Hrs. (1990),Action|Comedy|Crime|Drama|Thriller,Action,"{""release_year"": 1990, ""primary_genre"": ""Action""}",ml-latest-small/movies.csv
ml-latest-small,5028,What Time Is It There? (Ni neibian jidian) (2001),Drama,Drama,"{""release_year"": 2001, ""primary_genre"": ""Drama""}",ml-latest-small/movies.csv
ml-latest-small,5033,"Russia House, The (1990)",Drama|Thriller,Drama,"{""release_year"": 1990, ""primary_genre"": ""Drama""}",ml-latest-small/movies.csv
ml-latest-small,5034,"Truly, Madly, Deeply (1991)",Drama|Romance,Drama,"{""release_year"": 1991, ""primary_genre"": ""Drama""}",ml-latest-small/movies.csv
ml-latest-small,5039,Dragonslayer (1981),Action|Adventure|Fantasy,Action,"{""release_year"": 1981, ""primary_genre"": ""Action""}",ml-latest-small/movies.csv
ml-latest-small,5040,Conan the Destroyer (1984),Action|Adventure|Fantasy,Action,"{""release_year"": 1984, ""primary_genre"": ""Action""}",ml-latest-small/movies.csv
ml-latest-small,5041,Fire and Ice (1983),Animation|Fantasy,Animation,"{""release_year"": 1983, ""primary_genre"": ""Animation""}",ml-latest-small/movies.csv
ml-latest-small,5046,Impostor (2002),Action|Drama|Sci-Fi|Thriller,Action,"{""release_year"": 2002, ""primary_genre"": ""Action""}",ml-latest-small/movies.csv
ml-latest-small,5047,Kung Pow: Enter the Fist (2002),Action|Comedy,Action,"{""release_year"": 2002, ""primary_genre"": ""Action""}",ml-latest-small/movies.csv
ml-latest-small,5048,Snow Dogs (2002),Adventure|Children|Comedy,Adventure,"{""release_year"": 2002, ""primary_genre"": ""Adventure""}",ml-latest-small/movies.csv
ml-latest-small,5049,48 Hrs. (1982),Action|Comedy|Crime|Drama,Action,"{""release_year"": 1982, ""primary_genre"": ""Action""}",ml-latest-small/movies.csv
ml-latest-small,5051,Italian for Beginners (Italiensk for begyndere) (2000),Comedy|Drama|Romance,Comedy,"{""release_year"": 2000, ""primary_genre"": ""Comedy""}",ml-latest-small/movies.csv
ml-latest-small,5053,Blankman (1994),Comedy,Comedy,"{""release_year"": 1994, ""primary_genre"": ""Comedy""}",ml-latest-small/movies.csv
ml-latest-small,5054,Brainstorm (1983),Sci-Fi|Thriller,Sci-Fi,"{""release_year"": 1983, ""primary_genre"": ""Sci-Fi""}",ml-latest-small/movies.csv
ml-latest-small,5055,Dragon: The Bruce Lee Story (1993),Action|Drama,Action,"{""release_year"": 1993, ""primary_genre"": ""Action""}",ml-latest-small/movies.csv
ml-latest-small,5059,Little Dieter Needs to Fly (1997),Documentary,Documentary,"{""release_year"": 1997, ""primary_genre"": ""Documentary""}",ml-latest-small/movies.csv
ml-latest-small,5060,M*A*S*H (a.k.a. MASH) (1970),Comedy|Drama|War,Comedy,"{""release_year"": 1970, ""primary_genre"": ""Comedy""}",ml-latest-small/movies.csv
ml-latest-small,5062,Seconds (1966),Mystery|Sci-Fi|Thriller,Mystery,"{""release_year"": 1966, ""primary_genre"": ""Mystery""}",ml-latest-small/movies.csv
ml-latest-small,5063,One-Eyed Jacks (1961),Western,Western,"{""release_year"": 1961, ""primary_genre"": ""Western""}",ml-latest-small/movies.csv
ml-latest-small,5064,The Count of Monte Cristo (2002),Action|Adventure|Drama|Thriller,Action,"{""release_year"": 2002, ""primary_genre"": ""Action""}",ml-latest-small/movies.csv
ml-latest-small,5065,"Mothman Prophecies, The (2002)",Drama|Fantasy|Horror|Mystery|Thriller,Drama,"{""release_year"": 2002, ""primary_genre"": ""Drama""}",ml-latest-small/movies.csv
ml-latest-small,5066,"Walk to Remember, A (2002)",Drama|Romance,Drama,"{""release_year"": 2002, ""primary_genre"": ""Drama""}",ml-latest-small/movies.csv
ml-latest-small,5068,Beijing Bicycle (Shiqi sui de dan che) (2001),Drama,Drama,"{""release_year"": 2001, ""primary_genre"": ""Drama""}",ml-latest-small/movies.csv
ml-latest-small,5069,Escaflowne: The Movie (Escaflowne) (2000),Action|Adventure|Animation|Drama|Fantasy,Action,"{""release_year"": 2000, ""primary_genre"": ""Action""}",ml-latest-small/movies.csv
ml-latest-small,5071,Maelström (2000),Drama|Romance,Drama,"{""release_year"": 2000, ""primary_genre"": ""Drama""}",ml-latest-small/movies.csv
ml-latest-small,5072,Metropolis (2001),Animation|Sci-Fi,Animation,"{""release_year"": 2001, ""primary_genre"": ""Animation""}",ml-latest-small/movies.csv
ml-latest-small,5073,"Son's Room, The (Stanza del figlio, La) (2001)",Drama,Drama,"{""release_year"": 2001, ""primary_genre"": ""Drama""}",ml-latest-small/movies.csv
ml-latest-small,5074,Storytelling (2001),Comedy|Drama,Comedy,"{""release_year"": 2001, ""primary_genre"": ""Comedy""}",ml-latest-small/movies.csv
ml-latest-small,5075,Waydowntown (2000),Comedy,Comedy,"{""release_year"": 2000, ""primary_genre"": ""Comedy""}",ml-latest-small/movies.csv
ml-latest-small,5076,"Adventures of Huck Finn, The (1993)",Adventure|Children|Comedy|Drama,Adventure,"{""release_year"": 1993, ""primary_genre"": ""Adventure""}",ml-latest-small/movies.csv
ml-latest-small,5077,Cousins (1989),Comedy|Romance,Comedy,"{""release_year"": 1989, ""primary_genre"": ""Comedy""}",ml-latest-small/movies.csv
ml-latest-small,5080,Slackers (2002),Comedy,Comedy,"{""release_year"": 2002, ""primary_genre"": ""Comedy""}",ml-latest-small/movies.csv
ml-latest-small,5081,Birthday Girl (2001),Drama|Romance,Drama,"{""release_year"": 2001, ""primary_genre"": ""Drama""}",ml-latest-small/movies.csv
ml-latest-small,5083,Rare Birds (2001),Comedy|Drama,Comedy,"{""release_year"": 2001, ""primary_genre"": ""Comedy""}",ml-latest-small/movies.csv
ml-latest-small,5088,"Going Places (Valseuses, Les) (1974)",Comedy|Crime|Drama,Comedy,"{""release_year"": 1974, ""primary_genre"": ""Comedy""}",ml-latest-small/movies.csv
ml-latest-small,5092,Big Fat Liar (2002),Children|Comedy,Children,"{""release_year"": 2002, ""primary_genre"": ""Children""}",ml-latest-small/movies.csv
ml-latest-small,5093,Collateral Damage (2002),Action|Thriller,Action,"{""release_year"": 2002, ""primary_genre"": ""Action""}",ml-latest-small/movies.csv
ml-latest-small,5094,Rollerball (2002),Action|Sci-Fi,Action,"{""release_year"": 2002, ""primary_genre"": ""Action""}",ml-latest-small/movies.csv
ml-latest-small,5095,"Scotland, Pa. (2001)",Comedy|Crime,Comedy,"{""release_year"": 2001, ""primary_genre"": ""Comedy""}",ml-latest-small/movies.csv
ml-latest-small,5096,Baby's Day Out (1994),Comedy,Comedy,"{""release_year"": 1994, ""primary_genre"": ""Comedy""}",ml-latest-small/movies.csv
ml-latest-small,5099,Heidi (1937),Children|Drama,Children,"{""release_year"": 1937, ""primary_genre"": ""Children""}",ml-latest-small/movies.csv
ml-latest-small,5102,Rookie of the Year (1993),Comedy|Fantasy,Comedy,"{""release_year"": 1993, ""primary_genre"": ""Comedy""}",ml-latest-small/movies.csv
ml-latest-small,5103,"Sandlot, The (1993)",Children|Comedy|Drama,Children,"{""release_year"": 1993, ""primary_genre"": ""Children""}",ml-latest-small/movies.csv
ml-latest-small,5105,Don't Look Now (1973),Drama|Horror|Thriller,Drama,"{""release_year"": 1973, ""primary_genre"": ""Drama""}",ml-latest-small/movies.csv
ml-latest-small,5106,Crossroads (2002),Comedy|Musical|Romance,Comedy,"{""release_year"": 2002, ""primary_genre"": ""Comedy""}",ml-latest-small/movies.csv
ml-latest-small,5107,Hart's War (2002),Drama|War,Drama,"{""release_year"": 2002, ""primary_genre"": ""Drama""}",ml-latest-small/movies.csv
ml-latest-small,5108,John Q (2002),Crime|Drama|Thriller,Crime,"{""release_year"": 2002, ""primary_genre"": ""Crime""}",ml-latest-small/movies.csv
ml-latest-small,5109,Return to Never Land (2002),Adventure|Animation|Children,Adventure,"{""release_year"": 2002, ""primary_genre"": ""Adventure""}",ml-latest-small/movies.csv
ml-latest-small,5110,Super Troopers (2001),Comedy|Crime|Mystery,Comedy,"{""release_year"": 2001, ""primary_genre"": ""Comedy""}",ml-latest-small/movies.csv
ml-latest-small,5111,"Good Son, The (1993)",Drama|Thriller,Drama,"{""release_year"": 1993, ""primary_genre"": ""Drama""}",ml-latest-small/movies.csv
ml-latest-small,5112,Last Orders (2001),Drama,Drama,"{""release_year"": 2001, ""primary_genre"": ""Drama""}",ml-latest-small/movies.csv
ml-latest-small,5113,After the Fox (Caccia alla volpe) (1966),Comedy|Crime,Comedy,"{""release_year"": 1966, ""primary_genre"": ""Comedy""}",ml-latest-small/movies.csv
ml-latest-small,5114,"Bad and the Beautiful, The (1952)",Drama,Drama,"{""release_year"": 1952, ""primary_genre"": ""Drama""}",ml-latest-small/movies.csv
ml-latest-small,5116,Designing Woman (1957),Comedy,Comedy,"{""release_year"": 1957, ""primary_genre"": ""Comedy""}",ml-latest-small/movies.csv
ml-latest-small,5120,Sleuth (1972),Comedy|Mystery|Thriller,Comedy,"{""release_year"": 1972, ""primary_genre"": ""Comedy""}",ml-latest-small/movies.csv
ml-latest-small,5121,Stroszek (1977),Comedy|Drama,Comedy,"{""release_year"": 1977, ""primary_genre"": ""Comedy""}",ml-latest-small/movies.csv
ml-latest-small,5127,Dragonfly (2002),Drama|Fantasy|Mystery|Romance|Thriller,Drama,"{""release_year"": 2002, ""primary_genre"": ""Drama""}",ml-latest-small/movies.csv
ml-latest-small,5128,Queen of the Damned (2002),Fantasy|Horror,Fantasy,"{""release_year"": 2002, ""primary_genre"": ""Fantasy""}",ml-latest-small/movies.csv
ml-latest-small,5131,How to Kill Your Neighbor's Dog (2000),Comedy|Drama,Comedy,"{""release_year"": 2000, ""primary_genre"": ""Comedy""}",ml-latest-small/movies.csv
ml-latest-small,5134,Mean Machine (2001),Comedy|Drama,Comedy,"{""release_year"": 2001, ""primary_genre"": ""Comedy""}",ml-latest-small/movies.csv
ml-latest-small,5135,Monsoon Wedding (2001),Comedy|Romance,Comedy,"{""release_year"": 2001, ""primary_genre"": ""Comedy""}",ml-latest-small/movies.csv
ml-latest-small,5136,Wendigo (2001),Drama|Horror,Drama,"{""release_year"": 2001, ""primary_genre"": ""Drama""}",ml-latest-small/movies.csv
ml-latest-small,5137,Scratch (2001),Documentary,Documentary,"{""release_year"": 2001, ""primary_genre"": ""Documentary""}",ml-latest-small/movies.csv
ml-latest-small,5139,"Bad News Bears, The (1976)",Comedy,Comedy,"{""release_year"": 1976, ""primary_genre"": ""Comedy""}",ml-latest-small/movies.csv
ml-latest-small,5146,Vampire Hunter D: Bloodlust (Banpaia hantâ D) (2000),Animation|Fantasy|Horror|Sci-Fi,Animation,"{""release_year"": 2000, ""primary_genre"": ""Animation""}",ml-latest-small/movies.csv
ml-latest-small,5147,Wild Strawberries (Smultronstället) (1957),Drama,Drama,"{""release_year"": 1957, ""primary_genre"": ""Drama""}",ml-latest-small/movies.csv
ml-latest-small,5151,40 Days and 40 Nights (2002),Comedy|Romance,Comedy,"{""release_year"": 2002, ""primary_genre"": ""Comedy""}",ml-latest-small/movies.csv
ml-latest-small,5152,We Were Soldiers (2002),Action|Drama|War,Action,"{""release_year"": 2002, ""primary_genre"": ""Action""}",ml-latest-small/movies.csv
ml-latest-small,5155,"Big Bird Cage, The (1972)",Action,Action,"{""release_year"": 1972, ""primary_genre"": ""Action""}",ml-latest-small/movies.csv
ml-latest-small,5156,"Big Doll House, The (1971)",Action,Action,"{""release_year"": 1971, ""primary_genre"": ""Action""}",ml-latest-small/movies.csv
ml-latest-small,5159,Ferngully: The Last Rainforest (1992),Animation|Children|Comedy|Musical,Animation,"{""release_year"": 1992, ""primary_genre"": ""Animation""}",ml-latest-small/movies.csv
ml-latest-small,5165,Zombie (a.k.a. Zombie 2: The Dead Are Among Us) (Zombi 2) (1979),Horror,Horror,"{""release_year"": 1979, ""primary_genre"": ""Horror""}",ml-latest-small/movies.csv
ml-latest-small,5168,Royal Wedding (1951),Comedy|Musical|Romance,Comedy,"{""release_year"": 1951, ""primary_genre"": ""Comedy""}",ml-latest-small/movies.csv
ml-latest-small,5170,All About the Benjamins (2002),Action|Comedy|Crime,Action,"{""release_year"": 2002, ""primary_genre"": ""Action""}",ml-latest-small/movies.csv
ml-latest-small,5171,"Time Machine, The (2002)",Action|Adventure|Sci-Fi,Action,"{""release_year"": 2002, ""primary_genre"": ""Action""}",ml-latest-small/movies.csv
ml-latest-small,5177,"Magnificent Ambersons, The (1942)",Drama|Romance,Drama,"{""release_year"": 1942, ""primary_genre"": ""Drama""}",ml-latest-small/movies.csv
ml-latest-small,5178,Fun (1994),Crime|Drama,Crime,"{""release_year"": 1994, ""primary_genre"": ""Crime""}",ml-latest-small/movies.csv
ml-latest-small,5181,Hangar 18 (1980),Action|Sci-Fi|Thriller,Action,"{""release_year"": 1980, ""primary_genre"": ""Action""}",ml-latest-small/movies.csv
ml-latest-small,5187,Hopscotch (1980),Comedy,Comedy,"{""release_year"": 1980, ""primary_genre"": ""Comedy""}",ml-latest-small/movies.csv
ml-latest-small,5189,Humanoids from the Deep (1980),Horror|Sci-Fi,Horror,"{""release_year"": 1980, ""primary_genre"": ""Horror""}",ml-latest-small/movies.csv
ml-latest-small,5197,Little Darlings (1980),Drama,Drama,"{""release_year"": 1980, ""primary_genre"": ""Drama""}",ml-latest-small/movies.csv
ml-latest-small,5198,"Long Good Friday, The (1980)",Drama|Thriller,Drama,"{""release_year"": 1980, ""primary_genre"": ""Drama""}",ml-latest-small/movies.csv
ml-latest-small,5202,Mon oncle d'Amérique (1980),Drama,Drama,"{""release_year"": 1980, ""primary_genre"": ""Drama""}",ml-latest-small/movies.csv
ml-latest-small,5205,Motel Hell (1980),Comedy|Horror,Comedy,"{""release_year"": 1980, ""primary_genre"": ""Comedy""}",ml-latest-small/movies.csv
ml-latest-small,5209,Ffolkes (1979),Action|Adventure|Thriller,Action,"{""release_year"": 1979, ""primary_genre"": ""Action""}",ml-latest-small/movies.csv
ml-latest-small,5212,"Octagon, The (1980)",Action,Action,"{""release_year"": 1980, ""primary_genre"": ""Action""}",ml-latest-small/movies.csv
ml-latest-small,5213,"Oh, God! Book II (1980)",Comedy,Comedy,"{""release_year"": 1980, ""primary_genre"": ""Comedy""}",ml-latest-small/movies.csv
ml-latest-small,5214,"Oh, God! (1977)",Comedy|Fantasy,Comedy,"{""release_year"": 1977, ""primary_genre"": ""Comedy""}",ml-latest-small/movies.csv
ml-latest-small,5218,Ice Age (2002),Adventure|Animation|Children|Comedy,Adventure,"{""release_year"": 2002, ""primary_genre"": ""Adventure""}",ml-latest-small/movies.csv
ml-latest-small,5219,Resident Evil (2002),Action|Horror|Sci-Fi|Thriller,Action,"{""release_year"": 2002, ""primary_genre"": ""Action""}",ml-latest-small/movies.csv
ml-latest-small,5220,Showtime (2002),Action|Comedy,Action,"{""release_year"": 2002, ""primary_genre"": ""Action""}",ml-latest-small/movies.csv
ml-latest-small,5221,Harrison's Flowers (2000),Drama,Drama,"{""release_year"": 2000, ""primary_genre"": ""Drama""}",ml-latest-small/movies.csv
ml-latest-small,5222,Kissing Jessica Stein (2001),Comedy|Romance,Comedy,"{""release_year"": 2001, ""primary_genre"": ""Comedy""}",ml-latest-small/movies.csv
ml-latest-small,5224,Promises (2001),Documentary,Documentary,"{""release_year"": 2001, ""primary_genre"": ""Documentary""}",ml-latest-small/movies.csv
ml-latest-small,5225,And Your Mother Too (Y tu mamá también) (2001),Drama|Romance,Drama,"{""release_year"": 2001, ""primary_genre"": ""Drama""}",ml-latest-small/movies.csv
ml-latest-small,5226,All the Right Moves (1983),Drama|Romance,Drama,"{""release_year"": 1983, ""primary_genre"": ""Drama""}",ml-latest-small/movies.csv
ml-latest-small,5231,Road to Morocco (1942),Comedy,Comedy,"{""release_year"": 1942, ""primary_genre"": ""Comedy""}",ml-latest-small/movies.csv
ml-latest-small,5237,Taps (1981),Drama,Drama,"{""release_year"": 1981, ""primary_genre"": ""Drama""}",ml-latest-small/movies.csv
ml-latest-small,5238,Return of the Secaucus 7 (1980),Drama,Drama,"{""release_year"": 1980, ""primary_genre"": ""Drama""}",ml-latest-small/movies.csv
ml-latest-small,5239,Rude Boy (1980),Documentary|Drama,Documentary,"{""release_year"": 1980, ""primary_genre"": ""Documentary""}",ml-latest-small/movies.csv
ml-latest-small,5240,Running Scared (1980),Action|Drama,Action,"{""release_year"": 1980, ""primary_genre"": ""Action""}",ml-latest-small/movies.csv
ml-latest-small,5241,Seems Like Old Times (1980),Comedy|Romance,Comedy,"{""release_year"": 1980, ""primary_genre"": ""Comedy""}",ml-latest-small/movies.csv
ml-latest-small,5244,Shogun Assassin (1980),Action|Adventure,Action,"{""release_year"": 1980, ""primary_genre"": ""Action""}",ml-latest-small/movies.csv
ml-latest-small,5246,Smokey and the Bandit II (1980),Action|Comedy,Action,"{""release_year"": 1980, ""primary_genre"": ""Action""}",ml-latest-small/movies.csv
ml-latest-small,5247,Smokey and the Bandit (1977),Action|Comedy,Action,"{""release_year"": 1977, ""primary_genre"": ""Action""}",ml-latest-small/movies.csv
ml-latest-small,5248,Smokey and the Bandit III (1983),Action|Comedy,Action,"{""release_year"": 1983, ""primary_genre"": ""Action""}",ml-latest-small/movies.csv
ml-latest-small,5250,Stir Crazy (1980),Comedy,Comedy,"{""release_year"": 1980, ""primary_genre"": ""Comedy""}",ml-latest-small/movies.csv
ml-latest-small,5254,Blade II (2002),Action|Horror|Thriller,Action,"{""release_year"": 2002, ""primary_genre"": ""Action""}",ml-latest-small/movies.csv
ml-latest-small,5255,Sorority Boys (2002),Comedy,Comedy,"{""release_year"": 2002, ""primary_genre"": ""Comedy""}",ml-latest-small/movies.csv
ml-latest-small,5256,Stolen Summer (2002),Drama,Drama,"{""release_year"": 2002, ""primary_genre"": ""Drama""}",ml-latest-small/movies.csv
ml-latest-small,5258,George Washington (2000),Drama,Drama,"{""release_year"": 2000, ""primary_genre"": ""Drama""}",ml-latest-small/movies.csv
ml-latest-small,5264,Clockstoppers (2002),Action|Adventure|Sci-Fi|Thriller,Action,"{""release_year"": 2002, ""primary_genre"": ""Action""}",ml-latest-small/movies.csv
ml-latest-small,5265,Death to Smoochy (2002),Comedy|Crime|Drama,Comedy,"{""release_year"": 2002, ""primary_genre"": ""Comedy""}",ml-latest-small/movies.csv
ml-latest-small,5266,Panic Room (2002),Thriller,Thriller,"{""release_year"": 2002, ""primary_genre"": ""Thriller""}",ml-latest-small/movies.csv
ml-latest-small,5267,"Rookie, The (2002)",Drama,Drama,"{""release_year"": 2002, ""primary_genre"": ""Drama""}",ml-latest-small/movies.csv
ml-latest-small,5268,No Such Thing (2001),Drama|Fantasy|Romance,Drama,"{""release_year"": 2001, ""primary_genre"": ""Drama""}",ml-latest-small/movies.csv
ml-latest-small,5269,"Piano Teacher, The (La pianiste) (2001)",Drama,Drama,"{""release_year"": 2001, ""primary_genre"": ""Drama""}",ml-latest-small/movies.csv
ml-latest-small,5272,Time Out (L'emploi du temps) (2001),Drama,Drama,"{""release_year"": 2001, ""primary_genre"": ""Drama""}",ml-latest-small/movies.csv
ml-latest-small,5275,Boxcar Bertha (1972),Drama,Drama,"{""release_year"": 1972, ""primary_genre"": ""Drama""}",ml-latest-small/movies.csv
ml-latest-small,5278,Fraternity Vacation (1985),Comedy|Romance,Comedy,"{""release_year"": 1985, ""primary_genre"": ""Comedy""}",ml-latest-small/movies.csv
ml-latest-small,5279,Impromptu (1991),Comedy|Romance,Comedy,"{""release_year"": 1991, ""primary_genre"": ""Comedy""}",ml-latest-small/movies.csv
ml-latest-small,5282,High Crimes (2002),Thriller,Thriller,"{""release_year"": 2002, ""primary_genre"": ""Thriller""}",ml-latest-small/movies.csv
ml-latest-small,5283,National Lampoon's Van Wilder (2002),Comedy,Comedy,"{""release_year"": 2002, ""primary_genre"": ""Comedy""}",ml-latest-small/movies.csv
ml-latest-small,5284,Crush (2001),Comedy|Romance,Comedy,"{""release_year"": 2001, ""primary_genre"": ""Comedy""}",ml-latest-small/movies.csv
ml-latest-small,5285,Lucky Break (2001),Comedy|Crime,Comedy,"{""release_year"": 2001, ""primary_genre"": ""Comedy""}",ml-latest-small/movies.csv
ml-latest-small,5288,"Atomic Cafe, The (1982)",Documentary|War,Documentary,"{""release_year"": 1982, ""primary_genre"": ""Documentary""}",ml-latest-small/movies.csv
ml-latest-small,5291,Rashomon (Rashômon) (1950),Crime|Drama|Mystery,Crime,"{""release_year"": 1950, ""primary_genre"": ""Crime""}",ml-latest-small/movies.csv
ml-latest-small,5292,Slap Shot (1977),Comedy,Comedy,"{""release_year"": 1977, ""primary_genre"": ""Comedy""}",ml-latest-small/movies.csv
ml-latest-small,5293,Changing Lanes (2002),Drama|Thriller,Drama,"{""release_year"": 2002, ""primary_genre"": ""Drama""}",ml-latest-small/movies.csv
ml-latest-small,5294,Frailty (2001),Crime|Drama|Thriller,Crime,"{""release_year"": 2001, ""primary_genre"": ""Crime""}",ml-latest-small/movies.csv
ml-latest-small,5296,"Sweetest Thing, The (2002)",Comedy|Romance,Comedy,"{""release_year"": 2002, ""primary_genre"": ""Comedy""}",ml-latest-small/movies.csv
ml-latest-small,5297,"Cat's Meow, The (2002)",Drama|Thriller,Drama,"{""release_year"": 2002, ""primary_genre"": ""Drama""}",ml-latest-small/movies.csv
ml-latest-small,5298,Human Nature (2001),Comedy|Romance,Comedy,"{""release_year"": 2001, ""primary_genre"": ""Comedy""}",ml-latest-small/movies.csv
ml-latest-small,5299,My Big Fat Greek Wedding (2002),Comedy|Romance,Comedy,"{""release_year"": 2002, ""primary_genre"": ""Comedy""}",ml-latest-small/movies.csv
ml-latest-small,5300,3:10 to Yuma (1957),Action|Adventure|Drama|Thriller|Western,Action,"{""release_year"": 1957, ""primary_genre"": ""Action""}",ml-latest-small/movies.csv
ml-latest-small,5303,Joe Versus the Volcano (1990),Comedy|Romance,Comedy,"{""release_year"": 1990, ""primary_genre"": ""Comedy""}",ml-latest-small/movies.csv
ml-latest-small,5304,"Rome, Open City (a.k.a. Open City) (Roma, città aperta) (1945)",Drama|War,Drama,"{""release_year"": 1945, ""primary_genre"": ""Drama""}",ml-latest-small/movies.csv
ml-latest-small,5307,Taking Care of Business (1990),Comedy,Comedy,"{""release_year"": 1990, ""primary_genre"": ""Comedy""}",ml-latest-small/movies.csv
ml-latest-small,5308,Three Men and a Baby (1987),Comedy,Comedy,"{""release_year"": 1987, ""primary_genre"": ""Comedy""}",ml-latest-small/movies.csv
ml-latest-small,5309,Three Men and a Little Lady (1990),Comedy|Romance,Comedy,"{""release_year"": 1990, ""primary_genre"": ""Comedy""}",ml-latest-small/movies.csv
ml-latest-small,5311,"Watcher in the Woods, The (1980)",Children|Horror|Mystery|Thriller,Children,"{""release_year"": 1980, ""primary_genre"": ""Children""}",ml-latest-small/movies.csv
ml-latest-small,5312,Murder by Numbers (2002),Crime|Thriller,Crime,"{""release_year"": 2002, ""primary_genre"": ""Crime""}",ml-latest-small/movies.csv
ml-latest-small,5313,The Scorpion King (2002),Action|Adventure|Fantasy|Thriller,Action,"{""release_year"": 2002, ""primary_genre"": ""Action""}",ml-latest-small/movies.csv
ml-latest-small,5316,Enigma (2001),Romance|Thriller,Romance,"{""release_year"": 2001, ""primary_genre"": ""Romance""}",ml-latest-small/movies.csv
ml-latest-small,5319,Nine Queens (Nueve reinas) (2000),Crime|Thriller,Crime,"{""release_year"": 2000, ""primary_genre"": ""Crime""}",ml-latest-small/movies.csv
ml-latest-small,5321,"Triumph of Love, The (2001)",Comedy,Comedy,"{""release_year"": 2001, ""primary_genre"": ""Comedy""}",ml-latest-small/movies.csv
ml-latest-small,5322,World Traveler (2001),Drama,Drama,"{""release_year"": 2001, ""primary_genre"": ""Drama""}",ml-latest-small/movies.csv
ml-latest-small,5323,Jason X (2002),Horror|Sci-Fi|Thriller,Horror,"{""release_year"": 2002, ""primary_genre"": ""Horror""}",ml-latest-small/movies.csv
ml-latest-small,5324,Life or Something Like It (2002),Comedy|Romance,Comedy,"{""release_year"": 2002, ""primary_genre"": ""Comedy""}",ml-latest-small/movies.csv
ml-latest-small,5325,Dogtown and Z-Boyz (2001),Documentary,Documentary,"{""release_year"": 2001, ""primary_genre"": ""Documentary""}",ml-latest-small/movies.csv
ml-latest-small,5328,Rain (2001),Drama|Romance,Drama,"{""release_year"": 2001, ""primary_genre"": ""Drama""}",ml-latest-small/movies.csv
ml-latest-small,5329,"Salton Sea, The (2002)",Crime|Drama|Thriller,Crime,"{""release_year"": 2002, ""primary_genre"": ""Crime""}",ml-latest-small/movies.csv
ml-latest-small,5333,Bob le Flambeur (1955),Crime|Drama,Crime,"{""release_year"": 1955, ""primary_genre"": ""Crime""}",ml-latest-small/movies.csv
ml-latest-small,5334,Cadillac Man (1990),Comedy|Crime,Comedy,"{""release_year"": 1990, ""primary_genre"": ""Comedy""}",ml-latest-small/movies.csv
ml-latest-small,5337,Delirious (1991),Comedy,Comedy,"{""release_year"": 1991, ""primary_genre"": ""Comedy""}",ml-latest-small/movies.csv
ml-latest-small,5338,Full Moon in Blue Water (1988),Drama,Drama,"{""release_year"": 1988, ""primary_genre"": ""Drama""}",ml-latest-small/movies.csv
ml-latest-small,5339,Husbands and Wives (1992),Comedy|Drama,Comedy,"{""release_year"": 1992, ""primary_genre"": ""Comedy""}",ml-latest-small/movies.csv
ml-latest-small,5341,Lenny (1974),Drama,Drama,"{""release_year"": 1974, ""primary_genre"": ""Drama""}",ml-latest-small/movies.csv
ml-latest-small,5345,Triumph of the Spirit (1989),Drama,Drama,"{""release_year"": 1989, ""primary_genre"": ""Drama""}",ml-latest-small/movies.csv
ml-latest-small,5346,Wild Orchid (1990),Drama|Romance,Drama,"{""release_year"": 1990, ""primary_genre"": ""Drama""}",ml-latest-small/movies.csv
ml-latest-small,5347,Deuces Wild (2002),Drama,Drama,"{""release_year"": 2002, ""primary_genre"": ""Drama""}",ml-latest-small/movies.csv
ml-latest-small,5348,Hollywood Ending (2002),Comedy|Drama,Comedy,"{""release_year"": 2002, ""primary_genre"": ""Comedy""}",ml-latest-small/movies.csv
ml-latest-small,5349,Spider-Man (2002),Action|Adventure|Sci-Fi|Thriller,Action,"{""release_year"": 2002, ""primary_genre"": ""Action""}",ml-latest-small/movies.csv
ml-latest-small,5353,Butterflies Are Free (1972),Comedy|Drama,Comedy,"{""release_year"": 1972, ""primary_genre"": ""Comedy""}",ml-latest-small/movies.csv
ml-latest-small,5356,"Giant Spider Invasion, The (1975)",Horror|Sci-Fi,Horror,"{""release_year"": 1975, ""primary_genre"": ""Horror""}",ml-latest-small/movies.csv
ml-latest-small,5357,Iron Will (1994),Adventure,Adventure,"{""release_year"": 1994, ""primary_genre"": ""Adventure""}",ml-latest-small/movies.csv
ml-latest-small,5358,Mountains of the Moon (1990),Adventure,Adventure,"{""release_year"": 1990, ""primary_genre"": ""Adventure""}",ml-latest-small/movies.csv
ml-latest-small,5361,White Fang (1991),Adventure,Adventure,"{""release_year"": 1991, ""primary_genre"": ""Adventure""}",ml-latest-small/movies.csv
ml-latest-small,5363,"New Guy, The (2002)",Comedy,Comedy,"{""release_year"": 2002, ""primary_genre"": ""Comedy""}",ml-latest-small/movies.csv
ml-latest-small,5364,Unfaithful (2002),Drama|Thriller,Drama,"{""release_year"": 2002, ""primary_genre"": ""Drama""}",ml-latest-small/movies.csv
ml-latest-small,5365,"Lady and the Duke, The (Anglaise et le duc, L') (2001)",Drama|Romance,Drama,"{""release_year"": 2001, ""primary_genre"": ""Drama""}",ml-latest-small/movies.csv
ml-latest-small,5372,Calamity Jane (1953),Musical|Western,Musical,"{""release_year"": 1953, ""primary_genre"": ""Musical""}",ml-latest-small/movies.csv
ml-latest-small,5373,"Cranes Are Flying, The (Letyat zhuravli) (1957)",Drama|Romance|War,Drama,"{""release_year"": 1957, ""primary_genre"": ""Drama""}",ml-latest-small/movies.csv
ml-latest-small,5375,"Harvey Girls, The (1946)",Comedy|Musical|Western,Comedy,"{""release_year"": 1946, ""primary_genre"": ""Comedy""}",ml-latest-small/movies.csv
ml-latest-small,5377,About a Boy (2002),Comedy|Drama|Romance,Comedy,"{""release_year"": 2002, ""primary_genre"": ""Comedy""}",ml-latest-small/movies.csv
ml-latest-small,5378,Star Wars: Episode II - Attack of the Clones (2002),Action|Adventure|Sci-Fi|IMAX,Action,"{""release_year"": 2002, ""primary_genre"": ""Action""}",ml-latest-small/movies.csv
ml-latest-small,5379,"Believer, The (2001)",Drama,Drama,"{""release_year"": 2001, ""primary_genre"": ""Drama""}",ml-latest-small/movies.csv
ml-latest-small,5380,"Importance of Being Earnest, The (2002)",Comedy|Drama|Romance,Comedy,"{""release_year"": 2002, ""primary_genre"": ""Comedy""}",ml-latest-small/movies.csv
ml-latest-small,5382,Every Which Way But Loose (1978),Comedy,Comedy,"{""release_year"": 1978, ""primary_genre"": ""Comedy""}",ml-latest-small/movies.csv
ml-latest-small,5384,I Want to Live! (1958),Crime|Drama,Crime,"{""release_year"": 1958, ""primary_genre"": ""Crime""}",ml-latest-small/movies.csv
ml-latest-small,5385,"Last Waltz, The (1978)",Documentary,Documentary,"{""release_year"": 1978, ""primary_genre"": ""Documentary""}",ml-latest-small/movies.csv
ml-latest-small,5387,Enough (2002),Drama|Thriller,Drama,"{""release_year"": 2002, ""primary_genre"": ""Drama""}",ml-latest-small/movies.csv
ml-latest-small,5388,Insomnia (2002),Action|Crime|Drama|Mystery|Thriller,Action,"{""release_year"": 2002, ""primary_genre"": ""Action""}",ml-latest-small/movies.csv
ml-latest-small,5389,Spirit: Stallion of the Cimarron (2002),Adventure|Animation|Children|Western,Adventure,"{""release_year"": 2002, ""primary_genre"": ""Adventure""}",ml-latest-small/movies.csv
ml-latest-small,5390,CQ (2001),Drama,Drama,"{""release_year"": 2001, ""primary_genre"": ""Drama""}",ml-latest-small/movies.csv
ml-latest-small,5391,Thirteen Conversations About One Thing (a.k.a. 13 Conversations) (2001),Drama,Drama,"{""release_year"": 2001, ""primary_genre"": ""Drama""}",ml-latest-small/movies.csv
ml-latest-small,5397,Monkey Business (1952),Comedy|Sci-Fi,Comedy,"{""release_year"": 1952, ""primary_genre"": ""Comedy""}",ml-latest-small/movies.csv
ml-latest-small,5398,Requiem for a Heavyweight (1962),Drama,Drama,"{""release_year"": 1962, ""primary_genre"": ""Drama""}",ml-latest-small/movies.csv
ml-latest-small,5400,"Sum of All Fears, The (2002)",Drama|Thriller,Drama,"{""release_year"": 2002, ""primary_genre"": ""Drama""}",ml-latest-small/movies.csv
ml-latest-small,5401,Undercover Brother (2002),Comedy,Comedy,"{""release_year"": 2002, ""primary_genre"": ""Comedy""}",ml-latest-small/movies.csv
ml-latest-small,5404,84 Charing Cross Road (1987),Drama|Romance,Drama,"{""release_year"": 1987, ""primary_genre"": ""Drama""}",ml-latest-small/movies.csv
ml-latest-small,5409,Rapid Fire (1992),Action,Action,"{""release_year"": 1992, ""primary_genre"": ""Action""}",ml-latest-small/movies.csv
ml-latest-small,5410,Silent Running (1972),Drama|Sci-Fi,Drama,"{""release_year"": 1972, ""primary_genre"": ""Drama""}",ml-latest-small/movies.csv
ml-latest-small,5414,Bad Company (2002),Action|Comedy|Crime,Action,"{""release_year"": 2002, ""primary_genre"": ""Action""}",ml-latest-small/movies.csv
ml-latest-small,5415,Divine Secrets of the Ya-Ya Sisterhood (2002),Comedy|Drama,Comedy,"{""release_year"": 2002, ""primary_genre"": ""Comedy""}",ml-latest-small/movies.csv
ml-latest-small,5416,Cherish (2002),Comedy|Drama|Thriller,Comedy,"{""release_year"": 2002, ""primary_genre"": ""Comedy""}",ml-latest-small/movies.csv
ml-latest-small,5417,"Fast Runner, The (Atanarjuat) (2001)",Drama|Fantasy,Drama,"{""release_year"": 2001, ""primary_genre"": ""Drama""}",ml-latest-small/movies.csv
ml-latest-small,5418,"Bourne Identity, The (2002)",Action|Mystery|Thriller,Action,"{""release_year"": 2002, ""primary_genre"": ""Action""}",ml-latest-small/movies.csv
ml-latest-small,5419,Scooby-Doo (2002),Adventure|Children|Comedy|Fantasy|Mystery,Adventure,"{""release_year"": 2002, ""primary_genre"": ""Adventure""}",ml-latest-small/movies.csv
ml-latest-small,5420,Windtalkers (2002),Action|Drama|War,Action,"{""release_year"": 2002, ""primary_genre"": ""Action""}",ml-latest-small/movies.csv
ml-latest-small,5421,"Dangerous Lives of Altar Boys, The (2002)",Drama,Drama,"{""release_year"": 2002, ""primary_genre"": ""Drama""}",ml-latest-small/movies.csv
ml-latest-small,5422,"Emperor's New Clothes, The (2001)",Comedy,Comedy,"{""release_year"": 2001, ""primary_genre"": ""Comedy""}",ml-latest-small/movies.csv
ml-latest-small,5423,Gangster No. 1 (2000),Action|Crime|Thriller,Action,"{""release_year"": 2000, ""primary_genre"": ""Action""}",ml-latest-small/movies.csv
ml-latest-small,5424,Harvard Man (2001),Crime|Drama|Romance|Thriller,Crime,"{""release_year"": 2001, ""primary_genre"": ""Crime""}",ml-latest-small/movies.csv
ml-latest-small,5425,Dark Blue World (Tmavomodrý svet) (2001),Drama|War,Drama,"{""release_year"": 2001, ""primary_genre"": ""Drama""}",ml-latest-small/movies.csv
ml-latest-small,5427,Caveman (1981),Comedy,Comedy,"{""release_year"": 1981, ""primary_genre"": ""Comedy""}",ml-latest-small/movies.csv
ml-latest-small,5428,Cheech & Chong's The Corsican Brothers (1984),Comedy,Comedy,"{""release_year"": 1984, ""primary_genre"": ""Comedy""}",ml-latest-small/movies.csv
ml-latest-small,5433,Silver Bullet (Stephen King's Silver Bullet) (1985),Adventure|Drama|Horror|Mystery|Thriller,Adventure,"{""release_year"": 1985, ""primary_genre"": ""Adventure""}",ml-latest-small/movies.csv
ml-latest-small,5434,"Sorry, Wrong Number (1948)",Drama|Film-Noir|Thriller,Drama,"{""release_year"": 1948, ""primary_genre"": ""Drama""}",ml-latest-small/movies.csv
ml-latest-small,5435,Hombre (1967),Western,Western,"{""release_year"": 1967, ""primary_genre"": ""Western""}",ml-latest-small/movies.csv
ml-latest-small,5437,"Manhattan Project, The (1986)",Comedy|Sci-Fi|Thriller,Comedy,"{""release_year"": 1986, ""primary_genre"": ""Comedy""}",ml-latest-small/movies.csv
ml-latest-small,5438,Men at Work (1990),Action|Comedy,Action,"{""release_year"": 1990, ""primary_genre"": ""Action""}",ml-latest-small/movies.csv
ml-latest-small,5440,She Wore a Yellow Ribbon (1949),Western,Western,"{""release_year"": 1949, ""primary_genre"": ""Western""}",ml-latest-small/movies.csv
ml-latest-small,5442,V. I. Warshawski (1991),Action|Comedy|Crime,Action,"{""release_year"": 1991, ""primary_genre"": ""Action""}",ml-latest-small/movies.csv
ml-latest-small,5443,Juwanna Mann (2002),Comedy,Comedy,"{""release_year"": 2002, ""primary_genre"": ""Comedy""}",ml-latest-small/movies.csv
ml-latest-small,5444,Lilo & Stitch (2002),Adventure|Animation|Children|Sci-Fi,Adventure,"{""release_year"": 2002, ""primary_genre"": ""Adventure""}",ml-latest-small/movies.csv
ml-latest-small,5445,Minority Report (2002),Action|Crime|Mystery|Sci-Fi|Thriller,Action,"{""release_year"": 2002, ""primary_genre"": ""Action""}",ml-latest-small/movies.csv
ml-latest-small,5446,Rabbit-Proof Fence (2002),Adventure|Drama,Adventure,"{""release_year"": 2002, ""primary_genre"": ""Adventure""}",ml-latest-small/movies.csv
ml-latest-small,5447,Sunshine State (2002),Drama,Drama,"{""release_year"": 2002, ""primary_genre"": ""Drama""}",ml-latest-small/movies.csv
ml-latest-small,5448,Hey Arnold! The Movie (2002),Adventure|Animation|Children|Comedy,Adventure,"{""release_year"": 2002, ""primary_genre"": ""Adventure""}",ml-latest-small/movies.csv
ml-latest-small,5449,Mr. Deeds (2002),Comedy|Romance,Comedy,"{""release_year"": 2002, ""primary_genre"": ""Comedy""}",ml-latest-small/movies.csv
ml-latest-small,5450,Lovely & Amazing (2001),Comedy|Drama|Romance,Comedy,"{""release_year"": 2001, ""primary_genre"": ""Comedy""}",ml-latest-small/movies.csv
ml-latest-small,5451,Pumpkin (2002),Comedy|Drama|Romance,Comedy,"{""release_year"": 2002, ""primary_genre"": ""Comedy""}",ml-latest-small/movies.csv
ml-latest-small,5452,Look Who's Talking Now (1993),Children|Comedy|Romance,Children,"{""release_year"": 1993, ""primary_genre"": ""Children""}",ml-latest-small/movies.csv
ml-latest-small,5454,Mo' Money (1992),Comedy|Romance,Comedy,"{""release_year"": 1992, ""primary_genre"": ""Comedy""}",ml-latest-small/movies.csv
ml-latest-small,5455,"Object of Beauty, The (1991)",Comedy|Drama,Comedy,"{""release_year"": 1991, ""primary_genre"": ""Comedy""}",ml-latest-small/movies.csv
ml-latest-small,5456,Wagons East (1994),Comedy|Western,Comedy,"{""release_year"": 1994, ""primary_genre"": ""Comedy""}",ml-latest-small/movies.csv
ml-latest-small,5458,Like Mike (2002),Children|Comedy|Fantasy,Children,"{""release_year"": 2002, ""primary_genre"": ""Children""}",ml-latest-small/movies.csv
ml-latest-small,5459,Men in Black II (a.k.a. MIIB) (a.k.a. MIB 2) (2002),Action|Comedy|Sci-Fi,Action,"{""release_year"": 2002, ""primary_genre"": ""Action""}",ml-latest-small/movies.csv
ml-latest-small,5460,"Powerpuff Girls, The (2002)",Action|Animation|Children|Comedy,Action,"{""release_year"": 2002, ""primary_genre"": ""Action""}",ml-latest-small/movies.csv
ml-latest-small,5461,Me Without You (2001),Comedy|Drama,Comedy,"{""release_year"": 2001, ""primary_genre"": ""Comedy""}",ml-latest-small/movies.csv
ml-latest-small,5462,"Crocodile Hunter: Collision Course, The (2002)",Adventure|Comedy,Adventure,"{""release_year"": 2002, ""primary_genre"": ""Adventure""}",ml-latest-small/movies.csv
ml-latest-small,5463,Reign of Fire (2002),Action|Adventure|Fantasy,Action,"{""release_year"": 2002, ""primary_genre"": ""Action""}",ml-latest-small/movies.csv
ml-latest-small,5464,Road to Perdition (2002),Crime|Drama,Crime,"{""release_year"": 2002, ""primary_genre"": ""Crime""}",ml-latest-small/movies.csv
ml-latest-small,5465,All About Lily Chou-Chou (Riri Shushu no subete) (2001),Crime|Drama|Thriller,Crime,"{""release_year"": 2001, ""primary_genre"": ""Crime""}",ml-latest-small/movies.csv
ml-latest-small,5466,My Wife is an Actress (Ma Femme est une Actrice) (2001),Comedy|Drama|Romance,Comedy,"{""release_year"": 2001, ""primary_genre"": ""Comedy""}",ml-latest-small/movies.csv
ml-latest-small,5468,20 Million Miles to Earth (1957),Sci-Fi,Sci-Fi,"{""release_year"": 1957, ""primary_genre"": ""Sci-Fi""}",ml-latest-small/movies.csv
ml-latest-small,5470,The Importance of Being Earnest (1952),Comedy|Romance,Comedy,"{""release_year"": 1952, ""primary_genre"": ""Comedy""}",ml-latest-small/movies.csv
ml-latest-small,5471,Perfect (1985),Drama|Romance,Drama,"{""release_year"": 1985, ""primary_genre"": ""Drama""}",ml-latest-small/movies.csv
ml-latest-small,5472,1776 (1972),Children|Drama|Musical,Children,"{""release_year"": 1972, ""primary_genre"": ""Children""}",ml-latest-small/movies.csv
ml-latest-small,5475,Z (1969),Drama|Mystery|Thriller,Drama,"{""release_year"": 1969, ""primary_genre"": ""Drama""}",ml-latest-small/movies.csv
ml-latest-small,5476,Halloween: Resurrection (Halloween 8) (2002),Horror|Thriller,Horror,"{""release_year"": 2002, ""primary_genre"": ""Horror""}",ml-latest-small/movies.csv
ml-latest-small,5477,Sex and Lucia (Lucía y el sexo) (2001),Drama|Romance,Drama,"{""release_year"": 2001, ""primary_genre"": ""Drama""}",ml-latest-small/movies.csv
ml-latest-small,5478,Eight Legged Freaks (2002),Action|Comedy|Horror|Sci-Fi,Action,"{""release_year"": 2002, ""primary_genre"": ""Action""}",ml-latest-small/movies.csv
ml-latest-small,5479,K-19: The Widowmaker (2002),Action|Adventure|Drama|Thriller,Action,"{""release_year"": 2002, ""primary_genre"": ""Action""}",ml-latest-small/movies.csv
ml-latest-small,5480,Stuart Little 2 (2002),Children|Comedy,Children,"{""release_year"": 2002, ""primary_genre"": ""Children""}",ml-latest-small/movies.csv
ml-latest-small,5481,Austin Powers in Goldmember (2002),Comedy,Comedy,"{""release_year"": 2002, ""primary_genre"": ""Comedy""}",ml-latest-small/movies.csv
ml-latest-small,5483,"Kid Stays in the Picture, The (2002)",Documentary,Documentary,"{""release_year"": 2002, ""primary_genre"": ""Documentary""}",ml-latest-small/movies.csv
ml-latest-small,5485,Tadpole (2002),Comedy|Drama|Romance,Comedy,"{""release_year"": 2002, ""primary_genre"": ""Comedy""}",ml-latest-small/movies.csv
ml-latest-small,5486,Who Is Cletis Tout? (2001),Comedy,Comedy,"{""release_year"": 2001, ""primary_genre"": ""Comedy""}",ml-latest-small/movies.csv
ml-latest-small,5489,Nosferatu the Vampyre (Nosferatu: Phantom der Nacht) (1979),Horror,Horror,"{""release_year"": 1979, ""primary_genre"": ""Horror""}",ml-latest-small/movies.csv
ml-latest-small,5490,The Big Bus (1976),Action|Comedy,Action,"{""release_year"": 1976, ""primary_genre"": ""Action""}",ml-latest-small/movies.csv
ml-latest-small,5493,In Like Flint (1967),Action|Adventure|Comedy,Action,"{""release_year"": 1967, ""primary_genre"": ""Action""}",ml-latest-small/movies.csv
ml-latest-small,5497,Our Man Flint (1965),Adventure|Comedy|Sci-Fi,Adventure,"{""release_year"": 1965, ""primary_genre"": ""Adventure""}",ml-latest-small/movies.csv
ml-latest-small,5498,Red Beard (Akahige) (1965),Drama,Drama,"{""release_year"": 1965, ""primary_genre"": ""Drama""}",ml-latest-small/movies.csv
ml-latest-small,5499,Robin and Marian (1976),Adventure|Drama|Romance,Adventure,"{""release_year"": 1976, ""primary_genre"": ""Adventure""}",ml-latest-small/movies.csv
ml-latest-small,5500,Top Secret! (1984),Comedy,Comedy,"{""release_year"": 1984, ""primary_genre"": ""Comedy""}",ml-latest-small/movies.csv
ml-latest-small,5501,"Master of Disguise, The (2002)",Comedy|Mystery,Comedy,"{""release_year"": 2002, ""primary_genre"": ""Comedy""}",ml-latest-small/movies.csv
ml-latest-small,5502,Signs (2002),Horror|Sci-Fi|Thriller,Horror,"{""release_year"": 2002, ""primary_genre"": ""Horror""}",ml-latest-small/movies.csv
ml-latest-small,5503,"Last Kiss, The (Ultimo bacio, L') (2001)",Comedy|Drama|Romance,Comedy,"{""release_year"": 2001, ""primary_genre"": ""Comedy""}",ml-latest-small/movies.csv
ml-latest-small,5504,Spy Kids 2: The Island of Lost Dreams (2002),Adventure|Children,Adventure,"{""release_year"": 2002, ""primary_genre"": ""Adventure""}",ml-latest-small/movies.csv
ml-latest-small,5505,"Good Girl, The (2002)",Comedy|Drama,Comedy,"{""release_year"": 2002, ""primary_genre"": ""Comedy""}",ml-latest-small/movies.csv
ml-latest-small,5506,Blood Work (2002),Crime|Drama|Mystery|Thriller,Crime,"{""release_year"": 2002, ""primary_genre"": ""Crime""}",ml-latest-small/movies.csv
ml-latest-small,5507,xXx (2002),Action|Crime|Thriller,Action,"{""release_year"": 2002, ""primary_genre"": ""Action""}",ml-latest-small/movies.csv
ml-latest-small,5508,24 Hour Party People (2002),Comedy|Drama|Musical,Comedy,"{""release_year"": 2002, ""primary_genre"": ""Comedy""}",ml-latest-small/movies.csv
ml-latest-small,5512,Secret Ballot (Raye makhfi) (2001),Comedy,Comedy,"{""release_year"": 2001, ""primary_genre"": ""Comedy""}",ml-latest-small/movies.csv
ml-latest-small,5513,Martin Lawrence Live: Runteldat (2002),Comedy|Documentary,Comedy,"{""release_year"": 2002, ""primary_genre"": ""Comedy""}",ml-latest-small/movies.csv
ml-latest-small,5515,Songs From the Second Floor (Sånger från andra våningen) (2000),Drama,Drama,"{""release_year"": 2000, ""primary_genre"": ""Drama""}",ml-latest-small/movies.csv
ml-latest-small,5521,"Principal, The (1987)",Action|Crime|Drama,Action,"{""release_year"": 1987, ""primary_genre"": ""Action""}",ml-latest-small/movies.csv
ml-latest-small,5522,Rollerball (1975),Action|Drama|Sci-Fi,Action,"{""release_year"": 1975, ""primary_genre"": ""Action""}",ml-latest-small/movies.csv
ml-latest-small,5523,"Adventures of Pluto Nash, The (2002)",Action|Adventure|Comedy|Sci-Fi,Action,"{""release_year"": 2002, ""primary_genre"": ""Action""}",ml-latest-small/movies.csv
ml-latest-small,5524,Blue Crush (2002),Adventure|Drama|Romance,Adventure,"{""release_year"": 2002, ""primary_genre"": ""Adventure""}",ml-latest-small/movies.csv
ml-latest-small,5525,Mostly Martha (Bella Martha) (2001),Comedy|Drama|Romance,Comedy,"{""release_year"": 2001, ""primary_genre"": ""Comedy""}",ml-latest-small/movies.csv
ml-latest-small,5527,Possession (2002),Drama|Romance,Drama,"{""release_year"": 2002, ""primary_genre"": ""Drama""}",ml-latest-small/movies.csv
ml-latest-small,5528,One Hour Photo (2002),Drama|Thriller,Drama,"{""release_year"": 2002, ""primary_genre"": ""Drama""}",ml-latest-small/movies.csv
ml-latest-small,5529,Serving Sara (2002),Comedy|Romance,Comedy,"{""release_year"": 2002, ""primary_genre"": ""Comedy""}",ml-latest-small/movies.csv
ml-latest-small,5530,Simone (S1m0ne) (2002),Comedy|Drama|Fantasy|Sci-Fi,Comedy,"{""release_year"": 2002, ""primary_genre"": ""Comedy""}",ml-latest-small/movies.csv
ml-latest-small,5531,Undisputed (2002),Drama,Drama,"{""release_year"": 2002, ""primary_genre"": ""Drama""}",ml-latest-small/movies.csv
ml-latest-small,5532,Amy's O (a.k.a. Amy's Orgasm) (2001),Comedy|Romance,Comedy,"{""release_year"": 2001, ""primary_genre"": ""Comedy""}",ml-latest-small/movies.csv
ml-latest-small,5537,Satin Rouge (2002),Drama|Musical,Drama,"{""release_year"": 2002, ""primary_genre"": ""Drama""}",ml-latest-small/movies.csv
ml-latest-small,5538,"Care Bears Movie, The (1985)",Animation|Children|Fantasy,Animation,"{""release_year"": 1985, ""primary_genre"": ""Animation""}",ml-latest-small/movies.csv
ml-latest-small,5539,Care Bears Movie II: A New Generation (1986),Animation|Children,Animation,"{""release_year"": 1986, ""primary_genre"": ""Animation""}",ml-latest-small/movies.csv
ml-latest-small,5540,Clash of the Titans (1981),Action|Adventure|Fantasy|Romance,Action,"{""release_year"": 1981, ""primary_genre"": ""Action""}",ml-latest-small/movies.csv
ml-latest-small,5541,Hot Shots! (1991),Action|Comedy|Romance|War,Action,"{""release_year"": 1991, ""primary_genre"": ""Action""}",ml-latest-small/movies.csv
ml-latest-small,5543,"Swarm, The (1978)",Action|Horror|Sci-Fi,Action,"{""release_year"": 1978, ""primary_genre"": ""Action""}",ml-latest-small/movies.csv
ml-latest-small,5544,Time After Time (1979),Sci-Fi|Thriller,Sci-Fi,"{""release_year"": 1979, ""primary_genre"": ""Sci-Fi""}",ml-latest-small/movies.csv
ml-latest-small,5548,Down and Out in Beverly Hills (1986),Comedy,Comedy,"{""release_year"": 1986, ""primary_genre"": ""Comedy""}",ml-latest-small/movies.csv
ml-latest-small,5550,Love Me Tender (1956),Musical|Western,Musical,"{""release_year"": 1956, ""primary_genre"": ""Musical""}",ml-latest-small/movies.csv
ml-latest-small,5553,Stakeout (1987),Comedy|Crime|Romance|Thriller,Comedy,"{""release_year"": 1987, ""primary_genre"": ""Comedy""}",ml-latest-small/movies.csv
ml-latest-small,5556,FearDotCom (a.k.a. Fear.com) (a.k.a. Fear Dot Com) (2002),Crime|Horror|Thriller,Crime,"{""release_year"": 2002, ""primary_genre"": ""Crime""}",ml-latest-small/movies.csv
ml-latest-small,5560,À nous la liberté (Freedom for Us) (1931),Comedy|Musical,Comedy,"{""release_year"": 1931, ""primary_genre"": ""Comedy""}",ml-latest-small/movies.csv
ml-latest-small,5562,Snipes (2001),Drama|Thriller,Drama,"{""release_year"": 2001, ""primary_genre"": ""Drama""}",ml-latest-small/movies.csv
ml-latest-small,5563,City by the Sea (2002),Crime|Drama,Crime,"{""release_year"": 2002, ""primary_genre"": ""Crime""}",ml-latest-small/movies.csv
ml-latest-small,5564,Swimfan (2002),Thriller,Thriller,"{""release_year"": 2002, ""primary_genre"": ""Thriller""}",ml-latest-small/movies.csv
ml-latest-small,5568,Johnny Dangerously (1984),Comedy,Comedy,"{""release_year"": 1984, ""primary_genre"": ""Comedy""}",ml-latest-small/movies.csv
ml-latest-small,5569,"Last House on the Left, The (1972)",Crime|Horror|Thriller,Crime,"{""release_year"": 1972, ""primary_genre"": ""Crime""}",ml-latest-small/movies.csv
ml-latest-small,5570,Thesis (Tesis) (1996),Drama|Horror|Thriller,Drama,"{""release_year"": 1996, ""primary_genre"": ""Drama""}",ml-latest-small/movies.csv
ml-latest-small,5572,Barbershop (2002),Comedy,Comedy,"{""release_year"": 2002, ""primary_genre"": ""Comedy""}",ml-latest-small/movies.csv
ml-latest-small,5573,Stealing Harvard (2002),Comedy|Crime,Comedy,"{""release_year"": 2002, ""primary_genre"": ""Comedy""}",ml-latest-small/movies.csv
ml-latest-small,5574,"Transporter, The (2002)",Action|Crime,Action,"{""release_year"": 2002, ""primary_genre"": ""Action""}",ml-latest-small/movies.csv
ml-latest-small,5575,Alias Betty (Betty Fisher et autres histoires) (2001),Crime|Drama,Crime,"{""release_year"": 2001, ""primary_genre"": ""Crime""}",ml-latest-small/movies.csv
ml-latest-small,5577,Igby Goes Down (2002),Comedy|Drama,Comedy,"{""release_year"": 2002, ""primary_genre"": ""Comedy""}",ml-latest-small/movies.csv
ml-latest-small,5580,Aspen Extreme (1993),Action,Action,"{""release_year"": 1993, ""primary_genre"": ""Action""}",ml-latest-small/movies.csv
ml-latest-small,5581,Betsy's Wedding (1990),Comedy,Comedy,"{""release_year"": 1990, ""primary_genre"": ""Comedy""}",ml-latest-small/movies.csv
ml-latest-small,5582,Captain Ron (1992),Adventure|Comedy,Adventure,"{""release_year"": 1992, ""primary_genre"": ""Adventure""}",ml-latest-small/movies.csv
ml-latest-small,5584,Ernest Goes to Jail (1990),Comedy,Comedy,"{""release_year"": 1990, ""primary_genre"": ""Comedy""}",ml-latest-small/movies.csv
ml-latest-small,5585,Ernest Scared Stupid (1991),Comedy,Comedy,"{""release_year"": 1991, ""primary_genre"": ""Comedy""}",ml-latest-small/movies.csv
ml-latest-small,5588,"Hills Have Eyes, The (1977)",Horror,Horror,"{""release_year"": 1977, ""primary_genre"": ""Horror""}",ml-latest-small/movies.csv
ml-latest-small,5589,Indian Summer (1993),Comedy|Drama,Comedy,"{""release_year"": 1993, ""primary_genre"": ""Comedy""}",ml-latest-small/movies.csv
ml-latest-small,5590,"Mack, The (1973)",Crime,Crime,"{""release_year"": 1973, ""primary_genre"": ""Crime""}",ml-latest-small/movies.csv
ml-latest-small,5591,Monkey Trouble (1994),Children|Comedy,Children,"{""release_year"": 1994, ""primary_genre"": ""Children""}",ml-latest-small/movies.csv
ml-latest-small,5596,Spaced Invaders (1990),Adventure|Comedy|Sci-Fi,Adventure,"{""release_year"": 1990, ""primary_genre"": ""Adventure""}",ml-latest-small/movies.csv
ml-latest-small,5597,Suburban Commando (1991),Comedy|Sci-Fi,Comedy,"{""release_year"": 1991, ""primary_genre"": ""Comedy""}",ml-latest-small/movies.csv
ml-latest-small,5601,"Yearling, The (1946)",Children|Drama,Children,"{""release_year"": 1946, ""primary_genre"": ""Children""}",ml-latest-small/movies.csv
ml-latest-small,5602,"Ladykillers, The (1955)",Comedy|Crime,Comedy,"{""release_year"": 1955, ""primary_genre"": ""Comedy""}",ml-latest-small/movies.csv
ml-latest-small,5603,"Lavender Hill Mob, The (1951)",Comedy|Crime,Comedy,"{""release_year"": 1951, ""primary_genre"": ""Comedy""}",ml-latest-small/movies.csv
ml-latest-small,5604,"Man in the White Suit, The (1951)",Comedy|Sci-Fi,Comedy,"{""release_year"": 1951, ""primary_genre"": ""Comedy""}",ml-latest-small/movies.csv
ml-latest-small,5607,"Son of the Bride (Hijo de la novia, El) (2001)",Comedy|Drama,Comedy,"{""release_year"": 2001, ""primary_genre"": ""Comedy""}",ml-latest-small/movies.csv
ml-latest-small,5608,"Das Experiment (Experiment, The) (2001)",Drama|Thriller,Drama,"{""release_year"": 2001, ""primary_genre"": ""Drama""}",ml-latest-small/movies.csv
ml-latest-small,5609,Ballistic: Ecks vs. Sever (2002),Action|Thriller,Action,"{""release_year"": 2002, ""primary_genre"": ""Action""}",ml-latest-small/movies.csv
ml-latest-small,5610,"Banger Sisters, The (2002)",Comedy|Drama,Comedy,"{""release_year"": 2002, ""primary_genre"": ""Comedy""}",ml-latest-small/movies.csv
ml-latest-small,5611,"Four Feathers, The (2002)",Adventure|War,Adventure,"{""release_year"": 2002, ""primary_genre"": ""Adventure""}",ml-latest-small/movies.csv
ml-latest-small,5612,Trapped (2002),Action|Thriller,Action,"{""release_year"": 2002, ""primary_genre"": ""Action""}",ml-latest-small/movies.csv
ml-latest-small,5613,8 Women (2002),Comedy|Crime|Musical|Mystery,Comedy,"{""release_year"": 2002, ""primary_genre"": ""Comedy""}",ml-latest-small/movies.csv
ml-latest-small,5614,"His Secret Life (a.k.a. Ignorant Fairies, The) (Fate ignoranti, Le) (2001)",Drama|Romance,Drama,"{""release_year"": 2001, ""primary_genre"": ""Drama""}",ml-latest-small/movies.csv
ml-latest-small,5615,Invincible (2001),Drama,Drama,"{""release_year"": 2001, ""primary_genre"": ""Drama""}",ml-latest-small/movies.csv
ml-latest-small,5617,Secretary (2002),Comedy|Drama|Romance,Comedy,"{""release_year"": 2002, ""primary_genre"": ""Comedy""}",ml-latest-small/movies.csv
ml-latest-small,5618,Spirited Away (Sen to Chihiro no kamikakushi) (2001),Adventure|Animation|Fantasy,Adventure,"{""release_year"": 2001, ""primary_genre"": ""Adventure""}",ml-latest-small/movies.csv
ml-latest-small,5619,"Trials of Henry Kissinger, The (2002)",Documentary,Documentary,"{""release_year"": 2002, ""primary_genre"": ""Documentary""}",ml-latest-small/movies.csv
ml-latest-small,5620,Sweet Home Alabama (2002),Comedy|Romance,Comedy,"{""release_year"": 2002, ""primary_genre"": ""Comedy""}",ml-latest-small/movies.csv
ml-latest-small,5621,"Tuxedo, The (2002)",Action|Comedy,Action,"{""release_year"": 2002, ""primary_genre"": ""Action""}",ml-latest-small/movies.csv
ml-latest-small,5625,Moonlight Mile (2002),Drama|Romance,Drama,"{""release_year"": 2002, ""primary_genre"": ""Drama""}",ml-latest-small/movies.csv
ml-latest-small,5628,Wasabi (2001),Action|Comedy|Crime|Drama|Thriller,Action,"{""release_year"": 2001, ""primary_genre"": ""Action""}",ml-latest-small/movies.csv
ml-latest-small,5629,Jonah: A VeggieTales Movie (2002),Animation|Children|Musical,Animation,"{""release_year"": 2002, ""primary_genre"": ""Animation""}",ml-latest-small/movies.csv
ml-latest-small,5630,Red Dragon (2002),Crime|Mystery|Thriller,Crime,"{""release_year"": 2002, ""primary_genre"": ""Crime""}",ml-latest-small/movies.csv
ml-latest-small,5632,Bloody Sunday (2002),Drama,Drama,"{""release_year"": 2002, ""primary_genre"": ""Drama""}",ml-latest-small/movies.csv
ml-latest-small,5633,Heaven (2002),Drama,Drama,"{""release_year"": 2002, ""primary_genre"": ""Drama""}",ml-latest-small/movies.csv
ml-latest-small,5635,"Man from Elysian Fields, The (2001)",Drama,Drama,"{""release_year"": 2001, ""primary_genre"": ""Drama""}",ml-latest-small/movies.csv
ml-latest-small,5636,Welcome to Collinwood (2002),Comedy|Crime,Comedy,"{""release_year"": 2002, ""primary_genre"": ""Comedy""}",ml-latest-small/movies.csv
ml-latest-small,5637,Flirting (1991),Drama,Drama,"{""release_year"": 1991, ""primary_genre"": ""Drama""}",ml-latest-small/movies.csv
ml-latest-small,5638,Godzilla vs. Mothra (Mosura tai Gojira) (1964),Action|Adventure|Fantasy|Sci-Fi,Action,"{""release_year"": 1964, ""primary_genre"": ""Action""}",ml-latest-small/movies.csv
ml-latest-small,5640,"Godzilla, King of the Monsters! (Kaijû-ô Gojira) (1956)",Horror|Sci-Fi,Horror,"{""release_year"": 1956, ""primary_genre"": ""Horror""}",ml-latest-small/movies.csv
ml-latest-small,5643,Powaqqatsi (1988),Documentary,Documentary,"{""release_year"": 1988, ""primary_genre"": ""Documentary""}",ml-latest-small/movies.csv
ml-latest-small,5644,"Pride of the Yankees, The (1942)",Drama,Drama,"{""release_year"": 1942, ""primary_genre"": ""Drama""}",ml-latest-small/movies.csv
ml-latest-small,5646,Valmont (1989),Drama|Romance,Drama,"{""release_year"": 1989, ""primary_genre"": ""Drama""}",ml-latest-small/movies.csv
ml-latest-small,5649,Horror of Dracula (Dracula) (1958),Horror,Horror,"{""release_year"": 1958, ""primary_genre"": ""Horror""}",ml-latest-small/movies.csv
ml-latest-small,5650,Strange Brew (1983),Comedy,Comedy,"{""release_year"": 1983, ""primary_genre"": ""Comedy""}",ml-latest-small/movies.csv
ml-latest-small,5651,"Incredible Mr. Limpet, The (1964)",Animation|Comedy|War,Animation,"{""release_year"": 1964, ""primary_genre"": ""Animation""}",ml-latest-small/movies.csv
ml-latest-small,5657,Flashback (1990),Action|Adventure|Comedy|Crime|Drama,Action,"{""release_year"": 1990, ""primary_genre"": ""Action""}",ml-latest-small/movies.csv
ml-latest-small,5663,Below (2002),Horror,Horror,"{""release_year"": 2002, ""primary_genre"": ""Horror""}",ml-latest-small/movies.csv
ml-latest-small,5664,Brown Sugar (2002),Romance,Romance,"{""release_year"": 2002, ""primary_genre"": ""Romance""}",ml-latest-small/movies.csv
ml-latest-small,5665,Knockaround Guys (2002),Action|Comedy|Crime,Action,"{""release_year"": 2002, ""primary_genre"": ""Action""}",ml-latest-small/movies.csv
ml-latest-small,5666,"Rules of Attraction, The (2002)",Comedy|Drama|Romance|Thriller,Comedy,"{""release_year"": 2002, ""primary_genre"": ""Comedy""}",ml-latest-small/movies.csv
ml-latest-small,5667,Tuck Everlasting (2002),Drama|Fantasy,Drama,"{""release_year"": 2002, ""primary_genre"": ""Drama""}",ml-latest-small/movies.csv
ml-latest-small,5668,White Oleander (2002),Drama,Drama,"{""release_year"": 2002, ""primary_genre"": ""Drama""}",ml-latest-small/movies.csv
ml-latest-small,5669,Bowling for Columbine (2002),Documentary,Documentary,"{""release_year"": 2002, ""primary_genre"": ""Documentary""}",ml-latest-small/movies.csv
ml-latest-small,5670,Comedian (2002),Comedy|Documentary,Comedy,"{""release_year"": 2002, ""primary_genre"": ""Comedy""}",ml-latest-small/movies.csv
ml-latest-small,5672,Pokemon 4 Ever (a.k.a. Pokémon 4: The Movie) (2002),Adventure|Animation|Children|Fantasy,Adventure,"{""release_year"": 2002, ""primary_genre"": ""Adventure""}",ml-latest-small/movies.csv
ml-latest-small,5673,Punch-Drunk Love (2002),Comedy|Drama|Romance,Comedy,"{""release_year"": 2002, ""primary_genre"": ""Comedy""}",ml-latest-small/movies.csv
ml-latest-small,5675,Swept Away (2002),Comedy|Romance,Comedy,"{""release_year"": 2002, ""primary_genre"": ""Comedy""}",ml-latest-small/movies.csv
ml-latest-small,5678,Formula 51 (2001),Action|Comedy|Crime|Thriller,Action,"{""release_year"": 2001, ""primary_genre"": ""Action""}",ml-latest-small/movies.csv
ml-latest-small,5679,"Ring, The (2002)",Horror|Mystery|Thriller,Horror,"{""release_year"": 2002, ""primary_genre"": ""Horror""}",ml-latest-small/movies.csv
ml-latest-small,5680,Auto Focus (2002),Crime|Drama,Crime,"{""release_year"": 2002, ""primary_genre"": ""Crime""}",ml-latest-small/movies.csv
ml-latest-small,5682,"Grey Zone, The (2001)",Drama,Drama,"{""release_year"": 2001, ""primary_genre"": ""Drama""}",ml-latest-small/movies.csv
ml-latest-small,5684,Naqoyqatsi (2002),Documentary,Documentary,"{""release_year"": 2002, ""primary_genre"": ""Documentary""}",ml-latest-small/movies.csv
ml-latest-small,5685,Real Women Have Curves (2002),Comedy|Drama,Comedy,"{""release_year"": 2002, ""primary_genre"": ""Comedy""}",ml-latest-small/movies.csv
ml-latest-small,5688,Tully (2000),Drama,Drama,"{""release_year"": 2000, ""primary_genre"": ""Drama""}",ml-latest-small/movies.csv
ml-latest-small,5689,Billy Bathgate (1991),Crime|Drama,Crime,"{""release_year"": 1991, ""primary_genre"": ""Crime""}",ml-latest-small/movies.csv
ml-latest-small,5690,Grave of the Fireflies (Hotaru no haka) (1988),Animation|Drama|War,Animation,"{""release_year"": 1988, ""primary_genre"": ""Animation""}",ml-latest-small/movies.csv
ml-latest-small,5693,Saturday Night Fever (1977),Comedy|Drama|Romance,Comedy,"{""release_year"": 1977, ""primary_genre"": ""Comedy""}",ml-latest-small/movies.csv
ml-latest-small,5694,Staying Alive (1983),Comedy|Drama|Musical,Comedy,"{""release_year"": 1983, ""primary_genre"": ""Comedy""}",ml-latest-small/movies.csv
ml-latest-small,5696,Urban Cowboy (1980),Drama,Drama,"{""release_year"": 1980, ""primary_genre"": ""Drama""}",ml-latest-small/movies.csv
ml-latest-small,5699,Tom Horn (1980),Western,Western,"{""release_year"": 1980, ""primary_genre"": ""Western""}",ml-latest-small/movies.csv
ml-latest-small,5700,The Pumaman (1980),Action|Adventure|Fantasy|Sci-Fi,Action,"{""release_year"": 1980, ""primary_genre"": ""Action""}",ml-latest-small/movies.csv
ml-latest-small,5704,Without Warning (a.k.a. Alien Warning) (a.k.a. It Came Without Warning) (1980),Horror|Sci-Fi,Horror,"{""release_year"": 1980, ""primary_genre"": ""Horror""}",ml-latest-small/movies.csv
ml-latest-small,5706,...All the Marbles (1981),Comedy|Drama,Comedy,"{""release_year"": 1981, ""primary_genre"": ""Comedy""}",ml-latest-small/movies.csv
ml-latest-small,5707,Absence of Malice (1981),Drama|Romance,Drama,"{""release_year"": 1981, ""primary_genre"": ""Drama""}",ml-latest-small/movies.csv
ml-latest-small,5710,Banana Joe (1981),Comedy,Comedy,"{""release_year"": 1981, ""primary_genre"": ""Comedy""}",ml-latest-small/movies.csv
ml-latest-small,5712,Blow Out (1981),Mystery|Thriller,Mystery,"{""release_year"": 1981, ""primary_genre"": ""Mystery""}",ml-latest-small/movies.csv
ml-latest-small,5720,"Friend Is a Treasure, A (Chi Trova Un Amico, Trova un Tesoro) (Who Finds a Friend Finds a Treasure) (1981)",Action|Adventure|Comedy,Action,"{""release_year"": 1981, ""primary_genre"": ""Action""}",ml-latest-small/movies.csv
ml-latest-small,5721,"Chosen, The (1981)",Drama,Drama,"{""release_year"": 1981, ""primary_genre"": ""Drama""}",ml-latest-small/movies.csv
ml-latest-small,5723,Continental Divide (1981),Comedy|Romance,Comedy,"{""release_year"": 1981, ""primary_genre"": ""Comedy""}",ml-latest-small/movies.csv
ml-latest-small,5733,"Eyewitness (Janitor, The) (1981)",Thriller,Thriller,"{""release_year"": 1981, ""primary_genre"": ""Thriller""}",ml-latest-small/movies.csv
ml-latest-small,5735,Faces of Death (1978),Documentary|Horror,Documentary,"{""release_year"": 1978, ""primary_genre"": ""Documentary""}",ml-latest-small/movies.csv
ml-latest-small,5736,Faces of Death 3 (1985),Documentary|Horror,Documentary,"{""release_year"": 1985, ""primary_genre"": ""Documentary""}",ml-latest-small/movies.csv
ml-latest-small,5741,"Woman Next Door, The (Femme d'à côté, La) (1981)",Drama|Romance,Drama,"{""release_year"": 1981, ""primary_genre"": ""Drama""}",ml-latest-small/movies.csv
ml-latest-small,5742,First Monday in October (1981),Comedy|Drama,Comedy,"{""release_year"": 1981, ""primary_genre"": ""Comedy""}",ml-latest-small/movies.csv
ml-latest-small,5745,"Four Seasons, The (1981)",Comedy|Drama,Comedy,"{""release_year"": 1981, ""primary_genre"": ""Comedy""}",ml-latest-small/movies.csv
ml-latest-small,5746,Galaxy of Terror (Quest) (1981),Action|Horror|Mystery|Sci-Fi,Action,"{""release_year"": 1981, ""primary_genre"": ""Action""}",ml-latest-small/movies.csv
ml-latest-small,5747,Gallipoli (1981),Drama|War,Drama,"{""release_year"": 1981, ""primary_genre"": ""Drama""}",ml-latest-small/movies.csv
ml-latest-small,5749,Ghost Story (1981),Drama|Horror,Drama,"{""release_year"": 1981, ""primary_genre"": ""Drama""}",ml-latest-small/movies.csv
ml-latest-small,5752,Gregory's Girl (1981),Comedy|Romance,Comedy,"{""release_year"": 1981, ""primary_genre"": ""Comedy""}",ml-latest-small/movies.csv
ml-latest-small,5755,Happy Birthday to Me (1981),Horror|Mystery,Horror,"{""release_year"": 1981, ""primary_genre"": ""Horror""}",ml-latest-small/movies.csv
ml-latest-small,5764,Looker (1981),Drama|Horror|Sci-Fi|Thriller,Drama,"{""release_year"": 1981, ""primary_genre"": ""Drama""}",ml-latest-small/movies.csv
ml-latest-small,5767,Teddy Bear (Mis) (1981),Comedy|Crime,Comedy,"{""release_year"": 1981, ""primary_genre"": ""Comedy""}",ml-latest-small/movies.csv
ml-latest-small,5768,Modern Problems (1981),Comedy|Fantasy,Comedy,"{""release_year"": 1981, ""primary_genre"": ""Comedy""}",ml-latest-small/movies.csv
ml-latest-small,5771,My Bloody Valentine (1981),Drama|Horror|Thriller,Drama,"{""release_year"": 1981, ""primary_genre"": ""Drama""}",ml-latest-small/movies.csv
ml-latest-small,5772,My Dinner with André (1981),Drama,Drama,"{""release_year"": 1981, ""primary_genre"": ""Drama""}",ml-latest-small/movies.csv
ml-latest-small,5773,Neighbors (1981),Comedy,Comedy,"{""release_year"": 1981, ""primary_genre"": ""Comedy""}",ml-latest-small/movies.csv
ml-latest-small,5779,Piranha II: The Spawning (1981),Horror|Sci-Fi,Horror,"{""release_year"": 1981, ""primary_genre"": ""Horror""}",ml-latest-small/movies.csv
ml-latest-small,5780,Polyester (1981),Comedy,Comedy,"{""release_year"": 1981, ""primary_genre"": ""Comedy""}",ml-latest-small/movies.csv
ml-latest-small,5782,"Professional, The (Le professionnel) (1981)",Action|Drama|Thriller,Action,"{""release_year"": 1981, ""primary_genre"": ""Action""}",ml-latest-small/movies.csv
ml-latest-small,5784,Ghost Ship (2002),Horror,Horror,"{""release_year"": 2002, ""primary_genre"": ""Horror""}",ml-latest-small/movies.csv
ml-latest-small,5785,Jackass: The Movie (2002),Action|Comedy|Documentary,Action,"{""release_year"": 2002, ""primary_genre"": ""Action""}",ml-latest-small/movies.csv
ml-latest-small,5786,Paid in Full (2002),Action|Drama,Action,"{""release_year"": 2002, ""primary_genre"": ""Action""}",ml-latest-small/movies.csv
ml-latest-small,5787,"Truth About Charlie, The (2002)",Mystery|Thriller,Mystery,"{""release_year"": 2002, ""primary_genre"": ""Mystery""}",ml-latest-small/movies.csv
ml-latest-small,5788,All or Nothing (2002),Drama,Drama,"{""release_year"": 2002, ""primary_genre"": ""Drama""}",ml-latest-small/movies.csv
ml-latest-small,5791,Frida (2002),Drama|Romance,Drama,"{""release_year"": 2002, ""primary_genre"": ""Drama""}",ml-latest-small/movies.csv
ml-latest-small,5792,Roger Dodger (2002),Comedy|Drama,Comedy,"{""release_year"": 2002, ""primary_genre"": ""Comedy""}",ml-latest-small/movies.csv
ml-latest-small,5796,Casino Royale (1967),Action|Adventure|Comedy,Action,"{""release_year"": 1967, ""primary_genre"": ""Action""}",ml-latest-small/movies.csv
ml-latest-small,5797,"Company of Wolves, The (1984)",Fantasy|Horror,Fantasy,"{""release_year"": 1984, ""primary_genre"": ""Fantasy""}",ml-latest-small/movies.csv
ml-latest-small,5799,Exodus (1960),Drama|Romance|War,Drama,"{""release_year"": 1960, ""primary_genre"": ""Drama""}",ml-latest-small/movies.csv
ml-latest-small,5801,"Russians Are Coming, the Russians Are Coming, The (1966)",Comedy|War,Comedy,"{""release_year"": 1966, ""primary_genre"": ""Comedy""}",ml-latest-small/movies.csv
ml-latest-small,5802,"World of Henry Orient, The (1964)",Comedy,Comedy,"{""release_year"": 1964, ""primary_genre"": ""Comedy""}",ml-latest-small/movies.csv
ml-latest-small,5803,I Spy (2002),Action|Adventure|Comedy|Crime,Action,"{""release_year"": 2002, ""primary_genre"": ""Action""}",ml-latest-small/movies.csv
ml-latest-small,5804,"Santa Clause 2, The (2002)",Children|Comedy|Fantasy|Romance,Children,"{""release_year"": 2002, ""primary_genre"": ""Children""}",ml-latest-small/movies.csv
ml-latest-small,5809,Femme Fatale (2002),Crime|Thriller,Crime,"{""release_year"": 2002, ""primary_genre"": ""Crime""}",ml-latest-small/movies.csv
ml-latest-small,5810,8 Mile (2002),Drama,Drama,"{""release_year"": 2002, ""primary_genre"": ""Drama""}",ml-latest-small/movies.csv
ml-latest-small,5812,Far from Heaven (2002),Drama|Romance,Drama,"{""release_year"": 2002, ""primary_genre"": ""Drama""}",ml-latest-small/movies.csv
ml-latest-small,5816,Harry Potter and the Chamber of Secrets (2002),Adventure|Fantasy,Adventure,"{""release_year"": 2002, ""primary_genre"": ""Adventure""}",ml-latest-small/movies.csv
ml-latest-small,5817,Ararat (2002),Drama|War,Drama,"{""release_year"": 2002, ""primary_genre"": ""Drama""}",ml-latest-small/movies.csv
ml-latest-small,5818,"Crime of Father Amaro, The (Crimen del padre Amaro, El) (2002)",Drama|Romance,Drama,"{""release_year"": 2002, ""primary_genre"": ""Drama""}",ml-latest-small/movies.csv
ml-latest-small,5820,Standing in the Shadows of Motown (2002),Documentary|Musical,Documentary,"{""release_year"": 2002, ""primary_genre"": ""Documentary""}",ml-latest-small/movies.csv
ml-latest-small,5826,Rio Grande (1950),Romance|Western,Romance,"{""release_year"": 1950, ""primary_genre"": ""Romance""}",ml-latest-small/movies.csv
ml-latest-small,5828,Blackrock (1997),Drama|Thriller,Drama,"{""release_year"": 1997, ""primary_genre"": ""Drama""}",ml-latest-small/movies.csv
ml-latest-small,5829,Men with Brooms (2002),Comedy|Drama|Romance,Comedy,"{""release_year"": 2002, ""primary_genre"": ""Comedy""}",ml-latest-small/movies.csv
ml-latest-small,5833,Dog Soldiers (2002),Action|Horror,Action,"{""release_year"": 2002, ""primary_genre"": ""Action""}",ml-latest-small/movies.csv
ml-latest-small,5836,Houseboat (1958),Comedy|Romance,Comedy,"{""release_year"": 1958, ""primary_genre"": ""Comedy""}",ml-latest-small/movies.csv
ml-latest-small,5838,Madame Bovary (1991),Drama,Drama,"{""release_year"": 1991, ""primary_genre"": ""Drama""}",ml-latest-small/movies.csv
ml-latest-small,5839,My Father's Glory (La gloire de mon père) (1990),Adventure|Drama,Adventure,"{""release_year"": 1990, ""primary_genre"": ""Adventure""}",ml-latest-small/movies.csv
ml-latest-small,5840,"My Mother's Castle (Château de ma mère, Le) (1990)",Comedy|Drama,Comedy,"{""release_year"": 1990, ""primary_genre"": ""Comedy""}",ml-latest-small/movies.csv
ml-latest-small,5841,Return to the Blue Lagoon (1991),Adventure|Romance,Adventure,"{""release_year"": 1991, ""primary_genre"": ""Adventure""}",ml-latest-small/movies.csv
ml-latest-small,5843,Toy Soldiers (1991),Action|Drama,Action,"{""release_year"": 1991, ""primary_genre"": ""Action""}",ml-latest-small/movies.csv
ml-latest-small,5847,Ragtime (1981),Drama,Drama,"{""release_year"": 1981, ""primary_genre"": ""Drama""}",ml-latest-small/movies.csv
ml-latest-small,5849,I'm Starting From Three (Ricomincio da Tre) (1981),Comedy,Comedy,"{""release_year"": 1981, ""primary_genre"": ""Comedy""}",ml-latest-small/movies.csv
ml-latest-small,5853,Scanners (1981),Horror|Sci-Fi|Thriller,Horror,"{""release_year"": 1981, ""primary_genre"": ""Horror""}",ml-latest-small/movies.csv
ml-latest-small,5856,"Do You Remember Dolly Bell? (Sjecas li se, Dolly Bell) (1981)",Comedy|Drama|Romance,Comedy,"{""release_year"": 1981, ""primary_genre"": ""Comedy""}",ml-latest-small/movies.csv
ml-latest-small,5863,Take This Job and Shove It (1981),Comedy,Comedy,"{""release_year"": 1981, ""primary_genre"": ""Comedy""}",ml-latest-small/movies.csv
ml-latest-small,5867,Thief (1981),Crime|Drama|Thriller,Crime,"{""release_year"": 1981, ""primary_genre"": ""Crime""}",ml-latest-small/movies.csv
ml-latest-small,5872,Die Another Day (2002),Action|Adventure|Thriller,Action,"{""release_year"": 2002, ""primary_genre"": ""Action""}",ml-latest-small/movies.csv
ml-latest-small,5873,The Emperor's Club (2002),Drama,Drama,"{""release_year"": 2002, ""primary_genre"": ""Drama""}",ml-latest-small/movies.csv
ml-latest-small,5874,Friday After Next (2002),Comedy,Comedy,"{""release_year"": 2002, ""primary_genre"": ""Comedy""}",ml-latest-small/movies.csv
ml-latest-small,5875,Personal Velocity (2002),Drama,Drama,"{""release_year"": 2002, ""primary_genre"": ""Drama""}",ml-latest-small/movies.csv
ml-latest-small,5876,"Quiet American, The (2002)",Drama|Thriller|War,Drama,"{""release_year"": 2002, ""primary_genre"": ""Drama""}",ml-latest-small/movies.csv
ml-latest-small,5878,Talk to Her (Hable con Ella) (2002),Drama|Romance,Drama,"{""release_year"": 2002, ""primary_genre"": ""Drama""}",ml-latest-small/movies.csv
ml-latest-small,5879,Eight Crazy Nights (Adam Sandler's Eight Crazy Nights) (2002),Animation|Comedy|Musical,Animation,"{""release_year"": 2002, ""primary_genre"": ""Animation""}",ml-latest-small/movies.csv
ml-latest-small,5880,Extreme Ops (2002),Action|Adventure|Crime|Thriller,Action,"{""release_year"": 2002, ""primary_genre"": ""Action""}",ml-latest-small/movies.csv
ml-latest-small,5881,Solaris (2002),Drama|Romance|Sci-Fi,Drama,"{""release_year"": 2002, ""primary_genre"": ""Drama""}",ml-latest-small/movies.csv
ml-latest-small,5882,Treasure Planet (2002),Adventure|Animation|Children|Sci-Fi|IMAX,Adventure,"{""release_year"": 2002, ""primary_genre"": ""Adventure""}",ml-latest-small/movies.csv
ml-latest-small,5883,They (2002),Horror|Thriller,Horror,"{""release_year"": 2002, ""primary_genre"": ""Horror""}",ml-latest-small/movies.csv
ml-latest-small,5884,Chopper Chicks in Zombietown (1989),Comedy|Horror,Comedy,"{""release_year"": 1989, ""primary_genre"": ""Comedy""}",ml-latest-small/movies.csv
ml-latest-small,5888,Brother (Brat) (1997),Crime|Drama,Crime,"{""release_year"": 1997, ""primary_genre"": ""Crime""}",ml-latest-small/movies.csv
ml-latest-small,5889,"Cruel Romance, A (Zhestokij Romans) (1984)",Drama|Romance,Drama,"{""release_year"": 1984, ""primary_genre"": ""Drama""}",ml-latest-small/movies.csv
ml-latest-small,5890,Elling (2001),Comedy|Drama,Comedy,"{""release_year"": 2001, ""primary_genre"": ""Comedy""}",ml-latest-small/movies.csv
ml-latest-small,5891,I Spit on Your Grave (Day of the Woman) (1978),Horror|Thriller,Horror,"{""release_year"": 1978, ""primary_genre"": ""Horror""}",ml-latest-small/movies.csv
ml-latest-small,5893,"Last Seduction, The (1994)",Crime|Drama|Thriller,Crime,"{""release_year"": 1994, ""primary_genre"": ""Crime""}",ml-latest-small/movies.csv
ml-latest-small,5896,New Waterford Girl (1999),Comedy,Comedy,"{""release_year"": 1999, ""primary_genre"": ""Comedy""}",ml-latest-small/movies.csv
ml-latest-small,5899,Zulu (1964),Action|Drama|War,Action,"{""release_year"": 1964, ""primary_genre"": ""Action""}",ml-latest-small/movies.csv
ml-latest-small,5900,Analyze That (2002),Comedy|Crime,Comedy,"{""release_year"": 2002, ""primary_genre"": ""Comedy""}",ml-latest-small/movies.csv
ml-latest-small,5901,Empire (2002),Crime|Drama,Crime,"{""release_year"": 2002, ""primary_genre"": ""Crime""}",ml-latest-small/movies.csv
ml-latest-small,5902,Adaptation (2002),Comedy|Drama|Romance,Comedy,"{""release_year"": 2002, ""primary_genre"": ""Comedy""}",ml-latest-small/movies.csv
ml-latest-small,5903,Equilibrium (2002),Action|Sci-Fi|Thriller,Action,"{""release_year"": 2002, ""primary_genre"": ""Action""}",ml-latest-small/movies.csv
ml-latest-small,5909,Visitor Q (Bizita Q) (2001),Comedy|Drama|Horror,Comedy,"{""release_year"": 2001, ""primary_genre"": ""Comedy""}",ml-latest-small/movies.csv
ml-latest-small,5912,Hit the Bank (Vabank) (1981),Comedy|Crime,Comedy,"{""release_year"": 1981, ""primary_genre"": ""Comedy""}",ml-latest-small/movies.csv
ml-latest-small,5915,Victory (a.k.a. Escape to Victory) (1981),Action|Drama|War,Action,"{""release_year"": 1981, ""primary_genre"": ""Action""}",ml-latest-small/movies.csv
ml-latest-small,5919,Android (1982),Sci-Fi,Sci-Fi,"{""release_year"": 1982, ""primary_genre"": ""Sci-Fi""}",ml-latest-small/movies.csv
ml-latest-small,5922,Attila (Attila Flagello di Dio) (1982),Action,Action,"{""release_year"": 1982, ""primary_genre"": ""Action""}",ml-latest-small/movies.csv
ml-latest-small,5925,"Beast Within, The (1982)",Horror,Horror,"{""release_year"": 1982, ""primary_genre"": ""Horror""}",ml-latest-small/movies.csv
ml-latest-small,5927,"Best Little Whorehouse in Texas, The (1982)",Comedy|Drama|Musical|Romance,Comedy,"{""release_year"": 1982, ""primary_genre"": ""Comedy""}",ml-latest-small/movies.csv
ml-latest-small,5929,"Party 2, The (Boum 2, La) (1982)",Comedy|Romance,Comedy,"{""release_year"": 1982, ""primary_genre"": ""Comedy""}",ml-latest-small/movies.csv
ml-latest-small,5932,Burden of Dreams (1982),Documentary,Documentary,"{""release_year"": 1982, ""primary_genre"": ""Documentary""}",ml-latest-small/movies.csv
ml-latest-small,5938,Deathtrap (1982),Comedy|Crime|Mystery|Thriller,Comedy,"{""release_year"": 1982, ""primary_genre"": ""Comedy""}",ml-latest-small/movies.csv
ml-latest-small,5941,Drumline (2002),Comedy|Drama|Musical|Romance,Comedy,"{""release_year"": 2002, ""primary_genre"": ""Comedy""}",ml-latest-small/movies.csv
ml-latest-small,5942,"Hot Chick, The (2002)",Comedy,Comedy,"{""release_year"": 2002, ""primary_genre"": ""Comedy""}",ml-latest-small/movies.csv
ml-latest-small,5943,Maid in Manhattan (2002),Comedy|Romance,Comedy,"{""release_year"": 2002, ""primary_genre"": ""Comedy""}",ml-latest-small/movies.csv
ml-latest-small,5944,Star Trek: Nemesis (2002),Action|Drama|Sci-Fi|Thriller,Action,"{""release_year"": 2002, ""primary_genre"": ""Action""}",ml-latest-small/movies.csv
ml-latest-small,5945,About Schmidt (2002),Comedy|Drama,Comedy,"{""release_year"": 2002, ""primary_genre"": ""Comedy""}",ml-latest-small/movies.csv
ml-latest-small,5947,Evelyn (2002),Drama,Drama,"{""release_year"": 2002, ""primary_genre"": ""Drama""}",ml-latest-small/movies.csv
ml-latest-small,5949,Intact (Intacto) (2001),Thriller,Thriller,"{""release_year"": 2001, ""primary_genre"": ""Thriller""}",ml-latest-small/movies.csv
ml-latest-small,5951,Morvern Callar (2002),Drama,Drama,"{""release_year"": 2002, ""primary_genre"": ""Drama""}",ml-latest-small/movies.csv
ml-latest-small,5952,"Lord of the Rings: The Two Towers, The (2002)",Adventure|Fantasy,Adventure,"{""release_year"": 2002, ""primary_genre"": ""Adventure""}",ml-latest-small/movies.csv
ml-latest-small,5953,Devils on the Doorstep (Guizi lai le) (2000),Drama|War,Drama,"{""release_year"": 2000, ""primary_genre"": ""Drama""}",ml-latest-small/movies.csv
ml-latest-small,5954,25th Hour (2002),Crime|Drama,Crime,"{""release_year"": 2002, ""primary_genre"": ""Crime""}",ml-latest-small/movies.csv
ml-latest-small,5955,Antwone Fisher (2002),Drama,Drama,"{""release_year"": 2002, ""primary_genre"": ""Drama""}",ml-latest-small/movies.csv
ml-latest-small,5956,Gangs of New York (2002),Crime|Drama,Crime,"{""release_year"": 2002, ""primary_genre"": ""Crime""}",ml-latest-small/movies.csv
ml-latest-small,5957,Two Weeks Notice (2002),Comedy|Romance,Comedy,"{""release_year"": 2002, ""primary_genre"": ""Comedy""}",ml-latest-small/movies.csv
ml-latest-small,5959,Narc (2002),Crime|Drama|Thriller,Crime,"{""release_year"": 2002, ""primary_genre"": ""Crime""}",ml-latest-small/movies.csv
ml-latest-small,5961,Blue Steel (1990),Action|Thriller,Action,"{""release_year"": 1990, ""primary_genre"": ""Action""}",ml-latest-small/movies.csv
ml-latest-small,5962,Body of Evidence (1993),Drama|Thriller,Drama,"{""release_year"": 1993, ""primary_genre"": ""Drama""}",ml-latest-small/movies.csv
ml-latest-small,5963,"Children's Hour, The (1961)",Drama,Drama,"{""release_year"": 1961, ""primary_genre"": ""Drama""}",ml-latest-small/movies.csv
ml-latest-small,5965,"Duellists, The (1977)",Action|War,Action,"{""release_year"": 1977, ""primary_genre"": ""Action""}",ml-latest-small/movies.csv
ml-latest-small,5968,Miami Blues (1990),Comedy|Crime|Drama,Comedy,"{""release_year"": 1990, ""primary_genre"": ""Comedy""}",ml-latest-small/movies.csv
ml-latest-small,5969,My Girl 2 (1994),Comedy|Drama|Romance,Comedy,"{""release_year"": 1994, ""primary_genre"": ""Comedy""}",ml-latest-small/movies.csv
ml-latest-small,5970,My Girl (1991),Comedy|Drama|Romance,Comedy,"{""release_year"": 1991, ""primary_genre"": ""Comedy""}",ml-latest-small/movies.csv
ml-latest-small,5971,My Neighbor Totoro (Tonari no Totoro) (1988),Animation|Children|Drama|Fantasy,Animation,"{""release_year"": 1988, ""primary_genre"": ""Animation""}",ml-latest-small/movies.csv
ml-latest-small,5974,"Thief of Bagdad, The (1940)",Adventure|Fantasy,Adventure,"{""release_year"": 1940, ""primary_genre"": ""Adventure""}",ml-latest-small/movies.csv
ml-latest-small,5975,War and Peace (1956),Drama|Romance|War,Drama,"{""release_year"": 1956, ""primary_genre"": ""Drama""}",ml-latest-small/movies.csv
ml-latest-small,5979,Attack of the Crab Monsters (1957),Horror|Sci-Fi,Horror,"{""release_year"": 1957, ""primary_genre"": ""Horror""}",ml-latest-small/movies.csv
ml-latest-small,5980,Black Christmas (1974),Horror|Mystery|Thriller,Horror,"{""release_year"": 1974, ""primary_genre"": ""Horror""}",ml-latest-small/movies.csv
ml-latest-small,5984,"Story of O, The (Histoire d'O) (1975)",Drama|Romance,Drama,"{""release_year"": 1975, ""primary_genre"": ""Drama""}",ml-latest-small/movies.csv
ml-latest-small,5986,Fat City (1972),Drama,Drama,"{""release_year"": 1972, ""primary_genre"": ""Drama""}",ml-latest-small/movies.csv
ml-latest-small,5988,Quicksilver (1986),Drama,Drama,"{""release_year"": 1986, ""primary_genre"": ""Drama""}",ml-latest-small/movies.csv
ml-latest-small,5989,Catch Me If You Can (2002),Crime|Drama,Crime,"{""release_year"": 2002, ""primary_genre"": ""Crime""}",ml-latest-small/movies.csv
ml-latest-small,5990,Pinocchio (2002),Children|Comedy|Fantasy,Children,"{""release_year"": 2002, ""primary_genre"": ""Children""}",ml-latest-small/movies.csv
ml-latest-small,5991,Chicago (2002),Comedy|Crime|Drama|Musical,Comedy,"{""release_year"": 2002, ""primary_genre"": ""Comedy""}",ml-latest-small/movies.csv
ml-latest-small,5992,"Hours, The (2002)",Drama|Romance,Drama,"{""release_year"": 2002, ""primary_genre"": ""Drama""}",ml-latest-small/movies.csv
ml-latest-small,5993,Max (2002),Drama,Drama,"{""release_year"": 2002, ""primary_genre"": ""Drama""}",ml-latest-small/movies.csv
ml-latest-small,5994,Nicholas Nickleby (2002),Drama|Romance,Drama,"{""release_year"": 2002, ""primary_genre"": ""Drama""}",ml-latest-small/movies.csv
ml-latest-small,5995,"Pianist, The (2002)",Drama|War,Drama,"{""release_year"": 2002, ""primary_genre"": ""Drama""}",ml-latest-small/movies.csv
ml-latest-small,5999,Heavy Metal 2000 (2000),Action|Adventure|Animation|Fantasy|Sci-Fi,Action,"{""release_year"": 2000, ""primary_genre"": ""Action""}",ml-latest-small/movies.csv
ml-latest-small,6001,"King of Comedy, The (1983)",Comedy|Drama,Comedy,"{""release_year"": 1983, ""primary_genre"": ""Comedy""}",ml-latest-small/movies.csv
ml-latest-small,6002,Love Liza (2002),Drama,Drama,"{""release_year"": 2002, ""primary_genre"": ""Drama""}",ml-latest-small/movies.csv
ml-latest-small,6003,Confessions of a Dangerous Mind (2002),Comedy|Crime|Drama|Thriller,Comedy,"{""release_year"": 2002, ""primary_genre"": ""Comedy""}",ml-latest-small/movies.csv
ml-latest-small,6005,Blue Collar Comedy Tour: The Movie (2003),Comedy|Documentary,Comedy,"{""release_year"": 2003, ""primary_genre"": ""Comedy""}",ml-latest-small/movies.csv
ml-latest-small,6006,Just Married (2003),Comedy|Romance,Comedy,"{""release_year"": 2003, ""primary_genre"": ""Comedy""}",ml-latest-small/movies.csv
ml-latest-small,6009,"City of Lost Souls, The (Hyôryuu-gai) (2000)",Crime|Drama|Thriller,Crime,"{""release_year"": 2000, ""primary_genre"": ""Crime""}",ml-latest-small/movies.csv
ml-latest-small,6012,"Guy Thing, A (2003)",Comedy|Romance,Comedy,"{""release_year"": 2003, ""primary_genre"": ""Comedy""}",ml-latest-small/movies.csv
ml-latest-small,6013,Kangaroo Jack (2003),Action|Comedy,Action,"{""release_year"": 2003, ""primary_genre"": ""Action""}",ml-latest-small/movies.csv
ml-latest-small,6014,National Security (2003),Action|Comedy,Action,"{""release_year"": 2003, ""primary_genre"": ""Action""}",ml-latest-small/movies.csv
ml-latest-small,6016,City of God (Cidade de Deus) (2002),Action|Adventure|Crime|Drama|Thriller,Action,"{""release_year"": 2002, ""primary_genre"": ""Action""}",ml-latest-small/movies.csv
ml-latest-small,6020,Alice Adams (1935),Comedy|Drama,Comedy,"{""release_year"": 1935, ""primary_genre"": ""Comedy""}",ml-latest-small/movies.csv
ml-latest-small,6021,"American Friend, The (Amerikanische Freund, Der) (1977)",Crime|Drama|Mystery|Thriller,Crime,"{""release_year"": 1977, ""primary_genre"": ""Crime""}",ml-latest-small/movies.csv
ml-latest-small,6022,American Me (1992),Drama,Drama,"{""release_year"": 1992, ""primary_genre"": ""Drama""}",ml-latest-small/movies.csv
ml-latest-small,6023,Band of Outsiders (Bande à part) (1964),Comedy|Crime|Drama|Romance,Comedy,"{""release_year"": 1964, ""primary_genre"": ""Comedy""}",ml-latest-small/movies.csv
ml-latest-small,6025,CB4 - The Movie (1993),Comedy,Comedy,"{""release_year"": 1993, ""primary_genre"": ""Comedy""}",ml-latest-small/movies.csv
ml-latest-small,6027,Dogfight (1991),Drama|Romance,Drama,"{""release_year"": 1991, ""primary_genre"": ""Drama""}",ml-latest-small/movies.csv
ml-latest-small,6030,Girls! Girls! Girls! (1962),Comedy|Musical,Comedy,"{""release_year"": 1962, ""primary_genre"": ""Comedy""}",ml-latest-small/movies.csv
ml-latest-small,6031,Imitation of Life (1959),Drama|Romance,Drama,"{""release_year"": 1959, ""primary_genre"": ""Drama""}",ml-latest-small/movies.csv
ml-latest-small,6033,Mystery Date (1991),Comedy,Comedy,"{""release_year"": 1991, ""primary_genre"": ""Comedy""}",ml-latest-small/movies.csv
ml-latest-small,6035,Pépé le Moko (1937),Crime|Drama|Romance,Crime,"{""release_year"": 1937, ""primary_genre"": ""Crime""}",ml-latest-small/movies.csv
ml-latest-small,6036,Secret Admirer (1985),Comedy|Romance,Comedy,"{""release_year"": 1985, ""primary_genre"": ""Comedy""}",ml-latest-small/movies.csv
ml-latest-small,6039,"Woman in Red, The (1984)",Comedy|Romance,Comedy,"{""release_year"": 1984, ""primary_genre"": ""Comedy""}",ml-latest-small/movies.csv
ml-latest-small,6040,Darkness Falls (2003),Horror|Thriller,Horror,"{""release_year"": 2003, ""primary_genre"": ""Horror""}",ml-latest-small/movies.csv
ml-latest-small,6041,Amen. (2002),Drama,Drama,"{""release_year"": 2002, ""primary_genre"": ""Drama""}",ml-latest-small/movies.csv
ml-latest-small,6042,Blind Spot: Hitler's Secretary (Im toten Winkel - Hitlers Sekretärin) (2002),Documentary,Documentary,"{""release_year"": 2002, ""primary_genre"": ""Documentary""}",ml-latest-small/movies.csv
ml-latest-small,6044,Blind Date (1984),Horror|Thriller,Horror,"{""release_year"": 1984, ""primary_genre"": ""Horror""}",ml-latest-small/movies.csv
ml-latest-small,6049,Ethan Frome (1993),Drama,Drama,"{""release_year"": 1993, ""primary_genre"": ""Drama""}",ml-latest-small/movies.csv
ml-latest-small,6051,"Harder They Come, The (1973)",Action|Crime|Drama,Action,"{""release_year"": 1973, ""primary_genre"": ""Action""}",ml-latest-small/movies.csv
ml-latest-small,6055,Sugar Hill (1994),Drama,Drama,"{""release_year"": 1994, ""primary_genre"": ""Drama""}",ml-latest-small/movies.csv
ml-latest-small,6057,Biker Boyz (2003),Action|Crime|Drama,Action,"{""release_year"": 2003, ""primary_genre"": ""Action""}",ml-latest-small/movies.csv
ml-latest-small,6058,Final Destination 2 (2003),Horror|Thriller,Horror,"{""release_year"": 2003, ""primary_genre"": ""Horror""}",ml-latest-small/movies.csv
ml-latest-small,6059,"Recruit, The (2003)",Action|Thriller,Action,"{""release_year"": 2003, ""primary_genre"": ""Action""}",ml-latest-small/movies.csv
ml-latest-small,6060,"Guru, The (2002)",Comedy|Romance,Comedy,"{""release_year"": 2002, ""primary_genre"": ""Comedy""}",ml-latest-small/movies.csv
ml-latest-small,6062,Lost in La Mancha (2002),Documentary,Documentary,"{""release_year"": 2002, ""primary_genre"": ""Documentary""}",ml-latest-small/movies.csv
ml-latest-small,6063,May (2002),Drama|Horror,Drama,"{""release_year"": 2002, ""primary_genre"": ""Drama""}",ml-latest-small/movies.csv
ml-latest-small,6064,"Harder They Fall, The (1956)",Drama|Film-Noir,Drama,"{""release_year"": 1956, ""primary_genre"": ""Drama""}",ml-latest-small/movies.csv
ml-latest-small,6067,Ordinary Decent Criminal (2000),Comedy|Crime,Comedy,"{""release_year"": 2000, ""primary_genre"": ""Comedy""}",ml-latest-small/movies.csv
ml-latest-small,6070,Tokyo Decadence (Topâzu) (1992),Drama,Drama,"{""release_year"": 1992, ""primary_genre"": ""Drama""}",ml-latest-small/movies.csv
ml-latest-small,6078,Firefox (1982),Action|Sci-Fi|Thriller,Action,"{""release_year"": 1982, ""primary_genre"": ""Action""}",ml-latest-small/movies.csv
ml-latest-small,6086,"I, the Jury (1982)",Crime|Drama|Thriller,Crime,"{""release_year"": 1982, ""primary_genre"": ""Crime""}",ml-latest-small/movies.csv
ml-latest-small,6090,Kiss Me Goodbye (1982),Comedy,Comedy,"{""release_year"": 1982, ""primary_genre"": ""Comedy""}",ml-latest-small/movies.csv
ml-latest-small,6093,"Last Unicorn, The (1982)",Animation|Children|Fantasy,Animation,"{""release_year"": 1982, ""primary_genre"": ""Animation""}",ml-latest-small/movies.csv
ml-latest-small,6095,Dragon Lord (a.k.a. Dragon Strike) (Long Xiao Ye) (1982),Action,Action,"{""release_year"": 1982, ""primary_genre"": ""Action""}",ml-latest-small/movies.csv
ml-latest-small,6100,"Midsummer Night's Sex Comedy, A (1982)",Comedy|Romance,Comedy,"{""release_year"": 1982, ""primary_genre"": ""Comedy""}",ml-latest-small/movies.csv
ml-latest-small,6101,Missing (1982),Drama|Mystery|Thriller,Drama,"{""release_year"": 1982, ""primary_genre"": ""Drama""}",ml-latest-small/movies.csv
ml-latest-small,6104,Monty Python Live at the Hollywood Bowl (1982),Comedy,Comedy,"{""release_year"": 1982, ""primary_genre"": ""Comedy""}",ml-latest-small/movies.csv
ml-latest-small,6107,"Night of the Shooting Stars (Notte di San Lorenzo, La) (1982)",Drama|War,Drama,"{""release_year"": 1982, ""primary_genre"": ""Drama""}",ml-latest-small/movies.csv
ml-latest-small,6111,Paradise (1982),Adventure|Romance,Adventure,"{""release_year"": 1982, ""primary_genre"": ""Adventure""}",ml-latest-small/movies.csv
ml-latest-small,6116,"Pirate Movie, The (1982)",Adventure|Comedy|Musical,Adventure,"{""release_year"": 1982, ""primary_genre"": ""Adventure""}",ml-latest-small/movies.csv
ml-latest-small,6119,Santa Claus Is a Stinker (Le Père Noël est une ordure) (1982),Comedy,Comedy,"{""release_year"": 1982, ""primary_genre"": ""Comedy""}",ml-latest-small/movies.csv
ml-latest-small,6122,Richard Pryor Live on the Sunset Strip (1982),Comedy|Documentary,Comedy,"{""release_year"": 1982, ""primary_genre"": ""Comedy""}",ml-latest-small/movies.csv
ml-latest-small,6123,Sunless (Sans Soleil) (1983),Documentary,Documentary,"{""release_year"": 1983, ""primary_genre"": ""Documentary""}",ml-latest-small/movies.csv
ml-latest-small,6124,Savannah Smiles (1982),Comedy,Comedy,"{""release_year"": 1982, ""primary_genre"": ""Comedy""}",ml-latest-small/movies.csv
ml-latest-small,6125,"Secret Policeman's Other Ball, The (1982)",Comedy|Documentary|Musical,Comedy,"{""release_year"": 1982, ""primary_genre"": ""Comedy""}",ml-latest-small/movies.csv
ml-latest-small,6140,Tenebre (1982),Horror|Mystery|Thriller,Horror,"{""release_year"": 1982, ""primary_genre"": ""Horror""}",ml-latest-small/movies.csv
ml-latest-small,6141,They Call Me Bruce? (a.k.a. A Fistful of Chopsticks) (1982),Comedy,Comedy,"{""release_year"": 1982, ""primary_genre"": ""Comedy""}",ml-latest-small/movies.csv
ml-latest-small,6143,Trail of the Pink Panther (1982),Comedy|Crime,Comedy,"{""release_year"": 1982, ""primary_genre"": ""Comedy""}",ml-latest-small/movies.csv
ml-latest-small,6145,Venom (1982),Horror|Thriller,Horror,"{""release_year"": 1982, ""primary_genre"": ""Horror""}",ml-latest-small/movies.csv
ml-latest-small,6148,White Dog (1982),Drama|Horror|Thriller,Drama,"{""release_year"": 1982, ""primary_genre"": ""Drama""}",ml-latest-small/movies.csv
ml-latest-small,6153,Zapped! (1982),Comedy|Sci-Fi,Comedy,"{""release_year"": 1982, ""primary_genre"": ""Comedy""}",ml-latest-small/movies.csv
ml-latest-small,6155,How to Lose a Guy in 10 Days (2003),Comedy|Romance,Comedy,"{""release_year"": 2003, ""primary_genre"": ""Comedy""}",ml-latest-small/movies.csv
ml-latest-small,6156,Shanghai Knights (2003),Action|Adventure|Comedy,Action,"{""release_year"": 2003, ""primary_genre"": ""Action""}",ml-latest-small/movies.csv
ml-latest-small,6157,Daredevil (2003),Action|Crime,Action,"{""release_year"": 2003, ""primary_genre"": ""Action""}",ml-latest-small/movies.csv
ml-latest-small,6158,"Jungle Book 2, The (2003)",Animation|Children,Animation,"{""release_year"": 2003, ""primary_genre"": ""Animation""}",ml-latest-small/movies.csv
ml-latest-small,6159,All the Real Girls (2003),Drama|Romance,Drama,"{""release_year"": 2003, ""primary_genre"": ""Drama""}",ml-latest-small/movies.csv
ml-latest-small,6162,Gerry (2002),Adventure|Drama,Adventure,"{""release_year"": 2002, ""primary_genre"": ""Adventure""}",ml-latest-small/movies.csv
ml-latest-small,6163,He Loves Me... He Loves Me Not (À la folie... pas du tout) (2002),Romance|Thriller,Romance,"{""release_year"": 2002, ""primary_genre"": ""Romance""}",ml-latest-small/movies.csv
ml-latest-small,6166,Dennis the Menace (1993),Comedy,Comedy,"{""release_year"": 1993, ""primary_genre"": ""Comedy""}",ml-latest-small/movies.csv
ml-latest-small,6169,"Black Stallion Returns, The (1983)",Adventure|Children,Adventure,"{""release_year"": 1983, ""primary_genre"": ""Adventure""}",ml-latest-small/movies.csv
ml-latest-small,6170,"Black Stallion, The (1979)",Adventure|Children|Drama,Adventure,"{""release_year"": 1979, ""primary_genre"": ""Adventure""}",ml-latest-small/movies.csv
ml-latest-small,6178,"Patch of Blue, A (1965)",Drama|Romance,Drama,"{""release_year"": 1965, ""primary_genre"": ""Drama""}",ml-latest-small/movies.csv
ml-latest-small,6181,"Red Badge of Courage, The (1951)",Drama|War,Drama,"{""release_year"": 1951, ""primary_genre"": ""Drama""}",ml-latest-small/movies.csv
ml-latest-small,6182,"Thrill of It All, The (1963)",Comedy,Comedy,"{""release_year"": 1963, ""primary_genre"": ""Comedy""}",ml-latest-small/movies.csv
ml-latest-small,6183,Pillow Talk (1959),Comedy|Musical|Romance,Comedy,"{""release_year"": 1959, ""primary_genre"": ""Comedy""}",ml-latest-small/movies.csv
ml-latest-small,6184,"Man Who Fell to Earth, The (1976)",Drama|Sci-Fi,Drama,"{""release_year"": 1976, ""primary_genre"": ""Drama""}",ml-latest-small/movies.csv
ml-latest-small,6185,Dark Blue (2003),Action|Crime|Drama|Thriller,Action,"{""release_year"": 2003, ""primary_genre"": ""Action""}",ml-latest-small/movies.csv
ml-latest-small,6186,Gods and Generals (2003),Action|Drama|War,Action,"{""release_year"": 2003, ""primary_genre"": ""Action""}",ml-latest-small/movies.csv
ml-latest-small,6187,"Life of David Gale, The (2003)",Crime|Drama|Thriller,Crime,"{""release_year"": 2003, ""primary_genre"": ""Crime""}",ml-latest-small/movies.csv
ml-latest-small,6188,Old School (2003),Comedy,Comedy,"{""release_year"": 2003, ""primary_genre"": ""Comedy""}",ml-latest-small/movies.csv
ml-latest-small,6192,Open Hearts (Elsker dig for evigt) (2002),Romance,Romance,"{""release_year"": 2002, ""primary_genre"": ""Romance""}",ml-latest-small/movies.csv
ml-latest-small,6193,Poolhall Junkies (2002),Comedy|Drama|Thriller,Comedy,"{""release_year"": 2002, ""primary_genre"": ""Comedy""}",ml-latest-small/movies.csv
ml-latest-small,6195,Stone Reader (2002),Documentary,Documentary,"{""release_year"": 2002, ""primary_genre"": ""Documentary""}",ml-latest-small/movies.csv
ml-latest-small,6196,Cradle 2 the Grave (2003),Action|Crime|Drama|Thriller,Action,"{""release_year"": 2003, ""primary_genre"": ""Action""}",ml-latest-small/movies.csv
ml-latest-small,6197,Spider (2002),Drama|Mystery,Drama,"{""release_year"": 2002, ""primary_genre"": ""Drama""}",ml-latest-small/movies.csv
ml-latest-small,6201,Lady Jane (1986),Drama|Romance,Drama,"{""release_year"": 1986, ""primary_genre"": ""Drama""}",ml-latest-small/movies.csv
ml-latest-small,6202,Late Marriage (Hatuna Meuheret) (2001),Comedy|Drama|Romance,Comedy,"{""release_year"": 2001, ""primary_genre"": ""Comedy""}",ml-latest-small/movies.csv
ml-latest-small,6203,Life Stinks (1991),Comedy,Comedy,"{""release_year"": 1991, ""primary_genre"": ""Comedy""}",ml-latest-small/movies.csv
ml-latest-small,6204,"Meteor Man, The (1993)",Comedy,Comedy,"{""release_year"": 1993, ""primary_genre"": ""Comedy""}",ml-latest-small/movies.csv
ml-latest-small,6210,Volcano High (Whasango) (2001),Action|Comedy,Action,"{""release_year"": 2001, ""primary_genre"": ""Action""}",ml-latest-small/movies.csv
ml-latest-small,6212,Bringing Down the House (2003),Comedy,Comedy,"{""release_year"": 2003, ""primary_genre"": ""Comedy""}",ml-latest-small/movies.csv
ml-latest-small,6213,Tears of the Sun (2003),Action|Drama|Thriller,Action,"{""release_year"": 2003, ""primary_genre"": ""Action""}",ml-latest-small/movies.csv
ml-latest-small,6214,Irreversible (Irréversible) (2002),Crime|Drama|Mystery|Thriller,Crime,"{""release_year"": 2002, ""primary_genre"": ""Crime""}",ml-latest-small/movies.csv
ml-latest-small,6215,Laurel Canyon (2002),Drama,Drama,"{""release_year"": 2002, ""primary_genre"": ""Drama""}",ml-latest-small/movies.csv
ml-latest-small,6216,Nowhere in Africa (Nirgendwo in Afrika) (2001),Drama,Drama,"{""release_year"": 2001, ""primary_genre"": ""Drama""}",ml-latest-small/movies.csv
ml-latest-small,6217,"Safety of Objects, The (2001)",Drama,Drama,"{""release_year"": 2001, ""primary_genre"": ""Drama""}",ml-latest-small/movies.csv
ml-latest-small,6218,Bend It Like Beckham (2002),Comedy|Drama|Romance,Comedy,"{""release_year"": 2002, ""primary_genre"": ""Comedy""}",ml-latest-small/movies.csv
ml-latest-small,6219,"Hunted, The (2003)",Action|Drama|Thriller,Action,"{""release_year"": 2003, ""primary_genre"": ""Action""}",ml-latest-small/movies.csv
ml-latest-small,6220,Willard (2003),Drama|Horror|Thriller,Drama,"{""release_year"": 2003, ""primary_genre"": ""Drama""}",ml-latest-small/movies.csv
ml-latest-small,6222,Prozac Nation (2001),Drama,Drama,"{""release_year"": 2001, ""primary_genre"": ""Drama""}",ml-latest-small/movies.csv
ml-latest-small,6223,Spun (2001),Comedy|Crime|Drama,Comedy,"{""release_year"": 2001, ""primary_genre"": ""Comedy""}",ml-latest-small/movies.csv
ml-latest-small,6225,King of Kings (1961),Drama,Drama,"{""release_year"": 1961, ""primary_genre"": ""Drama""}",ml-latest-small/movies.csv
ml-latest-small,6228,"Talk of the Town, The (1942)",Comedy|Romance|Thriller,Comedy,"{""release_year"": 1942, ""primary_genre"": ""Comedy""}",ml-latest-small/movies.csv
ml-latest-small,6232,Born Free (1966),Adventure|Children|Drama,Adventure,"{""release_year"": 1966, ""primary_genre"": ""Adventure""}",ml-latest-small/movies.csv
ml-latest-small,6234,Equus (1977),Drama|Mystery,Drama,"{""release_year"": 1977, ""primary_genre"": ""Drama""}",ml-latest-small/movies.csv
ml-latest-small,6235,Europa Europa (Hitlerjunge Salomon) (1990),Drama|War,Drama,"{""release_year"": 1990, ""primary_genre"": ""Drama""}",ml-latest-small/movies.csv
ml-latest-small,6237,"Glenn Miller Story, The (1953)",Drama,Drama,"{""release_year"": 1953, ""primary_genre"": ""Drama""}",ml-latest-small/movies.csv
ml-latest-small,6238,Green Card (1990),Comedy|Drama|Romance,Comedy,"{""release_year"": 1990, ""primary_genre"": ""Comedy""}",ml-latest-small/movies.csv
ml-latest-small,6239,Journey to the Center of the Earth (1959),Adventure|Children|Sci-Fi,Adventure,"{""release_year"": 1959, ""primary_genre"": ""Adventure""}",ml-latest-small/movies.csv
ml-latest-small,6241,Pauline at the Beach (Pauline à la Plage) (1983),Comedy|Drama|Romance,Comedy,"{""release_year"": 1983, ""primary_genre"": ""Comedy""}",ml-latest-small/movies.csv
ml-latest-small,6242,Ringu (Ring) (1998),Horror|Mystery|Thriller,Horror,"{""release_year"": 1998, ""primary_genre"": ""Horror""}",ml-latest-small/movies.csv
ml-latest-small,6244,Salaam Bombay! (1988),Drama,Drama,"{""release_year"": 1988, ""primary_genre"": ""Drama""}",ml-latest-small/movies.csv
ml-latest-small,6245,Sweet Charity (1969),Comedy|Drama|Musical|Romance,Comedy,"{""release_year"": 1969, ""primary_genre"": ""Comedy""}",ml-latest-small/movies.csv
ml-latest-small,6246,Talent for the Game (1991),Drama,Drama,"{""release_year"": 1991, ""primary_genre"": ""Drama""}",ml-latest-small/movies.csv
ml-latest-small,6249,Boat Trip (2003),Comedy,Comedy,"{""release_year"": 2003, ""primary_genre"": ""Comedy""}",ml-latest-small/movies.csv
ml-latest-small,6250,Dreamcatcher (2003),Drama|Horror|Sci-Fi|Thriller,Drama,"{""release_year"": 2003, ""primary_genre"": ""Drama""}",ml-latest-small/movies.csv
ml-latest-small,6251,Piglet's Big Movie (2003),Animation|Children,Animation,"{""release_year"": 2003, ""primary_genre"": ""Animation""}",ml-latest-small/movies.csv
ml-latest-small,6252,View from the Top (2003),Comedy|Romance,Comedy,"{""release_year"": 2003, ""primary_genre"": ""Comedy""}",ml-latest-small/movies.csv
ml-latest-small,6254,"Awful Truth, The (1937)",Comedy|Romance,Comedy,"{""release_year"": 1937, ""primary_genre"": ""Comedy""}",ml-latest-small/movies.csv
ml-latest-small,6263,Basic (2003),Drama|Thriller|War,Drama,"{""release_year"": 2003, ""primary_genre"": ""Drama""}",ml-latest-small/movies.csv
ml-latest-small,6264,"Core, The (2003)",Action|Drama|Sci-Fi|Thriller,Action,"{""release_year"": 2003, ""primary_genre"": ""Action""}",ml-latest-small/movies.csv
ml-latest-small,6265,Head of State (2003),Comedy,Comedy,"{""release_year"": 2003, ""primary_genre"": ""Comedy""}",ml-latest-small/movies.csv
ml-latest-small,6266,What a Girl Wants (2003),Comedy|Drama|Romance,Comedy,"{""release_year"": 2003, ""primary_genre"": ""Comedy""}",ml-latest-small/movies.csv
ml-latest-small,6267,Assassination Tango (2002),Drama|Thriller,Drama,"{""release_year"": 2002, ""primary_genre"": ""Drama""}",ml-latest-small/movies.csv
ml-latest-small,6268,Raising Victor Vargas (2002),Comedy|Drama|Romance,Comedy,"{""release_year"": 2002, ""primary_genre"": ""Comedy""}",ml-latest-small/movies.csv
ml-latest-small,6269,Stevie (2002),Documentary,Documentary,"{""release_year"": 2002, ""primary_genre"": ""Documentary""}",ml-latest-small/movies.csv
ml-latest-small,6270,Akira Kurosawa's Dreams (Dreams) (1990),Drama|Fantasy,Drama,"{""release_year"": 1990, ""primary_genre"": ""Drama""}",ml-latest-small/movies.csv
ml-latest-small,6271,Day for Night (La Nuit Américaine) (1973),Comedy|Drama|Romance,Comedy,"{""release_year"": 1973, ""primary_genre"": ""Comedy""}",ml-latest-small/movies.csv
ml-latest-small,6273,In a Lonely Place (1950),Drama|Film-Noir|Mystery|Romance,Drama,"{""release_year"": 1950, ""primary_genre"": ""Drama""}",ml-latest-small/movies.csv
ml-latest-small,6279,"Good Thief, The (2002)",Crime|Drama,Crime,"{""release_year"": 2002, ""primary_genre"": ""Crime""}",ml-latest-small/movies.csv
ml-latest-small,6280,"Man Apart, A (2003)",Action|Crime|Drama|Thriller,Action,"{""release_year"": 2003, ""primary_genre"": ""Action""}",ml-latest-small/movies.csv
ml-latest-small,6281,Phone Booth (2002),Drama|Thriller,Drama,"{""release_year"": 2002, ""primary_genre"": ""Drama""}",ml-latest-small/movies.csv
ml-latest-small,6283,Cowboy Bebop: The Movie (Cowboy Bebop: Tengoku no Tobira) (2001),Action|Animation|Sci-Fi|Thriller,Action,"{""release_year"": 2001, ""primary_genre"": ""Action""}",ml-latest-small/movies.csv
ml-latest-small,6285,Levity (2003),Drama,Drama,"{""release_year"": 2003, ""primary_genre"": ""Drama""}",ml-latest-small/movies.csv
ml-latest-small,6286,"Man Without a Past, The (Mies vailla menneisyyttä) (2002)",Comedy|Crime|Drama,Comedy,"{""release_year"": 2002, ""primary_genre"": ""Comedy""}",ml-latest-small/movies.csv
ml-latest-small,6287,Anger Management (2003),Comedy,Comedy,"{""release_year"": 2003, ""primary_genre"": ""Comedy""}",ml-latest-small/movies.csv
ml-latest-small,6288,Better Luck Tomorrow (2002),Crime|Drama,Crime,"{""release_year"": 2002, ""primary_genre"": ""Crime""}",ml-latest-small/movies.csv
ml-latest-small,6289,Ghosts of the Abyss (2003),Documentary|IMAX,Documentary,"{""release_year"": 2003, ""primary_genre"": ""Documentary""}",ml-latest-small/movies.csv
ml-latest-small,6290,House of 1000 Corpses (2003),Horror,Horror,"{""release_year"": 2003, ""primary_genre"": ""Horror""}",ml-latest-small/movies.csv
ml-latest-small,6291,Lilya 4-Ever (Lilja 4-ever) (2002),Crime|Drama,Crime,"{""release_year"": 2002, ""primary_genre"": ""Crime""}",ml-latest-small/movies.csv
ml-latest-small,6294,Bulletproof Monk (2003),Action|Adventure|Sci-Fi,Action,"{""release_year"": 2003, ""primary_genre"": ""Action""}",ml-latest-small/movies.csv
ml-latest-small,6295,Chasing Papi (a.k.a. Papi Chulo) (2003),Comedy,Comedy,"{""release_year"": 2003, ""primary_genre"": ""Comedy""}",ml-latest-small/movies.csv
ml-latest-small,6296,"Mighty Wind, A (2003)",Comedy|Musical,Comedy,"{""release_year"": 2003, ""primary_genre"": ""Comedy""}",ml-latest-small/movies.csv
ml-latest-small,6297,Holes (2003),Adventure|Children|Comedy|Mystery,Adventure,"{""release_year"": 2003, ""primary_genre"": ""Adventure""}",ml-latest-small/movies.csv
ml-latest-small,6298,Malibu's Most Wanted (2003),Comedy|Crime,Comedy,"{""release_year"": 2003, ""primary_genre"": ""Comedy""}",ml-latest-small/movies.csv
ml-latest-small,6299,"Winged Migration (Peuple migrateur, Le) (2001)",Documentary,Documentary,"{""release_year"": 2001, ""primary_genre"": ""Documentary""}",ml-latest-small/movies.csv
ml-latest-small,6300,Flickering Lights (Blinkende lygter) (2000),Action|Comedy|Crime,Action,"{""release_year"": 2000, ""primary_genre"": ""Action""}",ml-latest-small/movies.csv
ml-latest-small,6301,Straw Dogs (1971),Drama|Thriller,Drama,"{""release_year"": 1971, ""primary_genre"": ""Drama""}",ml-latest-small/movies.csv
ml-latest-small,6302,Beginning of the End (1957),Sci-Fi,Sci-Fi,"{""release_year"": 1957, ""primary_genre"": ""Sci-Fi""}",ml-latest-small/movies.csv
ml-latest-small,6303,"Andromeda Strain, The (1971)",Mystery|Sci-Fi,Mystery,"{""release_year"": 1971, ""primary_genre"": ""Mystery""}",ml-latest-small/movies.csv
ml-latest-small,6305,Fahrenheit 451 (1966),Drama|Sci-Fi,Drama,"{""release_year"": 1966, ""primary_genre"": ""Drama""}",ml-latest-small/movies.csv
ml-latest-small,6306,I Am Trying to Break Your Heart (2002),Documentary,Documentary,"{""release_year"": 2002, ""primary_genre"": ""Documentary""}",ml-latest-small/movies.csv
ml-latest-small,6308,Legal Eagles (1986),Comedy|Crime|Romance,Comedy,"{""release_year"": 1986, ""primary_genre"": ""Comedy""}",ml-latest-small/movies.csv
ml-latest-small,6310,Memories of Me (1988),Comedy|Drama,Comedy,"{""release_year"": 1988, ""primary_genre"": ""Comedy""}",ml-latest-small/movies.csv
ml-latest-small,6313,Sibling Rivalry (1990),Comedy,Comedy,"{""release_year"": 1990, ""primary_genre"": ""Comedy""}",ml-latest-small/movies.csv
ml-latest-small,6314,Undercover Blues (1993),Comedy|Crime,Comedy,"{""release_year"": 1993, ""primary_genre"": ""Comedy""}",ml-latest-small/movies.csv
ml-latest-small,6315,Wildcats (1986),Comedy,Comedy,"{""release_year"": 1986, ""primary_genre"": ""Comedy""}",ml-latest-small/movies.csv
ml-latest-small,6316,"Wiz, The (1978)",Adventure|Children|Comedy|Fantasy|Musical,Adventure,"{""release_year"": 1978, ""primary_genre"": ""Adventure""}",ml-latest-small/movies.csv
ml-latest-small,6319,"My Father the Hero (Mon père, ce héros.) (1991)",Comedy|Drama,Comedy,"{""release_year"": 1991, ""primary_genre"": ""Comedy""}",ml-latest-small/movies.csv
ml-latest-small,6320,Scenes from a Mall (1991),Comedy,Comedy,"{""release_year"": 1991, ""primary_genre"": ""Comedy""}",ml-latest-small/movies.csv
ml-latest-small,6322,Confidence (2003),Crime|Thriller,Crime,"{""release_year"": 2003, ""primary_genre"": ""Crime""}",ml-latest-small/movies.csv
ml-latest-small,6323,Identity (2003),Crime|Horror|Mystery|Thriller,Crime,"{""release_year"": 2003, ""primary_genre"": ""Crime""}",ml-latest-small/movies.csv
ml-latest-small,6324,It Runs in the Family (2003),Comedy|Drama,Comedy,"{""release_year"": 2003, ""primary_genre"": ""Comedy""}",ml-latest-small/movies.csv
ml-latest-small,6327,"Decade Under the Influence, A (2003)",Documentary,Documentary,"{""release_year"": 2003, ""primary_genre"": ""Documentary""}",ml-latest-small/movies.csv
ml-latest-small,6329,Manic (2001),Drama,Drama,"{""release_year"": 2001, ""primary_genre"": ""Drama""}",ml-latest-small/movies.csv
ml-latest-small,6330,People I Know (2002),Crime|Drama,Crime,"{""release_year"": 2002, ""primary_genre"": ""Crime""}",ml-latest-small/movies.csv
ml-latest-small,6331,Spellbound (2002),Documentary,Documentary,"{""release_year"": 2002, ""primary_genre"": ""Documentary""}",ml-latest-small/movies.csv
ml-latest-small,6332,"Lizzie McGuire Movie, The (2003)",Children|Comedy|Romance,Children,"{""release_year"": 2003, ""primary_genre"": ""Children""}",ml-latest-small/movies.csv
ml-latest-small,6333,X2: X-Men United (2003),Action|Adventure|Sci-Fi|Thriller,Action,"{""release_year"": 2003, ""primary_genre"": ""Action""}",ml-latest-small/movies.csv
ml-latest-small,6334,Blue Car (2002),Drama,Drama,"{""release_year"": 2002, ""primary_genre"": ""Drama""}",ml-latest-small/movies.csv
ml-latest-small,6335,"Dancer Upstairs, The (2002)",Crime|Drama|Thriller,Crime,"{""release_year"": 2002, ""primary_genre"": ""Crime""}",ml-latest-small/movies.csv
ml-latest-small,6336,Marooned in Iraq (Gomgashtei dar Aragh) (2002),Drama,Drama,"{""release_year"": 2002, ""primary_genre"": ""Drama""}",ml-latest-small/movies.csv
ml-latest-small,6337,Owning Mahowny (2003),Crime|Drama|Thriller,Crime,"{""release_year"": 2003, ""primary_genre"": ""Crime""}",ml-latest-small/movies.csv
ml-latest-small,6338,Daddy Day Care (2003),Children|Comedy,Children,"{""release_year"": 2003, ""primary_genre"": ""Children""}",ml-latest-small/movies.csv
ml-latest-small,6339,"Man on the Train (Homme du train, L') (2002)",Comedy|Drama,Comedy,"{""release_year"": 2002, ""primary_genre"": ""Comedy""}",ml-latest-small/movies.csv
ml-latest-small,6341,"Shape of Things, The (2003)",Drama,Drama,"{""release_year"": 2003, ""primary_genre"": ""Drama""}",ml-latest-small/movies.csv
ml-latest-small,6342,"Trip, The (2002)",Comedy|Drama|Romance,Comedy,"{""release_year"": 2002, ""primary_genre"": ""Comedy""}",ml-latest-small/movies.csv
ml-latest-small,6344,101 Reykjavik (101 Reykjavík) (2000),Comedy|Drama|Romance,Comedy,"{""release_year"": 2000, ""primary_genre"": ""Comedy""}",ml-latest-small/movies.csv
ml-latest-small,6345,"Chorus Line, A (1985)",Comedy|Drama|Musical,Comedy,"{""release_year"": 1985, ""primary_genre"": ""Comedy""}",ml-latest-small/movies.csv
ml-latest-small,6347,Beat Street (1984),Drama|Musical,Drama,"{""release_year"": 1984, ""primary_genre"": ""Drama""}",ml-latest-small/movies.csv
ml-latest-small,6348,Breakin' 2: Electric Boogaloo (1984),Musical,Musical,"{""release_year"": 1984, ""primary_genre"": ""Musical""}",ml-latest-small/movies.csv
ml-latest-small,6349,Breakin' (1984),Drama|Musical,Drama,"{""release_year"": 1984, ""primary_genre"": ""Drama""}",ml-latest-small/movies.csv
ml-latest-small,6350,Laputa: Castle in the Sky (Tenkû no shiro Rapyuta) (1986),Action|Adventure|Animation|Children|Fantasy|Sci-Fi,Action,"{""release_year"": 1986, ""primary_genre"": ""Action""}",ml-latest-small/movies.csv
ml-latest-small,6357,High Society (1956),Comedy|Musical|Romance,Comedy,"{""release_year"": 1956, ""primary_genre"": ""Comedy""}",ml-latest-small/movies.csv
ml-latest-small,6358,Kiss Me Kate (1953),Comedy|Musical|Romance,Comedy,"{""release_year"": 1953, ""primary_genre"": ""Comedy""}",ml-latest-small/movies.csv
ml-latest-small,6365,"Matrix Reloaded, The (2003)",Action|Adventure|Sci-Fi|Thriller|IMAX,Action,"{""release_year"": 2003, ""primary_genre"": ""Action""}",ml-latest-small/movies.csv
ml-latest-small,6367,Down with Love (2003),Comedy|Romance,Comedy,"{""release_year"": 2003, ""primary_genre"": ""Comedy""}",ml-latest-small/movies.csv
ml-latest-small,6368,Cinemania (2002),Documentary,Documentary,"{""release_year"": 2002, ""primary_genre"": ""Documentary""}",ml-latest-small/movies.csv
ml-latest-small,6370,"Spanish Apartment, The (L'auberge espagnole) (2002)",Comedy|Drama|Romance,Comedy,"{""release_year"": 2002, ""primary_genre"": ""Comedy""}",ml-latest-small/movies.csv
ml-latest-small,6371,Pokémon Heroes (2003),Animation|Children,Animation,"{""release_year"": 2003, ""primary_genre"": ""Animation""}",ml-latest-small/movies.csv
ml-latest-small,6373,Bruce Almighty (2003),Comedy|Drama|Fantasy|Romance,Comedy,"{""release_year"": 2003, ""primary_genre"": ""Comedy""}",ml-latest-small/movies.csv
ml-latest-small,6374,"In-Laws, The (2003)",Comedy,Comedy,"{""release_year"": 2003, ""primary_genre"": ""Comedy""}",ml-latest-small/movies.csv
ml-latest-small,6375,Gigantic (A Tale of Two Johns) (2002),Documentary,Documentary,"{""release_year"": 2002, ""primary_genre"": ""Documentary""}",ml-latest-small/movies.csv
ml-latest-small,6376,Respiro (2002),Comedy|Drama,Comedy,"{""release_year"": 2002, ""primary_genre"": ""Comedy""}",ml-latest-small/movies.csv
ml-latest-small,6377,Finding Nemo (2003),Adventure|Animation|Children|Comedy,Adventure,"{""release_year"": 2003, ""primary_genre"": ""Adventure""}",ml-latest-small/movies.csv
ml-latest-small,6378,"Italian Job, The (2003)",Action|Crime,Action,"{""release_year"": 2003, ""primary_genre"": ""Action""}",ml-latest-small/movies.csv
ml-latest-small,6379,Wrong Turn (2003),Horror|Thriller,Horror,"{""release_year"": 2003, ""primary_genre"": ""Horror""}",ml-latest-small/movies.csv
ml-latest-small,6380,Capturing the Friedmans (2003),Documentary,Documentary,"{""release_year"": 2003, ""primary_genre"": ""Documentary""}",ml-latest-small/movies.csv
ml-latest-small,6382,Together (Han ni Zai Yiki) (2002),Drama,Drama,"{""release_year"": 2002, ""primary_genre"": ""Drama""}",ml-latest-small/movies.csv
ml-latest-small,6383,"2 Fast 2 Furious (Fast and the Furious 2, The) (2003)",Action|Crime|Thriller,Action,"{""release_year"": 2003, ""primary_genre"": ""Action""}",ml-latest-small/movies.csv
ml-latest-small,6385,Whale Rider (2002),Drama,Drama,"{""release_year"": 2002, ""primary_genre"": ""Drama""}",ml-latest-small/movies.csv
ml-latest-small,6386,Nevada Smith (1966),Western,Western,"{""release_year"": 1966, ""primary_genre"": ""Western""}",ml-latest-small/movies.csv
ml-latest-small,6387,Once a Thief (Zong heng si hai) (1991),Action|Comedy|Crime|Thriller,Action,"{""release_year"": 1991, ""primary_genre"": ""Action""}",ml-latest-small/movies.csv
ml-latest-small,6390,Silk Stockings (1957),Musical,Musical,"{""release_year"": 1957, ""primary_genre"": ""Musical""}",ml-latest-small/movies.csv
ml-latest-small,6395,"Crazies, The (a.k.a. Code Name: Trixie) (1973)",Action|Drama|Horror|Sci-Fi|Thriller,Action,"{""release_year"": 1973, ""primary_genre"": ""Action""}",ml-latest-small/movies.csv
ml-latest-small,6400,Murder on a Sunday Morning (Un coupable idéal) (2001),Documentary,Documentary,"{""release_year"": 2001, ""primary_genre"": ""Documentary""}",ml-latest-small/movies.csv
ml-latest-small,6402,Siam Sunset (1999),Comedy,Comedy,"{""release_year"": 1999, ""primary_genre"": ""Comedy""}",ml-latest-small/movies.csv
ml-latest-small,6405,Treasure Island (1950),Adventure|Children,Adventure,"{""release_year"": 1950, ""primary_genre"": ""Adventure""}",ml-latest-small/movies.csv
ml-latest-small,6407,"Walk, Don't Run (1966)",Comedy|Romance,Comedy,"{""release_year"": 1966, ""primary_genre"": ""Comedy""}",ml-latest-small/movies.csv
ml-latest-small,6408,Animals are Beautiful People (1974),Comedy|Documentary,Comedy,"{""release_year"": 1974, ""primary_genre"": ""Comedy""}",ml-latest-small/movies.csv
ml-latest-small,6410,Car Wash (1976),Comedy,Comedy,"{""release_year"": 1976, ""primary_genre"": ""Comedy""}",ml-latest-small/movies.csv
ml-latest-small,6412,Destry Rides Again (1939),Comedy|Western,Comedy,"{""release_year"": 1939, ""primary_genre"": ""Comedy""}",ml-latest-small/movies.csv
ml-latest-small,6415,Intervista (1987),Comedy|Drama,Comedy,"{""release_year"": 1987, ""primary_genre"": ""Comedy""}",ml-latest-small/movies.csv
ml-latest-small,6417,Live Wire (1992),Action,Action,"{""release_year"": 1992, ""primary_genre"": ""Action""}",ml-latest-small/movies.csv
ml-latest-small,6422,Shenandoah (1965),Drama|War|Western,Drama,"{""release_year"": 1965, ""primary_genre"": ""Drama""}",ml-latest-small/movies.csv
ml-latest-small,6424,Oscar (1991),Comedy|Crime|Mystery|Romance,Comedy,"{""release_year"": 1991, ""primary_genre"": ""Comedy""}",ml-latest-small/movies.csv
ml-latest-small,6425,"6th Man, The (Sixth Man, The) (1997)",Comedy,Comedy,"{""release_year"": 1997, ""primary_genre"": ""Comedy""}",ml-latest-small/movies.csv
ml-latest-small,6427,"Railway Children, The (1970)",Children|Drama,Children,"{""release_year"": 1970, ""primary_genre"": ""Children""}",ml-latest-small/movies.csv
ml-latest-small,6428,Two Mules for Sister Sara (1970),Comedy|War|Western,Comedy,"{""release_year"": 1970, ""primary_genre"": ""Comedy""}",ml-latest-small/movies.csv
ml-latest-small,6429,Winchester '73 (1950),Western,Western,"{""release_year"": 1950, ""primary_genre"": ""Western""}",ml-latest-small/movies.csv
ml-latest-small,6433,"Man with the Movie Camera, The (Chelovek s kino-apparatom) (1929)",Documentary,Documentary,"{""release_year"": 1929, ""primary_genre"": ""Documentary""}",ml-latest-small/movies.csv
ml-latest-small,6434,"Objective, Burma! (1945)",War,War,"{""release_year"": 1945, ""primary_genre"": ""War""}",ml-latest-small/movies.csv
ml-latest-small,6436,This Boy's Life (1993),Drama,Drama,"{""release_year"": 1993, ""primary_genre"": ""Drama""}",ml-latest-small/movies.csv
ml-latest-small,6440,Barton Fink (1991),Drama|Thriller,Drama,"{""release_year"": 1991, ""primary_genre"": ""Drama""}",ml-latest-small/movies.csv
ml-latest-small,6442,Belle époque (1992),Comedy|Romance,Comedy,"{""release_year"": 1992, ""primary_genre"": ""Comedy""}",ml-latest-small/movies.csv
ml-latest-small,6448,"Flight of the Phoenix, The (1965)",Action|Adventure|Drama,Action,"{""release_year"": 1965, ""primary_genre"": ""Action""}",ml-latest-small/movies.csv
ml-latest-small,6449,From the Terrace (1960),Drama,Drama,"{""release_year"": 1960, ""primary_genre"": ""Drama""}",ml-latest-small/movies.csv
ml-latest-small,6452,"Long, Hot Summer, The (1958)",Drama,Drama,"{""release_year"": 1958, ""primary_genre"": ""Drama""}",ml-latest-small/movies.csv
ml-latest-small,6453,Man of Aran (1934),Documentary,Documentary,"{""release_year"": 1934, ""primary_genre"": ""Documentary""}",ml-latest-small/movies.csv
ml-latest-small,6454,Music Box (1989),Drama,Drama,"{""release_year"": 1989, ""primary_genre"": ""Drama""}",ml-latest-small/movies.csv
ml-latest-small,6460,"Trial, The (Procès, Le) (1962)",Drama,Drama,"{""release_year"": 1962, ""primary_genre"": ""Drama""}",ml-latest-small/movies.csv
ml-latest-small,6461,"Unforgiven, The (1960)",Drama|Western,Drama,"{""release_year"": 1960, ""primary_genre"": ""Drama""}",ml-latest-small/movies.csv
ml-latest-small,6464,Good Burger (1997),Children|Comedy,Children,"{""release_year"": 1997, ""primary_genre"": ""Children""}",ml-latest-small/movies.csv
ml-latest-small,6465,Jubilee (1977),Drama,Drama,"{""release_year"": 1977, ""primary_genre"": ""Drama""}",ml-latest-small/movies.csv
ml-latest-small,6466,Mississippi Masala (1991),Drama|Romance,Drama,"{""release_year"": 1991, ""primary_genre"": ""Drama""}",ml-latest-small/movies.csv
ml-latest-small,6476,Shattered (1991),Mystery|Thriller,Mystery,"{""release_year"": 1991, ""primary_genre"": ""Mystery""}",ml-latest-small/movies.csv
ml-latest-small,6477,"Song of Bernadette, The (1943)",Drama,Drama,"{""release_year"": 1943, ""primary_genre"": ""Drama""}",ml-latest-small/movies.csv
ml-latest-small,6480,Thoroughly Modern Millie (1967),Comedy|Musical,Comedy,"{""release_year"": 1967, ""primary_genre"": ""Comedy""}",ml-latest-small/movies.csv
ml-latest-small,6482,Dumb and Dumberer: When Harry Met Lloyd (2003),Comedy,Comedy,"{""release_year"": 2003, ""primary_genre"": ""Comedy""}",ml-latest-small/movies.csv
ml-latest-small,6483,From Justin to Kelly (2003),Musical|Romance,Musical,"{""release_year"": 2003, ""primary_genre"": ""Musical""}",ml-latest-small/movies.csv
ml-latest-small,6484,Hollywood Homicide (2003),Action|Crime|Drama,Action,"{""release_year"": 2003, ""primary_genre"": ""Action""}",ml-latest-small/movies.csv
ml-latest-small,6493,Alex and Emma (2003),Comedy|Drama|Romance,Comedy,"{""release_year"": 2003, ""primary_genre"": ""Comedy""}",ml-latest-small/movies.csv
ml-latest-small,6502,28 Days Later (2002),Action|Horror|Sci-Fi,Action,"{""release_year"": 2002, ""primary_genre"": ""Action""}",ml-latest-small/movies.csv
ml-latest-small,6503,Charlie's Angels: Full Throttle (2003),Action|Adventure|Comedy|Crime|Thriller,Action,"{""release_year"": 2003, ""primary_genre"": ""Action""}",ml-latest-small/movies.csv
ml-latest-small,6506,Fulltime Killer (Chuen jik sat sau) (2001),Action|Thriller,Action,"{""release_year"": 2001, ""primary_genre"": ""Action""}",ml-latest-small/movies.csv
ml-latest-small,6509,Ali: Fear Eats the Soul (Angst essen Seele auf) (1974),Drama|Romance,Drama,"{""release_year"": 1974, ""primary_genre"": ""Drama""}",ml-latest-small/movies.csv
ml-latest-small,6510,"Bodies, Rest & Motion (1993)",Drama|Romance,Drama,"{""release_year"": 1993, ""primary_genre"": ""Drama""}",ml-latest-small/movies.csv
ml-latest-small,6514,Ring of Terror (1962),Horror,Horror,"{""release_year"": 1962, ""primary_genre"": ""Horror""}",ml-latest-small/movies.csv
ml-latest-small,6515,You Only Live Once (1937),Crime|Film-Noir,Crime,"{""release_year"": 1937, ""primary_genre"": ""Crime""}",ml-latest-small/movies.csv
ml-latest-small,6516,Anastasia (1956),Drama,Drama,"{""release_year"": 1956, ""primary_genre"": ""Drama""}",ml-latest-small/movies.csv
ml-latest-small,6517,"Babe, The (1992)",Drama,Drama,"{""release_year"": 1992, ""primary_genre"": ""Drama""}",ml-latest-small/movies.csv
ml-latest-small,6523,Mr. Baseball (1992),Comedy|Romance,Comedy,"{""release_year"": 1992, ""primary_genre"": ""Comedy""}",ml-latest-small/movies.csv
ml-latest-small,6527,Scaramouche (1952),Adventure|Romance,Adventure,"{""release_year"": 1952, ""primary_genre"": ""Adventure""}",ml-latest-small/movies.csv
ml-latest-small,6528,Start the Revolution Without Me (1970),Comedy,Comedy,"{""release_year"": 1970, ""primary_genre"": ""Comedy""}",ml-latest-small/movies.csv
ml-latest-small,6530,"Tenant, The (Locataire, Le) (1976)",Drama|Horror|Mystery|Thriller,Drama,"{""release_year"": 1976, ""primary_genre"": ""Drama""}",ml-latest-small/movies.csv
ml-latest-small,6533,"What's Up, Doc? (1972)",Comedy,Comedy,"{""release_year"": 1972, ""primary_genre"": ""Comedy""}",ml-latest-small/movies.csv
ml-latest-small,6534,Hulk (2003),Action|Adventure|Sci-Fi,Action,"{""release_year"": 2003, ""primary_genre"": ""Action""}",ml-latest-small/movies.csv
ml-latest-small,6535,"Legally Blonde 2: Red, White & Blonde (2003)",Comedy,Comedy,"{""release_year"": 2003, ""primary_genre"": ""Comedy""}",ml-latest-small/movies.csv
ml-latest-small,6536,Sinbad: Legend of the Seven Seas (2003),Adventure|Animation|Children|Fantasy,Adventure,"{""release_year"": 2003, ""primary_genre"": ""Adventure""}",ml-latest-small/movies.csv
ml-latest-small,6537,Terminator 3: Rise of the Machines (2003),Action|Adventure|Sci-Fi,Action,"{""release_year"": 2003, ""primary_genre"": ""Action""}",ml-latest-small/movies.csv
ml-latest-small,6538,Swimming Pool (2003),Drama|Mystery|Thriller,Drama,"{""release_year"": 2003, ""primary_genre"": ""Drama""}",ml-latest-small/movies.csv
ml-latest-small,6539,Pirates of the Caribbean: The Curse of the Black Pearl (2003),Action|Adventure|Comedy|Fantasy,Action,"{""release_year"": 2003, ""primary_genre"": ""Action""}",ml-latest-small/movies.csv
ml-latest-small,6541,"League of Extraordinary Gentlemen, The (a.k.a. LXG) (2003)",Action|Fantasy|Sci-Fi,Action,"{""release_year"": 2003, ""primary_genre"": ""Action""}",ml-latest-small/movies.csv
ml-latest-small,6542,"Cuckoo, The (Kukushka) (2002)",Comedy|Drama|War,Comedy,"{""release_year"": 2002, ""primary_genre"": ""Comedy""}",ml-latest-small/movies.csv
ml-latest-small,6545,I Capture the Castle (2003),Drama|Romance,Drama,"{""release_year"": 2003, ""primary_genre"": ""Drama""}",ml-latest-small/movies.csv
ml-latest-small,6547,Northfork (2003),Drama|Fantasy,Drama,"{""release_year"": 2003, ""primary_genre"": ""Drama""}",ml-latest-small/movies.csv
ml-latest-small,6548,Bad Boys II (2003),Action|Comedy|Crime|Thriller,Action,"{""release_year"": 2003, ""primary_genre"": ""Action""}",ml-latest-small/movies.csv
ml-latest-small,6549,How to Deal (2003),Comedy|Drama|Romance,Comedy,"{""release_year"": 2003, ""primary_genre"": ""Comedy""}",ml-latest-small/movies.csv
ml-latest-small,6550,Johnny English (2003),Action|Comedy|Thriller,Action,"{""release_year"": 2003, ""primary_genre"": ""Action""}",ml-latest-small/movies.csv
ml-latest-small,6551,"Anarchist Cookbook, The (2002)",Comedy|Romance,Comedy,"{""release_year"": 2002, ""primary_genre"": ""Comedy""}",ml-latest-small/movies.csv
ml-latest-small,6552,Dirty Pretty Things (2002),Crime|Drama|Thriller,Crime,"{""release_year"": 2002, ""primary_genre"": ""Crime""}",ml-latest-small/movies.csv
ml-latest-small,6553,"Embalmer, The (Imbalsamatore, L') (2002)",Drama,Drama,"{""release_year"": 2002, ""primary_genre"": ""Drama""}",ml-latest-small/movies.csv
ml-latest-small,6554,Garage Days (2002),Comedy|Musical,Comedy,"{""release_year"": 2002, ""primary_genre"": ""Comedy""}",ml-latest-small/movies.csv
ml-latest-small,6557,Born to Be Wild (1995),Adventure|Children|Comedy|Drama,Adventure,"{""release_year"": 1995, ""primary_genre"": ""Adventure""}",ml-latest-small/movies.csv
ml-latest-small,6558,Curly Sue (1991),Comedy|Drama,Comedy,"{""release_year"": 1991, ""primary_genre"": ""Comedy""}",ml-latest-small/movies.csv
ml-latest-small,6559,Little Giants (1994),Children|Comedy,Children,"{""release_year"": 1994, ""primary_genre"": ""Children""}",ml-latest-small/movies.csv
ml-latest-small,6560,Loose Cannons (1990),Action|Comedy,Action,"{""release_year"": 1990, ""primary_genre"": ""Action""}",ml-latest-small/movies.csv
ml-latest-small,6561,"Mouse That Roared, The (1959)",Comedy|War,Comedy,"{""release_year"": 1959, ""primary_genre"": ""Comedy""}",ml-latest-small/movies.csv
ml-latest-small,6563,Masked & Anonymous (2003),Comedy|Drama,Comedy,"{""release_year"": 2003, ""primary_genre"": ""Comedy""}",ml-latest-small/movies.csv
ml-latest-small,6564,Lara Croft Tomb Raider: The Cradle of Life (2003),Action|Adventure|Comedy|Romance|Thriller,Action,"{""release_year"": 2003, ""primary_genre"": ""Action""}",ml-latest-small/movies.csv
ml-latest-small,6565,Seabiscuit (2003),Drama,Drama,"{""release_year"": 2003, ""primary_genre"": ""Drama""}",ml-latest-small/movies.csv
ml-latest-small,6566,Spy Kids 3-D: Game Over (2003),Action|Adventure|Children,Action,"{""release_year"": 2003, ""primary_genre"": ""Action""}",ml-latest-small/movies.csv
ml-latest-small,6567,Buffalo Soldiers (2001),Comedy|Crime|Drama|War,Comedy,"{""release_year"": 2001, ""primary_genre"": ""Comedy""}",ml-latest-small/movies.csv
ml-latest-small,6568,Camp (2003),Comedy|Musical,Comedy,"{""release_year"": 2003, ""primary_genre"": ""Comedy""}",ml-latest-small/movies.csv
ml-latest-small,6571,"Mondays in the Sun (Lunes al sol, Los) (2002)",Drama,Drama,"{""release_year"": 2002, ""primary_genre"": ""Drama""}",ml-latest-small/movies.csv
ml-latest-small,6572,Scorched (2003),Comedy|Crime,Comedy,"{""release_year"": 2003, ""primary_genre"": ""Comedy""}",ml-latest-small/movies.csv
ml-latest-small,6573,Avanti! (1972),Comedy|Drama,Comedy,"{""release_year"": 1972, ""primary_genre"": ""Comedy""}",ml-latest-small/movies.csv
ml-latest-small,6574,Eve of Destruction (1991),Action|Sci-Fi|Thriller,Action,"{""release_year"": 1991, ""primary_genre"": ""Action""}",ml-latest-small/movies.csv
ml-latest-small,6577,Kickboxer 2: The Road Back (1991),Action|Drama,Action,"{""release_year"": 1991, ""primary_genre"": ""Action""}",ml-latest-small/movies.csv
ml-latest-small,6578,"Kiss Me, Stupid (1964)",Comedy,Comedy,"{""release_year"": 1964, ""primary_genre"": ""Comedy""}",ml-latest-small/movies.csv
ml-latest-small,6579,"One, Two, Three (1961)",Comedy,Comedy,"{""release_year"": 1961, ""primary_genre"": ""Comedy""}",ml-latest-small/movies.csv
ml-latest-small,6581,"Private Life of Sherlock Holmes, The (1970)",Comedy|Drama|Mystery,Comedy,"{""release_year"": 1970, ""primary_genre"": ""Comedy""}",ml-latest-small/movies.csv
ml-latest-small,6582,Remo Williams: The Adventure Begins (1985),Action|Comedy|Crime|Thriller,Action,"{""release_year"": 1985, ""primary_genre"": ""Action""}",ml-latest-small/movies.csv
ml-latest-small,6583,"Blood of Heroes, The (Salute of the Jugger, The) (1989)",Action|Sci-Fi,Action,"{""release_year"": 1989, ""primary_genre"": ""Action""}",ml-latest-small/movies.csv
ml-latest-small,6584,"What's Up, Tiger Lily? (1966)",Adventure|Comedy|Crime|Thriller,Adventure,"{""release_year"": 1966, ""primary_genre"": ""Adventure""}",ml-latest-small/movies.csv
ml-latest-small,6586,American Wedding (American Pie 3) (2003),Comedy,Comedy,"{""release_year"": 2003, ""primary_genre"": ""Comedy""}",ml-latest-small/movies.csv
ml-latest-small,6587,Gigli (2003),Comedy|Crime|Romance,Comedy,"{""release_year"": 2003, ""primary_genre"": ""Comedy""}",ml-latest-small/movies.csv
ml-latest-small,6588,And Now... Ladies and Gentlemen... (2002),Romance|Thriller,Romance,"{""release_year"": 2002, ""primary_genre"": ""Romance""}",ml-latest-small/movies.csv
ml-latest-small,6591,"Magdalene Sisters, The (2002)",Drama,Drama,"{""release_year"": 2002, ""primary_genre"": ""Drama""}",ml-latest-small/movies.csv
ml-latest-small,6592,"Secret Lives of Dentists, The (2002)",Drama,Drama,"{""release_year"": 2002, ""primary_genre"": ""Drama""}",ml-latest-small/movies.csv
ml-latest-small,6593,Freaky Friday (2003),Children|Comedy|Fantasy,Children,"{""release_year"": 2003, ""primary_genre"": ""Children""}",ml-latest-small/movies.csv
ml-latest-small,6595,S.W.A.T. (2003),Action|Thriller,Action,"{""release_year"": 2003, ""primary_genre"": ""Action""}",ml-latest-small/movies.csv
ml-latest-small,6596,"Divorce, Le (2003)",Comedy|Drama|Romance,Comedy,"{""release_year"": 2003, ""primary_genre"": ""Comedy""}",ml-latest-small/movies.csv
ml-latest-small,6597,"Princess Blade, The (Shura Yukihime) (2001)",Action|Sci-Fi,Action,"{""release_year"": 2001, ""primary_genre"": ""Action""}",ml-latest-small/movies.csv
ml-latest-small,6598,Step Into Liquid (2002),Documentary,Documentary,"{""release_year"": 2002, ""primary_genre"": ""Documentary""}",ml-latest-small/movies.csv
ml-latest-small,6603,"Double Life, A (1947)",Crime|Drama|Film-Noir,Crime,"{""release_year"": 1947, ""primary_genre"": ""Crime""}",ml-latest-small/movies.csv
ml-latest-small,6604,Hawks and Sparrows (Uccellacci e Uccellini) (1966),Comedy,Comedy,"{""release_year"": 1966, ""primary_genre"": ""Comedy""}",ml-latest-small/movies.csv
ml-latest-small,6609,"Gospel According to St. Matthew, The (Vangelo secondo Matteo, Il) (1964)",Drama,Drama,"{""release_year"": 1964, ""primary_genre"": ""Drama""}",ml-latest-small/movies.csv
ml-latest-small,6611,Umberto D. (1952),Drama,Drama,"{""release_year"": 1952, ""primary_genre"": ""Drama""}",ml-latest-small/movies.csv
ml-latest-small,6612,Brother's Keeper (1992),Documentary,Documentary,"{""release_year"": 1992, ""primary_genre"": ""Documentary""}",ml-latest-small/movies.csv
ml-latest-small,6614,I Love You to Death (1990),Comedy|Crime,Comedy,"{""release_year"": 1990, ""primary_genre"": ""Comedy""}",ml-latest-small/movies.csv
ml-latest-small,6615,Freddy vs. Jason (2003),Action|Horror|Thriller,Action,"{""release_year"": 2003, ""primary_genre"": ""Action""}",ml-latest-small/movies.csv
ml-latest-small,6616,Grind (2003),Action|Comedy,Action,"{""release_year"": 2003, ""primary_genre"": ""Action""}",ml-latest-small/movies.csv
ml-latest-small,6617,Open Range (2003),Western,Western,"{""release_year"": 2003, ""primary_genre"": ""Western""}",ml-latest-small/movies.csv
ml-latest-small,6618,Shaolin Soccer (Siu lam juk kau) (2001),Action|Comedy,Action,"{""release_year"": 2001, ""primary_genre"": ""Action""}",ml-latest-small/movies.csv
ml-latest-small,6619,Uptown Girls (2003),Comedy,Comedy,"{""release_year"": 2003, ""primary_genre"": ""Comedy""}",ml-latest-small/movies.csv
ml-latest-small,6620,American Splendor (2003),Comedy|Drama,Comedy,"{""release_year"": 2003, ""primary_genre"": ""Comedy""}",ml-latest-small/movies.csv
ml-latest-small,6624,Agent Cody Banks (2003),Action|Adventure|Children|Fantasy,Action,"{""release_year"": 2003, ""primary_genre"": ""Action""}",ml-latest-small/movies.csv
ml-latest-small,6625,Camp Nowhere (1994),Adventure|Children|Comedy,Adventure,"{""release_year"": 1994, ""primary_genre"": ""Adventure""}",ml-latest-small/movies.csv
ml-latest-small,6628,Hot Dog... The Movie (1984),Comedy,Comedy,"{""release_year"": 1984, ""primary_genre"": ""Comedy""}",ml-latest-small/movies.csv
ml-latest-small,6629,House of Wax (1953),Crime|Horror|Mystery|Thriller,Crime,"{""release_year"": 1953, ""primary_genre"": ""Crime""}",ml-latest-small/movies.csv
ml-latest-small,6631,Man's Best Friend (1993),Horror|Sci-Fi|Thriller,Horror,"{""release_year"": 1993, ""primary_genre"": ""Horror""}",ml-latest-small/movies.csv
ml-latest-small,6636,"Sure Thing, The (1985)",Comedy|Romance,Comedy,"{""release_year"": 1985, ""primary_genre"": ""Comedy""}",ml-latest-small/movies.csv
ml-latest-small,6638,Valley Girl (1983),Comedy|Romance,Comedy,"{""release_year"": 1983, ""primary_genre"": ""Comedy""}",ml-latest-small/movies.csv
ml-latest-small,6639,Wait Until Dark (1967),Drama|Thriller,Drama,"{""release_year"": 1967, ""primary_genre"": ""Drama""}",ml-latest-small/movies.csv
ml-latest-small,6643,Tokyo Story (Tôkyô monogatari) (1953),Drama,Drama,"{""release_year"": 1953, ""primary_genre"": ""Drama""}",ml-latest-small/movies.csv
ml-latest-small,6644,"Green Ray, The (Rayon vert, Le) (1986)",Drama|Romance,Drama,"{""release_year"": 1986, ""primary_genre"": ""Drama""}",ml-latest-small/movies.csv
ml-latest-small,6645,THX 1138 (1971),Action|Adventure|Drama|Sci-Fi,Action,"{""release_year"": 1971, ""primary_genre"": ""Action""}",ml-latest-small/movies.csv
ml-latest-small,6650,Kind Hearts and Coronets (1949),Comedy|Drama,Comedy,"{""release_year"": 1949, ""primary_genre"": ""Comedy""}",ml-latest-small/movies.csv
ml-latest-small,6654,Atragon (Kaitei Gunkan) (1963),Adventure|Sci-Fi,Adventure,"{""release_year"": 1963, ""primary_genre"": ""Adventure""}",ml-latest-small/movies.csv
ml-latest-small,6656,Attack of the Puppet People (1958),Horror|Sci-Fi,Horror,"{""release_year"": 1958, ""primary_genre"": ""Horror""}",ml-latest-small/movies.csv
ml-latest-small,6658,10 (1979),Comedy|Romance,Comedy,"{""release_year"": 1979, ""primary_genre"": ""Comedy""}",ml-latest-small/movies.csv
ml-latest-small,6659,Tremors (1990),Comedy|Horror|Sci-Fi,Comedy,"{""release_year"": 1990, ""primary_genre"": ""Comedy""}",ml-latest-small/movies.csv
ml-latest-small,6660,"Red Shoes, The (1948)",Drama|Fantasy|Musical|Romance,Drama,"{""release_year"": 1948, ""primary_genre"": ""Drama""}",ml-latest-small/movies.csv
ml-latest-small,6662,"Pink Panther, The (1963)",Comedy|Crime,Comedy,"{""release_year"": 1963, ""primary_genre"": ""Comedy""}",ml-latest-small/movies.csv
ml-latest-small,6663,"Pink Panther Strikes Again, The (1976)",Comedy|Crime,Comedy,"{""release_year"": 1976, ""primary_genre"": ""Comedy""}",ml-latest-small/movies.csv
ml-latest-small,6664,Commando (1985),Action|Adventure,Action,"{""release_year"": 1985, ""primary_genre"": ""Action""}",ml-latest-small/movies.csv
ml-latest-small,6665,Dracula (1979),Horror|Romance,Horror,"{""release_year"": 1979, ""primary_genre"": ""Horror""}",ml-latest-small/movies.csv
ml-latest-small,6666,"Discreet Charm of the Bourgeoisie, The (Charme discret de la bourgeoisie, Le) (1972)",Comedy|Drama|Fantasy,Comedy,"{""release_year"": 1972, ""primary_genre"": ""Comedy""}",ml-latest-small/movies.csv
ml-latest-small,6667,Waco: The Rules of Engagement (1997),Documentary,Documentary,"{""release_year"": 1997, ""primary_genre"": ""Documentary""}",ml-latest-small/movies.csv
ml-latest-small,6668,"Road Home, The (Wo de fu qin mu qin) (1999)",Drama|Romance,Drama,"{""release_year"": 1999, ""primary_genre"": ""Drama""}",ml-latest-small/movies.csv
ml-latest-small,6669,Ikiru (1952),Drama,Drama,"{""release_year"": 1952, ""primary_genre"": ""Drama""}",ml-latest-small/movies.csv
ml-latest-small,6670,Comic Book Villains (2002),Comedy,Comedy,"{""release_year"": 2002, ""primary_genre"": ""Comedy""}",ml-latest-small/movies.csv
ml-latest-small,6671,"Angel at My Table, An (1990)",Drama,Drama,"{""release_year"": 1990, ""primary_genre"": ""Drama""}",ml-latest-small/movies.csv
ml-latest-small,6678,"Handmaid's Tale, The (1990)",Drama|Sci-Fi,Drama,"{""release_year"": 1990, ""primary_genre"": ""Drama""}",ml-latest-small/movies.csv
ml-latest-small,6679,Revolution OS (2001),Documentary,Documentary,"{""release_year"": 2001, ""primary_genre"": ""Documentary""}",ml-latest-small/movies.csv
ml-latest-small,6684,Death in Venice (Morte a Venezia) (1971),Drama|Romance,Drama,"{""release_year"": 1971, ""primary_genre"": ""Drama""}",ml-latest-small/movies.csv
ml-latest-small,6686,"Medallion, The (2003)",Action|Comedy|Crime|Fantasy,Action,"{""release_year"": 2003, ""primary_genre"": ""Action""}",ml-latest-small/movies.csv
ml-latest-small,6687,My Boss's Daughter (2003),Comedy|Romance,Comedy,"{""release_year"": 2003, ""primary_genre"": ""Comedy""}",ml-latest-small/movies.csv
ml-latest-small,6688,Autumn Spring (Babí léto) (2001),Comedy|Drama,Comedy,"{""release_year"": 2001, ""primary_genre"": ""Comedy""}",ml-latest-small/movies.csv
ml-latest-small,6689,"Battle of Shaker Heights, The (2003)",Comedy|Drama|Romance,Comedy,"{""release_year"": 2003, ""primary_genre"": ""Comedy""}",ml-latest-small/movies.csv
ml-latest-small,6691,Dust (2001),Drama|Western,Drama,"{""release_year"": 2001, ""primary_genre"": ""Drama""}",ml-latest-small/movies.csv
ml-latest-small,6692,Stoked: The Rise and Fall of Gator (2002),Documentary,Documentary,"{""release_year"": 2002, ""primary_genre"": ""Documentary""}",ml-latest-small/movies.csv
ml-latest-small,6695,Jeepers Creepers 2 (2003),Horror|Thriller,Horror,"{""release_year"": 2003, ""primary_genre"": ""Horror""}",ml-latest-small/movies.csv
ml-latest-small,6696,Bollywood/Hollywood (2002),Comedy|Drama|Musical|Romance,Comedy,"{""release_year"": 2002, ""primary_genre"": ""Comedy""}",ml-latest-small/movies.csv
ml-latest-small,6699,Once Upon a Time in the Midlands (2002),Drama,Drama,"{""release_year"": 2002, ""primary_genre"": ""Drama""}",ml-latest-small/movies.csv
ml-latest-small,6702,Dickie Roberts: Former Child Star (2003),Comedy,Comedy,"{""release_year"": 2003, ""primary_genre"": ""Comedy""}",ml-latest-small/movies.csv
ml-latest-small,6705,Party Monster (2003),Comedy|Crime|Drama|Thriller,Comedy,"{""release_year"": 2003, ""primary_genre"": ""Comedy""}",ml-latest-small/movies.csv
ml-latest-small,6706,Taking Sides (2001),Drama,Drama,"{""release_year"": 2001, ""primary_genre"": ""Drama""}",ml-latest-small/movies.csv
ml-latest-small,6707,Cabin Fever (2002),Horror|Thriller,Horror,"{""release_year"": 2002, ""primary_genre"": ""Horror""}",ml-latest-small/movies.csv
ml-latest-small,6708,Matchstick Men (2003),Comedy|Crime|Drama,Comedy,"{""release_year"": 2003, ""primary_genre"": ""Comedy""}",ml-latest-small/movies.csv
ml-latest-small,6709,Once Upon a Time in Mexico (2003),Action|Adventure|Crime|Thriller,Action,"{""release_year"": 2003, ""primary_genre"": ""Action""}",ml-latest-small/movies.csv
ml-latest-small,6710,Dummy (2002),Comedy|Drama|Romance,Comedy,"{""release_year"": 2002, ""primary_genre"": ""Comedy""}",ml-latest-small/movies.csv
ml-latest-small,6711,Lost in Translation (2003),Comedy|Drama|Romance,Comedy,"{""release_year"": 2003, ""primary_genre"": ""Comedy""}",ml-latest-small/movies.csv
ml-latest-small,6713,Millennium Actress (Sennen joyû) (2001),Animation|Drama|Romance,Animation,"{""release_year"": 2001, ""primary_genre"": ""Animation""}",ml-latest-small/movies.csv
ml-latest-small,6715,Children of the Night (1991),Horror,Horror,"{""release_year"": 1991, ""primary_genre"": ""Horror""}",ml-latest-small/movies.csv
ml-latest-small,6718,Gotcha! (1985),Comedy,Comedy,"{""release_year"": 1985, ""primary_genre"": ""Comedy""}",ml-latest-small/movies.csv
ml-latest-small,6720,Kuffs (1992),Action|Comedy|Crime,Action,"{""release_year"": 1992, ""primary_genre"": ""Action""}",ml-latest-small/movies.csv
ml-latest-small,6721,Once Upon a Time in China (Wong Fei Hung) (1991),Action|Adventure|Drama,Action,"{""release_year"": 1991, ""primary_genre"": ""Action""}",ml-latest-small/movies.csv
ml-latest-small,6722,Once Upon a Time in China II (Wong Fei-hung Ji Yi: Naam yi dong ji keung) (1992),Action|Romance,Action,"{""release_year"": 1992, ""primary_genre"": ""Action""}",ml-latest-small/movies.csv
ml-latest-small,6723,Once Upon a Time in China III (Wong Fei-hung tsi sam: Siwong tsangba) (1993),Action,Action,"{""release_year"": 1993, ""primary_genre"": ""Action""}",ml-latest-small/movies.csv
ml-latest-small,6724,Paper Moon (1973),Comedy|Crime|Drama,Comedy,"{""release_year"": 1973, ""primary_genre"": ""Comedy""}",ml-latest-small/movies.csv
ml-latest-small,6731,Day of the Dead (1985),Horror|Sci-Fi|Thriller,Horror,"{""release_year"": 1985, ""primary_genre"": ""Horror""}",ml-latest-small/movies.csv
ml-latest-small,6732,"Hello, Dolly! (1969)",Comedy|Musical|Romance,Comedy,"{""release_year"": 1969, ""primary_genre"": ""Comedy""}",ml-latest-small/movies.csv
ml-latest-small,6734,Memoirs of an Invisible Man (1992),Comedy|Romance|Sci-Fi|Thriller,Comedy,"{""release_year"": 1992, ""primary_genre"": ""Comedy""}",ml-latest-small/movies.csv
ml-latest-small,6744,Once Bitten (1985),Comedy|Horror,Comedy,"{""release_year"": 1985, ""primary_genre"": ""Comedy""}",ml-latest-small/movies.csv
ml-latest-small,6746,Squirm (1976),Horror|Romance,Horror,"{""release_year"": 1976, ""primary_genre"": ""Horror""}",ml-latest-small/movies.csv
ml-latest-small,6748,"Brood, The (1979)",Horror,Horror,"{""release_year"": 1979, ""primary_genre"": ""Horror""}",ml-latest-small/movies.csv
ml-latest-small,6750,Anything Else (2003),Comedy|Drama|Romance,Comedy,"{""release_year"": 2003, ""primary_genre"": ""Comedy""}",ml-latest-small/movies.csv
ml-latest-small,6751,Cold Creek Manor (2003),Drama|Thriller,Drama,"{""release_year"": 2003, ""primary_genre"": ""Drama""}",ml-latest-small/movies.csv
ml-latest-small,6752,"Fighting Temptations, The (2003)",Drama,Drama,"{""release_year"": 2003, ""primary_genre"": ""Drama""}",ml-latest-small/movies.csv
ml-latest-small,6753,Secondhand Lions (2003),Children|Comedy|Drama,Children,"{""release_year"": 2003, ""primary_genre"": ""Children""}",ml-latest-small/movies.csv
ml-latest-small,6754,Underworld (2003),Action|Fantasy|Horror,Action,"{""release_year"": 2003, ""primary_genre"": ""Action""}",ml-latest-small/movies.csv
ml-latest-small,6755,Bubba Ho-tep (2002),Comedy|Horror,Comedy,"{""release_year"": 2002, ""primary_genre"": ""Comedy""}",ml-latest-small/movies.csv
ml-latest-small,6760,In This World (2002),Adventure|Drama,Adventure,"{""release_year"": 2002, ""primary_genre"": ""Adventure""}",ml-latest-small/movies.csv
ml-latest-small,6763,Duplex (2003),Comedy|Crime,Comedy,"{""release_year"": 2003, ""primary_genre"": ""Comedy""}",ml-latest-small/movies.csv
ml-latest-small,6764,"Rundown, The (2003)",Action|Adventure|Comedy,Action,"{""release_year"": 2003, ""primary_genre"": ""Action""}",ml-latest-small/movies.csv
ml-latest-small,6765,Under the Tuscan Sun (2003),Comedy|Drama|Romance,Comedy,"{""release_year"": 2003, ""primary_genre"": ""Comedy""}",ml-latest-small/movies.csv
ml-latest-small,6768,Luther (2003),Drama,Drama,"{""release_year"": 2003, ""primary_genre"": ""Drama""}",ml-latest-small/movies.csv
ml-latest-small,6769,Mambo Italiano (2003),Comedy,Comedy,"{""release_year"": 2003, ""primary_genre"": ""Comedy""}",ml-latest-small/movies.csv
ml-latest-small,6770,My Life Without Me (2003),Drama|Romance,Drama,"{""release_year"": 2003, ""primary_genre"": ""Drama""}",ml-latest-small/movies.csv
ml-latest-small,6772,To Be and to Have (Être et avoir) (2002),Documentary,Documentary,"{""release_year"": 2002, ""primary_genre"": ""Documentary""}",ml-latest-small/movies.csv
ml-latest-small,6773,"Triplets of Belleville, The (Les triplettes de Belleville) (2003)",Animation|Comedy|Fantasy,Animation,"{""release_year"": 2003, ""primary_genre"": ""Animation""}",ml-latest-small/movies.csv
ml-latest-small,6774,Videodrome (1983),Fantasy|Horror|Sci-Fi|Thriller,Fantasy,"{""release_year"": 1983, ""primary_genre"": ""Fantasy""}",ml-latest-small/movies.csv
ml-latest-small,6775,Life and Debt (2001),Documentary,Documentary,"{""release_year"": 2001, ""primary_genre"": ""Documentary""}",ml-latest-small/movies.csv
ml-latest-small,6776,Lagaan: Once Upon a Time in India (2001),Comedy|Drama|Musical|Romance,Comedy,"{""release_year"": 2001, ""primary_genre"": ""Comedy""}",ml-latest-small/movies.csv
ml-latest-small,6777,Judgment at Nuremberg (1961),Drama,Drama,"{""release_year"": 1961, ""primary_genre"": ""Drama""}",ml-latest-small/movies.csv
ml-latest-small,6780,"Brief History of Time, A (1991)",Documentary,Documentary,"{""release_year"": 1991, ""primary_genre"": ""Documentary""}",ml-latest-small/movies.csv
ml-latest-small,6782,Leningrad Cowboys Go America (1989),Comedy|Musical,Comedy,"{""release_year"": 1989, ""primary_genre"": ""Comedy""}",ml-latest-small/movies.csv
ml-latest-small,6783,"Rules of the Game, The (La règle du jeu) (1939)",Comedy|Drama,Comedy,"{""release_year"": 1939, ""primary_genre"": ""Comedy""}",ml-latest-small/movies.csv
ml-latest-small,6785,Seven Brides for Seven Brothers (1954),Comedy|Musical|Romance|Western,Comedy,"{""release_year"": 1954, ""primary_genre"": ""Comedy""}",ml-latest-small/movies.csv
ml-latest-small,6786,Kiss of the Spider Woman (1985),Drama,Drama,"{""release_year"": 1985, ""primary_genre"": ""Drama""}",ml-latest-small/movies.csv
ml-latest-small,6787,All the President's Men (1976),Drama|Thriller,Drama,"{""release_year"": 1976, ""primary_genre"": ""Drama""}",ml-latest-small/movies.csv
ml-latest-small,6788,Angie (1994),Comedy|Drama|Romance,Comedy,"{""release_year"": 1994, ""primary_genre"": ""Comedy""}",ml-latest-small/movies.csv
ml-latest-small,6789,"Apartment, The (Appartement, L') (1996)",Drama|Mystery|Romance,Drama,"{""release_year"": 1996, ""primary_genre"": ""Drama""}",ml-latest-small/movies.csv
ml-latest-small,6790,Avalon (2001),Drama|Fantasy|Sci-Fi,Drama,"{""release_year"": 2001, ""primary_genre"": ""Drama""}",ml-latest-small/movies.csv
ml-latest-small,6791,Babette's Feast (Babettes gæstebud) (1987),Drama,Drama,"{""release_year"": 1987, ""primary_genre"": ""Drama""}",ml-latest-small/movies.csv
ml-latest-small,6793,Beethoven (1992),Children|Comedy|Drama,Children,"{""release_year"": 1992, ""primary_genre"": ""Children""}",ml-latest-small/movies.csv
ml-latest-small,6794,Beethoven's 2nd (1993),Children|Comedy,Children,"{""release_year"": 1993, ""primary_genre"": ""Children""}",ml-latest-small/movies.csv
ml-latest-small,6796,Boyz N the Hood (1991),Crime|Drama,Crime,"{""release_year"": 1991, ""primary_genre"": ""Crime""}",ml-latest-small/movies.csv
ml-latest-small,6797,Bugsy (1991),Crime|Drama,Crime,"{""release_year"": 1991, ""primary_genre"": ""Crime""}",ml-latest-small/movies.csv
ml-latest-small,6798,Bugsy Malone (1976),Children|Comedy|Crime|Musical,Children,"{""release_year"": 1976, ""primary_genre"": ""Children""}",ml-latest-small/movies.csv
ml-latest-small,6800,Cobra (1986),Action|Crime,Action,"{""release_year"": 1986, ""primary_genre"": ""Action""}",ml-latest-small/movies.csv
ml-latest-small,6803,Phenomena (a.k.a. Creepers) (1985),Horror|Mystery|Thriller,Horror,"{""release_year"": 1985, ""primary_genre"": ""Horror""}",ml-latest-small/movies.csv
ml-latest-small,6804,Crimewave (1985),Comedy|Crime,Comedy,"{""release_year"": 1985, ""primary_genre"": ""Comedy""}",ml-latest-small/movies.csv
ml-latest-small,6807,Monty Python's The Meaning of Life (1983),Comedy,Comedy,"{""release_year"": 1983, ""primary_genre"": ""Comedy""}",ml-latest-small/movies.csv
ml-latest-small,6808,Where Eagles Dare (1968),Action|Adventure|War,Action,"{""release_year"": 1968, ""primary_genre"": ""Action""}",ml-latest-small/movies.csv
ml-latest-small,6809,Tightrope (1984),Thriller,Thriller,"{""release_year"": 1984, ""primary_genre"": ""Thriller""}",ml-latest-small/movies.csv
ml-latest-small,6810,Sleeping with the Enemy (1991),Drama|Thriller,Drama,"{""release_year"": 1991, ""primary_genre"": ""Drama""}",ml-latest-small/movies.csv
ml-latest-small,6811,PCU (1994),Comedy,Comedy,"{""release_year"": 1994, ""primary_genre"": ""Comedy""}",ml-latest-small/movies.csv
ml-latest-small,6812,"Rookie, The (1990)",Action|Comedy|Thriller,Action,"{""release_year"": 1990, ""primary_genre"": ""Action""}",ml-latest-small/movies.csv
ml-latest-small,6814,City Heat (1984),Action|Comedy,Action,"{""release_year"": 1984, ""primary_genre"": ""Action""}",ml-latest-small/movies.csv
ml-latest-small,6816,Three O'Clock High (1987),Comedy,Comedy,"{""release_year"": 1987, ""primary_genre"": ""Comedy""}",ml-latest-small/movies.csv
ml-latest-small,6817,"White Hunter, Black Heart (1990)",Adventure|Drama,Adventure,"{""release_year"": 1990, ""primary_genre"": ""Adventure""}",ml-latest-small/movies.csv
ml-latest-small,6818,Come and See (Idi i smotri) (1985),Drama|War,Drama,"{""release_year"": 1985, ""primary_genre"": ""Drama""}",ml-latest-small/movies.csv
ml-latest-small,6820,Ginger Snaps (2000),Drama|Horror|Thriller,Drama,"{""release_year"": 2000, ""primary_genre"": ""Drama""}",ml-latest-small/movies.csv
ml-latest-small,6821,More American Graffiti (1979),Comedy,Comedy,"{""release_year"": 1979, ""primary_genre"": ""Comedy""}",ml-latest-small/movies.csv
ml-latest-small,6827,It's Pat (1994),Comedy,Comedy,"{""release_year"": 1994, ""primary_genre"": ""Comedy""}",ml-latest-small/movies.csv
ml-latest-small,6832,Regarding Henry (1991),Drama,Drama,"{""release_year"": 1991, ""primary_genre"": ""Drama""}",ml-latest-small/movies.csv
ml-latest-small,6835,Alien Contamination (1980),Action|Horror|Sci-Fi,Action,"{""release_year"": 1980, ""primary_genre"": ""Action""}",ml-latest-small/movies.csv
ml-latest-small,6836,"Amazing Transparent Man, The (1960)",Sci-Fi,Sci-Fi,"{""release_year"": 1960, ""primary_genre"": ""Sci-Fi""}",ml-latest-small/movies.csv
ml-latest-small,6837,Love Affair (1939),Comedy|Drama|Romance,Comedy,"{""release_year"": 1939, ""primary_genre"": ""Comedy""}",ml-latest-small/movies.csv
ml-latest-small,6849,Scrooge (1970),Drama|Fantasy|Musical,Drama,"{""release_year"": 1970, ""primary_genre"": ""Drama""}",ml-latest-small/movies.csv
ml-latest-small,6850,Leap of Faith (1992),Comedy|Drama,Comedy,"{""release_year"": 1992, ""primary_genre"": ""Comedy""}",ml-latest-small/movies.csv
ml-latest-small,6851,"Gas, Food, Lodging (1992)",Drama|Romance,Drama,"{""release_year"": 1992, ""primary_genre"": ""Drama""}",ml-latest-small/movies.csv
ml-latest-small,6852,In Cold Blood (1967),Crime|Drama,Crime,"{""release_year"": 1967, ""primary_genre"": ""Crime""}",ml-latest-small/movies.csv
ml-latest-small,6853,Campus Man (1987),Comedy,Comedy,"{""release_year"": 1987, ""primary_genre"": ""Comedy""}",ml-latest-small/movies.csv
ml-latest-small,6856,Yankee Doodle Dandy (1942),Drama|Musical,Drama,"{""release_year"": 1942, ""primary_genre"": ""Drama""}",ml-latest-small/movies.csv
ml-latest-small,6857,Ninja Scroll (Jûbei ninpûchô) (1995),Action|Adventure|Animation|Fantasy,Action,"{""release_year"": 1995, ""primary_genre"": ""Action""}",ml-latest-small/movies.csv
ml-latest-small,6858,Knife in the Water (Nóz w wodzie) (1962),Drama,Drama,"{""release_year"": 1962, ""primary_genre"": ""Drama""}",ml-latest-small/movies.csv
ml-latest-small,6860,Mobsters (1991),Crime|Drama,Crime,"{""release_year"": 1991, ""primary_genre"": ""Crime""}",ml-latest-small/movies.csv
ml-latest-small,6862,Out of Time (2003),Crime|Drama|Thriller,Crime,"{""release_year"": 2003, ""primary_genre"": ""Crime""}",ml-latest-small/movies.csv
ml-latest-small,6863,School of Rock (2003),Comedy|Musical,Comedy,"{""release_year"": 2003, ""primary_genre"": ""Comedy""}",ml-latest-small/movies.csv
ml-latest-small,6867,"Station Agent, The (2003)",Comedy|Drama,Comedy,"{""release_year"": 2003, ""primary_genre"": ""Comedy""}",ml-latest-small/movies.csv
ml-latest-small,6868,Wonderland (2003),Crime|Drama|Mystery|Thriller,Crime,"{""release_year"": 2003, ""primary_genre"": ""Crime""}",ml-latest-small/movies.csv
ml-latest-small,6869,Bus 174 (Ônibus 174) (2002),Crime|Documentary,Crime,"{""release_year"": 2002, ""primary_genre"": ""Crime""}",ml-latest-small/movies.csv
ml-latest-small,6870,Mystic River (2003),Crime|Drama|Mystery,Crime,"{""release_year"": 2003, ""primary_genre"": ""Crime""}",ml-latest-small/movies.csv
ml-latest-small,6872,"House of the Dead, The (2003)",Action|Horror,Action,"{""release_year"": 2003, ""primary_genre"": ""Action""}",ml-latest-small/movies.csv
ml-latest-small,6873,Intolerable Cruelty (2003),Comedy|Romance,Comedy,"{""release_year"": 2003, ""primary_genre"": ""Comedy""}",ml-latest-small/movies.csv
ml-latest-small,6874,Kill Bill: Vol. 1 (2003),Action|Crime|Thriller,Action,"{""release_year"": 2003, ""primary_genre"": ""Action""}",ml-latest-small/movies.csv
ml-latest-small,6879,Runaway Jury (2003),Drama|Thriller,Drama,"{""release_year"": 2003, ""primary_genre"": ""Drama""}",ml-latest-small/movies.csv
ml-latest-small,6880,"Texas Chainsaw Massacre, The (2003)",Horror,Horror,"{""release_year"": 2003, ""primary_genre"": ""Horror""}",ml-latest-small/movies.csv
ml-latest-small,6881,Pieces of April (2003),Comedy|Drama,Comedy,"{""release_year"": 2003, ""primary_genre"": ""Comedy""}",ml-latest-small/movies.csv
ml-latest-small,6882,Returner (Ritaanaa) (2002),Action|Adventure|Sci-Fi,Action,"{""release_year"": 2002, ""primary_genre"": ""Action""}",ml-latest-small/movies.csv
ml-latest-small,6883,Sylvia (2003),Drama|Romance,Drama,"{""release_year"": 2003, ""primary_genre"": ""Drama""}",ml-latest-small/movies.csv
ml-latest-small,6884,Veronica Guerin (2003),Crime|Drama|Thriller,Crime,"{""release_year"": 2003, ""primary_genre"": ""Crime""}",ml-latest-small/movies.csv
ml-latest-small,6885,In the Cut (2003),Crime|Drama|Mystery|Romance|Thriller,Crime,"{""release_year"": 2003, ""primary_genre"": ""Crime""}",ml-latest-small/movies.csv
ml-latest-small,6886,Beyond Borders (2003),Drama|Romance|War,Drama,"{""release_year"": 2003, ""primary_genre"": ""Drama""}",ml-latest-small/movies.csv
ml-latest-small,6887,Radio (2003),Drama,Drama,"{""release_year"": 2003, ""primary_genre"": ""Drama""}",ml-latest-small/movies.csv
ml-latest-small,6888,Scary Movie 3 (2003),Comedy|Horror,Comedy,"{""release_year"": 2003, ""primary_genre"": ""Comedy""}",ml-latest-small/movies.csv
ml-latest-small,6889,Brother Bear (2003),Adventure|Animation|Children,Adventure,"{""release_year"": 2003, ""primary_genre"": ""Adventure""}",ml-latest-small/movies.csv
ml-latest-small,6890,Elephant (2003),Drama,Drama,"{""release_year"": 2003, ""primary_genre"": ""Drama""}",ml-latest-small/movies.csv
ml-latest-small,6893,"Italian Job, The (1969)",Action|Comedy|Crime,Action,"{""release_year"": 1969, ""primary_genre"": ""Action""}",ml-latest-small/movies.csv
ml-latest-small,6898,Sweet Sixteen (2002),Drama,Drama,"{""release_year"": 2002, ""primary_genre"": ""Drama""}",ml-latest-small/movies.csv
ml-latest-small,6899,Alien from L.A. (1988),Sci-Fi,Sci-Fi,"{""release_year"": 1988, ""primary_genre"": ""Sci-Fi""}",ml-latest-small/movies.csv
ml-latest-small,6902,Interstate 60 (2002),Adventure|Comedy|Drama|Fantasy|Mystery|Sci-Fi|Thriller,Adventure,"{""release_year"": 2002, ""primary_genre"": ""Adventure""}",ml-latest-small/movies.csv
ml-latest-small,6909,"Eye, The (Gin gwai) (Jian gui) (2002)",Thriller,Thriller,"{""release_year"": 2002, ""primary_genre"": ""Thriller""}",ml-latest-small/movies.csv
ml-latest-small,6911,"Jolson Story, The (1946)",Musical,Musical,"{""release_year"": 1946, ""primary_genre"": ""Musical""}",ml-latest-small/movies.csv
ml-latest-small,6912,You'll Never Get Rich (1941),Comedy|Musical|Romance,Comedy,"{""release_year"": 1941, ""primary_genre"": ""Comedy""}",ml-latest-small/movies.csv
ml-latest-small,6918,"Unvanquished, The (Aparajito) (1957)",Drama,Drama,"{""release_year"": 1957, ""primary_genre"": ""Drama""}",ml-latest-small/movies.csv
ml-latest-small,6920,"Cercle Rouge, Le (Red Circle, The) (1970)",Crime|Thriller,Crime,"{""release_year"": 1970, ""primary_genre"": ""Crime""}",ml-latest-small/movies.csv
ml-latest-small,6927,"Human Stain, The (2003)",Drama|Romance|Thriller,Drama,"{""release_year"": 2003, ""primary_genre"": ""Drama""}",ml-latest-small/movies.csv
ml-latest-small,6932,Shattered Glass (2003),Crime|Drama,Crime,"{""release_year"": 2003, ""primary_genre"": ""Crime""}",ml-latest-small/movies.csv
ml-latest-small,6934,"Matrix Revolutions, The (2003)",Action|Adventure|Sci-Fi|Thriller|IMAX,Action,"{""release_year"": 2003, ""primary_genre"": ""Action""}",ml-latest-small/movies.csv
ml-latest-small,6935,"Revolution Will Not Be Televised, The (a.k.a. Chavez: Inside the Coup) (2003)",Documentary,Documentary,"{""release_year"": 2003, ""primary_genre"": ""Documentary""}",ml-latest-small/movies.csv
ml-latest-small,6936,Elf (2003),Children|Comedy|Fantasy,Children,"{""release_year"": 2003, ""primary_genre"": ""Children""}",ml-latest-small/movies.csv
ml-latest-small,6938,Billabong Odyssey (2003),Documentary,Documentary,"{""release_year"": 2003, ""primary_genre"": ""Documentary""}",ml-latest-small/movies.csv
ml-latest-small,6939,Gloomy Sunday (Ein Lied von Liebe und Tod) (1999),Drama|Romance,Drama,"{""release_year"": 1999, ""primary_genre"": ""Drama""}",ml-latest-small/movies.csv
ml-latest-small,6942,Love Actually (2003),Comedy|Drama|Romance,Comedy,"{""release_year"": 2003, ""primary_genre"": ""Comedy""}",ml-latest-small/movies.csv
ml-latest-small,6944,Father of the Bride (1991),Comedy,Comedy,"{""release_year"": 1991, ""primary_genre"": ""Comedy""}",ml-latest-small/movies.csv
ml-latest-small,6945,My Architect: A Son's Journey (2003),Documentary,Documentary,"{""release_year"": 2003, ""primary_genre"": ""Documentary""}",ml-latest-small/movies.csv
ml-latest-small,6946,Looney Tunes: Back in Action (2003),Action|Animation|Children|Fantasy,Action,"{""release_year"": 2003, ""primary_genre"": ""Action""}",ml-latest-small/movies.csv
ml-latest-small,6947,Master and Commander: The Far Side of the World (2003),Adventure|Drama|War,Adventure,"{""release_year"": 2003, ""primary_genre"": ""Adventure""}",ml-latest-small/movies.csv
ml-latest-small,6948,Tupac: Resurrection (2003),Documentary,Documentary,"{""release_year"": 2003, ""primary_genre"": ""Documentary""}",ml-latest-small/movies.csv
ml-latest-small,6949,"Big Empty, The (2003)",Comedy|Mystery|Sci-Fi,Comedy,"{""release_year"": 2003, ""primary_genre"": ""Comedy""}",ml-latest-small/movies.csv
ml-latest-small,6950,"Missing, The (2003)",Adventure|Thriller|Western,Adventure,"{""release_year"": 2003, ""primary_genre"": ""Adventure""}",ml-latest-small/movies.csv
ml-latest-small,6951,"Cat in the Hat, The (2003)",Children|Comedy,Children,"{""release_year"": 2003, ""primary_genre"": ""Children""}",ml-latest-small/movies.csv
ml-latest-small,6952,Gothika (2003),Horror|Thriller,Horror,"{""release_year"": 2003, ""primary_genre"": ""Horror""}",ml-latest-small/movies.csv
ml-latest-small,6953,21 Grams (2003),Crime|Drama|Mystery|Romance|Thriller,Crime,"{""release_year"": 2003, ""primary_genre"": ""Crime""}",ml-latest-small/movies.csv
ml-latest-small,6954,"Barbarian Invasions, The (Les invasions barbares) (2003)",Comedy|Crime|Drama|Mystery|Romance,Comedy,"{""release_year"": 2003, ""primary_genre"": ""Comedy""}",ml-latest-small/movies.csv
ml-latest-small,6957,Bad Santa (2003),Comedy|Crime,Comedy,"{""release_year"": 2003, ""primary_genre"": ""Comedy""}",ml-latest-small/movies.csv
ml-latest-small,6958,"Haunted Mansion, The (2003)",Children|Comedy|Fantasy|Horror,Children,"{""release_year"": 2003, ""primary_genre"": ""Children""}",ml-latest-small/movies.csv
ml-latest-small,6959,Timeline (2003),Action|Adventure|Sci-Fi,Action,"{""release_year"": 2003, ""primary_genre"": ""Action""}",ml-latest-small/movies.csv
ml-latest-small,6961,Damage (Fatale) (1992),Drama,Drama,"{""release_year"": 1992, ""primary_genre"": ""Drama""}",ml-latest-small/movies.csv
ml-latest-small,6962,OT: Our Town (2002),Documentary,Documentary,"{""release_year"": 2002, ""primary_genre"": ""Documentary""}",ml-latest-small/movies.csv
ml-latest-small,6963,Devil's Playground (2002),Documentary,Documentary,"{""release_year"": 2002, ""primary_genre"": ""Documentary""}",ml-latest-small/movies.csv
ml-latest-small,6965,Journeys with George (2002),Documentary,Documentary,"{""release_year"": 2002, ""primary_genre"": ""Documentary""}",ml-latest-small/movies.csv
ml-latest-small,6966,Darkman (1990),Action|Crime|Fantasy|Sci-Fi|Thriller,Action,"{""release_year"": 1990, ""primary_genre"": ""Action""}",ml-latest-small/movies.csv
ml-latest-small,6967,Dead of Night (1945),Horror|Mystery,Horror,"{""release_year"": 1945, ""primary_genre"": ""Horror""}",ml-latest-small/movies.csv
ml-latest-small,6969,"Dernier Combat, Le (Last Battle, The) (1983)",Drama|Sci-Fi,Drama,"{""release_year"": 1983, ""primary_genre"": ""Drama""}",ml-latest-small/movies.csv
ml-latest-small,6970,Desk Set (1957),Comedy|Romance,Comedy,"{""release_year"": 1957, ""primary_genre"": ""Comedy""}",ml-latest-small/movies.csv
ml-latest-small,6971,Europa (Zentropa) (1991),Drama|Thriller,Drama,"{""release_year"": 1991, ""primary_genre"": ""Drama""}",ml-latest-small/movies.csv
ml-latest-small,6973,Final Analysis (1992),Drama|Romance|Thriller,Drama,"{""release_year"": 1992, ""primary_genre"": ""Drama""}",ml-latest-small/movies.csv
ml-latest-small,6974,"Freshman, The (1990)",Comedy|Crime,Comedy,"{""release_year"": 1990, ""primary_genre"": ""Comedy""}",ml-latest-small/movies.csv
ml-latest-small,6975,Funny Games (1997),Drama|Horror|Thriller,Drama,"{""release_year"": 1997, ""primary_genre"": ""Drama""}",ml-latest-small/movies.csv
ml-latest-small,6978,Slacker (1991),Comedy|Drama,Comedy,"{""release_year"": 1991, ""primary_genre"": ""Comedy""}",ml-latest-small/movies.csv
ml-latest-small,6979,WarGames (1983),Drama|Sci-Fi|Thriller,Drama,"{""release_year"": 1983, ""primary_genre"": ""Drama""}",ml-latest-small/movies.csv
ml-latest-small,6981,"Ordet (Word, The) (1955)",Drama,Drama,"{""release_year"": 1955, ""primary_genre"": ""Drama""}",ml-latest-small/movies.csv
ml-latest-small,6982,Forbidden Games (Jeux interdits) (1952),Drama|War,Drama,"{""release_year"": 1952, ""primary_genre"": ""Drama""}",ml-latest-small/movies.csv
ml-latest-small,6983,Jane Eyre (1944),Drama|Romance,Drama,"{""release_year"": 1944, ""primary_genre"": ""Drama""}",ml-latest-small/movies.csv
ml-latest-small,6984,"Tale of Two Cities, A (1935)",Drama,Drama,"{""release_year"": 1935, ""primary_genre"": ""Drama""}",ml-latest-small/movies.csv
ml-latest-small,6985,"Passion of Joan of Arc, The (Passion de Jeanne d'Arc, La) (1928)",Drama,Drama,"{""release_year"": 1928, ""primary_genre"": ""Drama""}",ml-latest-small/movies.csv
ml-latest-small,6986,Ben-Hur: A Tale of the Christ (1925),Adventure|Drama|Romance,Adventure,"{""release_year"": 1925, ""primary_genre"": ""Adventure""}",ml-latest-small/movies.csv
ml-latest-small,6987,"Cabinet of Dr. Caligari, The (Cabinet des Dr. Caligari., Das) (1920)",Crime|Fantasy|Horror,Crime,"{""release_year"": 1920, ""primary_genre"": ""Crime""}",ml-latest-small/movies.csv
ml-latest-small,6989,Gorky Park (1983),Crime|Drama|Thriller,Crime,"{""release_year"": 1983, ""primary_genre"": ""Crime""}",ml-latest-small/movies.csv
ml-latest-small,6990,The Great Train Robbery (1978),Action|Adventure|Comedy|Crime|Drama,Action,"{""release_year"": 1978, ""primary_genre"": ""Action""}",ml-latest-small/movies.csv
ml-latest-small,6992,Guarding Tess (1994),Comedy|Drama,Comedy,"{""release_year"": 1994, ""primary_genre"": ""Comedy""}",ml-latest-small/movies.csv
ml-latest-small,6993,Hannah and Her Sisters (1986),Comedy|Drama|Romance,Comedy,"{""release_year"": 1986, ""primary_genre"": ""Comedy""}",ml-latest-small/movies.csv
ml-latest-small,6994,"Hard Way, The (1991)",Action|Comedy,Action,"{""release_year"": 1991, ""primary_genre"": ""Action""}",ml-latest-small/movies.csv
ml-latest-small,6996,Highlander II: The Quickening (1991),Action|Sci-Fi,Action,"{""release_year"": 1991, ""primary_genre"": ""Action""}",ml-latest-small/movies.csv
ml-latest-small,6997,Hoffa (1992),Crime|Drama,Crime,"{""release_year"": 1992, ""primary_genre"": ""Crime""}",ml-latest-small/movies.csv
ml-latest-small,6998,House of Cards (1993),Drama,Drama,"{""release_year"": 1993, ""primary_genre"": ""Drama""}",ml-latest-small/movies.csv
ml-latest-small,6999,Housesitter (1992),Comedy|Romance,Comedy,"{""release_year"": 1992, ""primary_genre"": ""Comedy""}",ml-latest-small/movies.csv
ml-latest-small,7000,Hudson Hawk (1991),Action|Adventure|Comedy,Action,"{""release_year"": 1991, ""primary_genre"": ""Action""}",ml-latest-small/movies.csv
ml-latest-small,7001,Invasion of the Body Snatchers (1978),Horror|Mystery|Sci-Fi|Thriller,Horror,"{""release_year"": 1978, ""primary_genre"": ""Horror""}",ml-latest-small/movies.csv
ml-latest-small,7004,Kindergarten Cop (1990),Action|Comedy|Crime|Thriller,Action,"{""release_year"": 1990, ""primary_genre"": ""Action""}",ml-latest-small/movies.csv
ml-latest-small,7005,King Ralph (1991),Comedy,Comedy,"{""release_year"": 1991, ""primary_genre"": ""Comedy""}",ml-latest-small/movies.csv
ml-latest-small,7007,"Last Boy Scout, The (1991)",Action|Comedy|Crime|Drama|Thriller,Action,"{""release_year"": 1991, ""primary_genre"": ""Action""}",ml-latest-small/movies.csv
ml-latest-small,7008,Last Tango in Paris (Ultimo tango a Parigi) (1972),Drama|Romance,Drama,"{""release_year"": 1972, ""primary_genre"": ""Drama""}",ml-latest-small/movies.csv
ml-latest-small,7009,Lorenzo's Oil (1992),Drama,Drama,"{""release_year"": 1992, ""primary_genre"": ""Drama""}",ml-latest-small/movies.csv
ml-latest-small,7010,"Lover, The (Amant, L') (1992)",Drama|Romance,Drama,"{""release_year"": 1992, ""primary_genre"": ""Drama""}",ml-latest-small/movies.csv
ml-latest-small,7012,Mr. Destiny (1990),Comedy|Fantasy,Comedy,"{""release_year"": 1990, ""primary_genre"": ""Comedy""}",ml-latest-small/movies.csv
ml-latest-small,7013,"Night of the Hunter, The (1955)",Drama|Film-Noir|Thriller,Drama,"{""release_year"": 1955, ""primary_genre"": ""Drama""}",ml-latest-small/movies.csv
ml-latest-small,7015,Only the Lonely (1991),Comedy|Romance,Comedy,"{""release_year"": 1991, ""primary_genre"": ""Comedy""}",ml-latest-small/movies.csv
ml-latest-small,7016,Over the Top (1987),Action|Drama,Action,"{""release_year"": 1987, ""primary_genre"": ""Action""}",ml-latest-small/movies.csv
ml-latest-small,7017,Passenger 57 (1992),Action|Thriller,Action,"{""release_year"": 1992, ""primary_genre"": ""Action""}",ml-latest-small/movies.csv
ml-latest-small,7018,Presumed Innocent (1990),Crime|Drama|Thriller,Crime,"{""release_year"": 1990, ""primary_genre"": ""Crime""}",ml-latest-small/movies.csv
ml-latest-small,7019,Project X (1987),Comedy|Drama,Comedy,"{""release_year"": 1987, ""primary_genre"": ""Comedy""}",ml-latest-small/movies.csv
ml-latest-small,7020,Proof (1991),Comedy|Drama|Romance,Comedy,"{""release_year"": 1991, ""primary_genre"": ""Comedy""}",ml-latest-small/movies.csv
ml-latest-small,7022,Battle Royale (Batoru rowaiaru) (2000),Action|Drama|Horror|Thriller,Action,"{""release_year"": 2000, ""primary_genre"": ""Action""}",ml-latest-small/movies.csv
ml-latest-small,7023,"Wedding Banquet, The (Xi yan) (1993)",Comedy|Drama|Romance,Comedy,"{""release_year"": 1993, ""primary_genre"": ""Comedy""}",ml-latest-small/movies.csv
ml-latest-small,7024,"Salo, or The 120 Days of Sodom (Salò o le 120 giornate di Sodoma) (1976)",Drama,Drama,"{""release_year"": 1976, ""primary_genre"": ""Drama""}",ml-latest-small/movies.csv
ml-latest-small,7025,"Midnight Clear, A (1992)",Drama|War,Drama,"{""release_year"": 1992, ""primary_genre"": ""Drama""}",ml-latest-small/movies.csv
ml-latest-small,7026,Summer School (1987),Comedy,Comedy,"{""release_year"": 1987, ""primary_genre"": ""Comedy""}",ml-latest-small/movies.csv
ml-latest-small,7027,Silverado (1985),Action|Western,Action,"{""release_year"": 1985, ""primary_genre"": ""Action""}",ml-latest-small/movies.csv
ml-latest-small,7028,Quick Change (1990),Comedy|Crime,Comedy,"{""release_year"": 1990, ""primary_genre"": ""Comedy""}",ml-latest-small/movies.csv
ml-latest-small,7030,Radio Flyer (1992),Drama,Drama,"{""release_year"": 1992, ""primary_genre"": ""Drama""}",ml-latest-small/movies.csv
ml-latest-small,7031,"Real McCoy, The (1993)",Action|Crime|Drama|Thriller,Action,"{""release_year"": 1993, ""primary_genre"": ""Action""}",ml-latest-small/movies.csv
ml-latest-small,7032,Revenge (1990),Drama|Romance|Thriller,Drama,"{""release_year"": 1990, ""primary_genre"": ""Drama""}",ml-latest-small/movies.csv
ml-latest-small,7033,"Secret of My Succe$s, The (a.k.a. The Secret of My Success) (1987)",Comedy|Romance,Comedy,"{""release_year"": 1987, ""primary_genre"": ""Comedy""}",ml-latest-small/movies.csv
ml-latest-small,7034,Show Me Love (Fucking Åmål) (1998),Drama|Romance,Drama,"{""release_year"": 1998, ""primary_genre"": ""Drama""}",ml-latest-small/movies.csv
ml-latest-small,7036,Teen Wolf (1985),Comedy|Fantasy,Comedy,"{""release_year"": 1985, ""primary_genre"": ""Comedy""}",ml-latest-small/movies.csv
ml-latest-small,7037,High Heels (Tacones lejanos) (1991),Comedy|Drama,Comedy,"{""release_year"": 1991, ""primary_genre"": ""Comedy""}",ml-latest-small/movies.csv
ml-latest-small,7038,Things You Can Tell Just by Looking at Her (2000),Drama|Romance,Drama,"{""release_year"": 2000, ""primary_genre"": ""Drama""}",ml-latest-small/movies.csv
ml-latest-small,7040,To Live and Die in L.A. (1985),Action|Crime|Drama|Thriller,Action,"{""release_year"": 1985, ""primary_genre"": ""Action""}",ml-latest-small/movies.csv
ml-latest-small,7041,Trapped in Paradise (1994),Comedy|Crime,Comedy,"{""release_year"": 1994, ""primary_genre"": ""Comedy""}",ml-latest-small/movies.csv
ml-latest-small,7044,Wild at Heart (1990),Crime|Drama|Mystery|Romance|Thriller,Crime,"{""release_year"": 1990, ""primary_genre"": ""Crime""}",ml-latest-small/movies.csv
ml-latest-small,7045,"Witches, The (1990)",Children|Fantasy,Children,"{""release_year"": 1990, ""primary_genre"": ""Children""}",ml-latest-small/movies.csv
ml-latest-small,7046,"Witches of Eastwick, The (1987)",Comedy|Fantasy|Horror|Thriller,Comedy,"{""release_year"": 1987, ""primary_genre"": ""Comedy""}",ml-latest-small/movies.csv
ml-latest-small,7047,Year of the Dragon (1985),Action|Crime|Drama,Action,"{""release_year"": 1985, ""primary_genre"": ""Action""}",ml-latest-small/movies.csv
ml-latest-small,7048,Nothing to Lose (1997),Action|Adventure|Comedy|Crime,Action,"{""release_year"": 1997, ""primary_genre"": ""Action""}",ml-latest-small/movies.csv
ml-latest-small,7049,Flying Down to Rio (1933),Comedy|Musical|Romance,Comedy,"{""release_year"": 1933, ""primary_genre"": ""Comedy""}",ml-latest-small/movies.csv
ml-latest-small,7050,Follow the Fleet (1936),Comedy|Musical|Romance,Comedy,"{""release_year"": 1936, ""primary_genre"": ""Comedy""}",ml-latest-small/movies.csv
ml-latest-small,7051,"What's New, Pussycat (1965)",Comedy,Comedy,"{""release_year"": 1965, ""primary_genre"": ""Comedy""}",ml-latest-small/movies.csv
ml-latest-small,7052,Mary of Scotland (1936),Drama,Drama,"{""release_year"": 1936, ""primary_genre"": ""Drama""}",ml-latest-small/movies.csv
ml-latest-small,7053,Roberta (1935),Comedy|Musical|Romance,Comedy,"{""release_year"": 1935, ""primary_genre"": ""Comedy""}",ml-latest-small/movies.csv
ml-latest-small,7054,Little Women (1949),Drama,Drama,"{""release_year"": 1949, ""primary_genre"": ""Drama""}",ml-latest-small/movies.csv
ml-latest-small,7055,Swing Time (1936),Comedy|Musical|Romance,Comedy,"{""release_year"": 1936, ""primary_genre"": ""Comedy""}",ml-latest-small/movies.csv
ml-latest-small,7056,"Public Enemy, The (1931)",Action|Crime|Drama,Action,"{""release_year"": 1931, ""primary_genre"": ""Action""}",ml-latest-small/movies.csv
ml-latest-small,7057,"Midsummer Night's Dream, A (1935)",Comedy|Fantasy|Romance,Comedy,"{""release_year"": 1935, ""primary_genre"": ""Comedy""}",ml-latest-small/movies.csv
ml-latest-small,7058,Life with Father (1947),Comedy,Comedy,"{""release_year"": 1947, ""primary_genre"": ""Comedy""}",ml-latest-small/movies.csv
ml-latest-small,7059,National Velvet (1944),Children|Drama,Children,"{""release_year"": 1944, ""primary_genre"": ""Children""}",ml-latest-small/movies.csv
ml-latest-small,7060,Jesus Christ Superstar (1973),Drama|Musical,Drama,"{""release_year"": 1973, ""primary_genre"": ""Drama""}",ml-latest-small/movies.csv
ml-latest-small,7061,Dark Victory (1939),Drama|Romance,Drama,"{""release_year"": 1939, ""primary_genre"": ""Drama""}",ml-latest-small/movies.csv
ml-latest-small,7062,Birdman of Alcatraz (1962),Drama,Drama,"{""release_year"": 1962, ""primary_genre"": ""Drama""}",ml-latest-small/movies.csv
ml-latest-small,7063,"Aguirre: The Wrath of God (Aguirre, der Zorn Gottes) (1972)",Adventure|Drama,Adventure,"{""release_year"": 1972, ""primary_genre"": ""Adventure""}",ml-latest-small/movies.csv
ml-latest-small,7064,Beauty and the Beast (La belle et la bête) (1946),Drama|Fantasy,Drama,"{""release_year"": 1946, ""primary_genre"": ""Drama""}",ml-latest-small/movies.csv
ml-latest-small,7065,"Birth of a Nation, The (1915)",Drama|War,Drama,"{""release_year"": 1915, ""primary_genre"": ""Drama""}",ml-latest-small/movies.csv
ml-latest-small,7067,Juliet of the Spirits (Giulietta degli spiriti) (1965),Comedy|Drama|Fantasy|Romance,Comedy,"{""release_year"": 1965, ""primary_genre"": ""Comedy""}",ml-latest-small/movies.csv
ml-latest-small,7069,"Macbeth (a.k.a. Tragedy of Macbeth, The) (1971)",Drama,Drama,"{""release_year"": 1971, ""primary_genre"": ""Drama""}",ml-latest-small/movies.csv
ml-latest-small,7070,Red River (1948),Action|Adventure|Western,Action,"{""release_year"": 1948, ""primary_genre"": ""Action""}",ml-latest-small/movies.csv
ml-latest-small,7071,"Woman Under the Influence, A (1974)",Drama,Drama,"{""release_year"": 1974, ""primary_genre"": ""Drama""}",ml-latest-small/movies.csv
ml-latest-small,7072,Stagecoach (1939),Action|Drama|Romance|Western,Action,"{""release_year"": 1939, ""primary_genre"": ""Action""}",ml-latest-small/movies.csv
ml-latest-small,7073,"Shot in the Dark, A (1964)",Comedy|Crime|Mystery,Comedy,"{""release_year"": 1964, ""primary_genre"": ""Comedy""}",ml-latest-small/movies.csv
ml-latest-small,7074,"Navigator, The (1924)",Comedy,Comedy,"{""release_year"": 1924, ""primary_genre"": ""Comedy""}",ml-latest-small/movies.csv
ml-latest-small,7075,"Court Jester, The (1956)",Adventure|Comedy|Musical,Adventure,"{""release_year"": 1956, ""primary_genre"": ""Adventure""}",ml-latest-small/movies.csv
ml-latest-small,7076,Bullitt (1968),Action|Crime|Drama|Thriller,Action,"{""release_year"": 1968, ""primary_genre"": ""Action""}",ml-latest-small/movies.csv
ml-latest-small,7078,Jezebel (1938),Drama,Drama,"{""release_year"": 1938, ""primary_genre"": ""Drama""}",ml-latest-small/movies.csv
ml-latest-small,7079,"Hunchback of Notre Dame, The (1939)",Drama,Drama,"{""release_year"": 1939, ""primary_genre"": ""Drama""}",ml-latest-small/movies.csv
ml-latest-small,7080,42nd Street (1933),Drama|Musical|Romance,Drama,"{""release_year"": 1933, ""primary_genre"": ""Drama""}",ml-latest-small/movies.csv
ml-latest-small,7082,That Touch of Mink (1962),Comedy|Romance,Comedy,"{""release_year"": 1962, ""primary_genre"": ""Comedy""}",ml-latest-small/movies.csv
ml-latest-small,7083,Sweet Dreams (1985),Drama,Drama,"{""release_year"": 1985, ""primary_genre"": ""Drama""}",ml-latest-small/movies.csv
ml-latest-small,7084,"Play It Again, Sam (1972)",Comedy|Romance,Comedy,"{""release_year"": 1972, ""primary_genre"": ""Comedy""}",ml-latest-small/movies.csv
ml-latest-small,7085,Send Me No Flowers (1964),Comedy|Romance,Comedy,"{""release_year"": 1964, ""primary_genre"": ""Comedy""}",ml-latest-small/movies.csv
ml-latest-small,7086,Pygmalion (1938),Comedy|Drama,Comedy,"{""release_year"": 1938, ""primary_genre"": ""Comedy""}",ml-latest-small/movies.csv
ml-latest-small,7087,"Passage to India, A (1984)",Adventure|Drama,Adventure,"{""release_year"": 1984, ""primary_genre"": ""Adventure""}",ml-latest-small/movies.csv
ml-latest-small,7088,Black Orpheus (Orfeu Negro) (1959),Drama|Romance,Drama,"{""release_year"": 1959, ""primary_genre"": ""Drama""}",ml-latest-small/movies.csv
ml-latest-small,7089,Amarcord (1973),Comedy|Drama,Comedy,"{""release_year"": 1973, ""primary_genre"": ""Comedy""}",ml-latest-small/movies.csv
ml-latest-small,7090,Hero (Ying xiong) (2002),Action|Adventure|Drama,Action,"{""release_year"": 2002, ""primary_genre"": ""Action""}",ml-latest-small/movies.csv
ml-latest-small,7091,Horse Feathers (1932),Comedy,Comedy,"{""release_year"": 1932, ""primary_genre"": ""Comedy""}",ml-latest-small/movies.csv
ml-latest-small,7092,Anna Karenina (1935),Drama|Romance,Drama,"{""release_year"": 1935, ""primary_genre"": ""Drama""}",ml-latest-small/movies.csv
ml-latest-small,7093,"Front Page, The (1974)",Comedy,Comedy,"{""release_year"": 1974, ""primary_genre"": ""Comedy""}",ml-latest-small/movies.csv
ml-latest-small,7096,Rivers and Tides (2001),Documentary,Documentary,"{""release_year"": 2001, ""primary_genre"": ""Documentary""}",ml-latest-small/movies.csv
ml-latest-small,7099,Nausicaä of the Valley of the Wind (Kaze no tani no Naushika) (1984),Adventure|Animation|Drama|Fantasy|Sci-Fi,Adventure,"{""release_year"": 1984, ""primary_genre"": ""Adventure""}",ml-latest-small/movies.csv
ml-latest-small,7101,Doc Hollywood (1991),Comedy|Romance,Comedy,"{""release_year"": 1991, ""primary_genre"": ""Comedy""}",ml-latest-small/movies.csv
ml-latest-small,7102,Dragnet (1987),Comedy|Crime|Drama,Comedy,"{""release_year"": 1987, ""primary_genre"": ""Comedy""}",ml-latest-small/movies.csv
ml-latest-small,7103,Madhouse (1990),Comedy,Comedy,"{""release_year"": 1990, ""primary_genre"": ""Comedy""}",ml-latest-small/movies.csv
ml-latest-small,7104,1941 (1979),Comedy|War,Comedy,"{""release_year"": 1979, ""primary_genre"": ""Comedy""}",ml-latest-small/movies.csv
ml-latest-small,7107,Foul Play (1978),Comedy|Thriller,Comedy,"{""release_year"": 1978, ""primary_genre"": ""Comedy""}",ml-latest-small/movies.csv
ml-latest-small,7108,Crime Story (Zhong an zu) (1993),Action|Crime|Drama,Action,"{""release_year"": 1993, ""primary_genre"": ""Action""}",ml-latest-small/movies.csv
ml-latest-small,7109,Beyond the Clouds (Al di là delle nuvole) (1996),Drama|Romance,Drama,"{""release_year"": 1996, ""primary_genre"": ""Drama""}",ml-latest-small/movies.csv
ml-latest-small,7114,"Collector, The (1965)",Drama|Horror|Thriller,Drama,"{""release_year"": 1965, ""primary_genre"": ""Drama""}",ml-latest-small/movies.csv
ml-latest-small,7115,Deep Red (Profondo rosso) (1975),Horror|Mystery|Thriller,Horror,"{""release_year"": 1975, ""primary_genre"": ""Horror""}",ml-latest-small/movies.csv
ml-latest-small,7116,Diabolique (Les diaboliques) (1955),Horror|Mystery|Thriller,Horror,"{""release_year"": 1955, ""primary_genre"": ""Horror""}",ml-latest-small/movies.csv
ml-latest-small,7117,Leprechaun (1993),Comedy|Horror,Comedy,"{""release_year"": 1993, ""primary_genre"": ""Comedy""}",ml-latest-small/movies.csv
ml-latest-small,7118,Wings of Honneamise (Ôritsu uchûgun Oneamisu no tsubasa) (1987),Animation|Drama|Sci-Fi|War,Animation,"{""release_year"": 1987, ""primary_genre"": ""Animation""}",ml-latest-small/movies.csv
ml-latest-small,7121,Adam's Rib (1949),Comedy|Romance,Comedy,"{""release_year"": 1949, ""primary_genre"": ""Comedy""}",ml-latest-small/movies.csv
ml-latest-small,7122,King of Hearts (1966),Comedy|Drama|War,Comedy,"{""release_year"": 1966, ""primary_genre"": ""Comedy""}",ml-latest-small/movies.csv
ml-latest-small,7123,Naked Lunch (1991),Drama|Fantasy|Mystery|Sci-Fi,Drama,"{""release_year"": 1991, ""primary_genre"": ""Drama""}",ml-latest-small/movies.csv
ml-latest-small,7124,Grass (1999),Documentary,Documentary,"{""release_year"": 1999, ""primary_genre"": ""Documentary""}",ml-latest-small/movies.csv
ml-latest-small,7125,Spring Forward (1999),Drama,Drama,"{""release_year"": 1999, ""primary_genre"": ""Drama""}",ml-latest-small/movies.csv
ml-latest-small,7127,Run (1991),Action|Drama|Thriller,Action,"{""release_year"": 1991, ""primary_genre"": ""Action""}",ml-latest-small/movies.csv
ml-latest-small,7131,"Summer Place, A (1959)",Drama,Drama,"{""release_year"": 1959, ""primary_genre"": ""Drama""}",ml-latest-small/movies.csv
ml-latest-small,7132,"Night at the Opera, A (1935)",Comedy|Musical|Romance,Comedy,"{""release_year"": 1935, ""primary_genre"": ""Comedy""}",ml-latest-small/movies.csv
ml-latest-small,7134,"Element of Crime, The (Forbrydelsens Element) (1984)",Drama|Thriller,Drama,"{""release_year"": 1984, ""primary_genre"": ""Drama""}",ml-latest-small/movies.csv
ml-latest-small,7137,"Cooler, The (2003)",Comedy|Drama|Romance,Comedy,"{""release_year"": 2003, ""primary_genre"": ""Comedy""}",ml-latest-small/movies.csv
ml-latest-small,7139,In America (2002),Drama|Romance,Drama,"{""release_year"": 2002, ""primary_genre"": ""Drama""}",ml-latest-small/movies.csv
ml-latest-small,7141,My Flesh and Blood (2003),Documentary,Documentary,"{""release_year"": 2003, ""primary_genre"": ""Documentary""}",ml-latest-small/movies.csv
ml-latest-small,7142,Honey (2003),Drama|Romance,Drama,"{""release_year"": 2003, ""primary_genre"": ""Drama""}",ml-latest-small/movies.csv
ml-latest-small,7143,"Last Samurai, The (2003)",Action|Adventure|Drama|War,Action,"{""release_year"": 2003, ""primary_genre"": ""Action""}",ml-latest-small/movies.csv
ml-latest-small,7147,Big Fish (2003),Drama|Fantasy|Romance,Drama,"{""release_year"": 2003, ""primary_genre"": ""Drama""}",ml-latest-small/movies.csv
ml-latest-small,7149,Something's Gotta Give (2003),Comedy|Drama|Romance,Comedy,"{""release_year"": 2003, ""primary_genre"": ""Comedy""}",ml-latest-small/movies.csv
ml-latest-small,7150,Stuck on You (2003),Comedy,Comedy,"{""release_year"": 2003, ""primary_genre"": ""Comedy""}",ml-latest-small/movies.csv
ml-latest-small,7151,Girl with a Pearl Earring (2003),Drama|Romance,Drama,"{""release_year"": 2003, ""primary_genre"": ""Drama""}",ml-latest-small/movies.csv
ml-latest-small,7153,"Lord of the Rings: The Return of the King, The (2003)",Action|Adventure|Drama|Fantasy,Action,"{""release_year"": 2003, ""primary_genre"": ""Action""}",ml-latest-small/movies.csv
ml-latest-small,7154,Mona Lisa Smile (2003),Drama|Romance,Drama,"{""release_year"": 2003, ""primary_genre"": ""Drama""}",ml-latest-small/movies.csv
ml-latest-small,7155,Calendar Girls (2003),Comedy,Comedy,"{""release_year"": 2003, ""primary_genre"": ""Comedy""}",ml-latest-small/movies.csv
ml-latest-small,7156,"Fog of War: Eleven Lessons from the Life of Robert S. McNamara, The (2003)",Documentary|War,Documentary,"{""release_year"": 2003, ""primary_genre"": ""Documentary""}",ml-latest-small/movies.csv
ml-latest-small,7158,House of Sand and Fog (2003),Drama,Drama,"{""release_year"": 2003, ""primary_genre"": ""Drama""}",ml-latest-small/movies.csv
ml-latest-small,7160,Monster (2003),Crime|Drama,Crime,"{""release_year"": 2003, ""primary_genre"": ""Crime""}",ml-latest-small/movies.csv
ml-latest-small,7161,Cheaper by the Dozen (2003),Children|Comedy,Children,"{""release_year"": 2003, ""primary_genre"": ""Children""}",ml-latest-small/movies.csv
ml-latest-small,7162,Cold Mountain (2003),Drama|Romance|War,Drama,"{""release_year"": 2003, ""primary_genre"": ""Drama""}",ml-latest-small/movies.csv
ml-latest-small,7163,Paycheck (2003),Action|Sci-Fi|Thriller,Action,"{""release_year"": 2003, ""primary_genre"": ""Action""}",ml-latest-small/movies.csv
ml-latest-small,7164,Peter Pan (2003),Action|Adventure|Children|Fantasy,Action,"{""release_year"": 2003, ""primary_genre"": ""Action""}",ml-latest-small/movies.csv
ml-latest-small,7165,"Company, The (2003)",Drama|Musical,Drama,"{""release_year"": 2003, ""primary_genre"": ""Drama""}",ml-latest-small/movies.csv
ml-latest-small,7167,Japanese Story (2003),Drama,Drama,"{""release_year"": 2003, ""primary_genre"": ""Drama""}",ml-latest-small/movies.csv
ml-latest-small,7169,Chasing Liberty (2004),Comedy|Romance,Comedy,"{""release_year"": 2004, ""primary_genre"": ""Comedy""}",ml-latest-small/movies.csv
ml-latest-small,7171,Aileen: Life and Death of a Serial Killer (2003),Documentary,Documentary,"{""release_year"": 2003, ""primary_genre"": ""Documentary""}",ml-latest-small/movies.csv
ml-latest-small,7173,Along Came Polly (2004),Comedy|Romance,Comedy,"{""release_year"": 2004, ""primary_genre"": ""Comedy""}",ml-latest-small/movies.csv
ml-latest-small,7175,Torque (2004),Action|Crime,Action,"{""release_year"": 2004, ""primary_genre"": ""Action""}",ml-latest-small/movies.csv
ml-latest-small,7176,Crimson Gold (Talaye sorgh) (2003),Drama,Drama,"{""release_year"": 2003, ""primary_genre"": ""Drama""}",ml-latest-small/movies.csv
ml-latest-small,7177,Osama (2003),Drama,Drama,"{""release_year"": 2003, ""primary_genre"": ""Drama""}",ml-latest-small/movies.csv
ml-latest-small,7178,"Great Gatsby, The (1974)",Drama,Drama,"{""release_year"": 1974, ""primary_genre"": ""Drama""}",ml-latest-small/movies.csv
ml-latest-small,7179,Wuthering Heights (1992),Drama|Romance,Drama,"{""release_year"": 1992, ""primary_genre"": ""Drama""}",ml-latest-small/movies.csv
ml-latest-small,7181,Ship of Fools (1965),Drama,Drama,"{""release_year"": 1965, ""primary_genre"": ""Drama""}",ml-latest-small/movies.csv
ml-latest-small,7184,This Property is Condemned (1966),Drama|Romance,Drama,"{""release_year"": 1966, ""primary_genre"": ""Drama""}",ml-latest-small/movies.csv
ml-latest-small,7190,Jane Eyre (1970),Drama,Drama,"{""release_year"": 1970, ""primary_genre"": ""Drama""}",ml-latest-small/movies.csv
ml-latest-small,7191,Blame It on the Bellboy (1992),Comedy,Comedy,"{""release_year"": 1992, ""primary_genre"": ""Comedy""}",ml-latest-small/movies.csv
ml-latest-small,7192,Only the Strong (1993),Action,Action,"{""release_year"": 1993, ""primary_genre"": ""Action""}",ml-latest-small/movies.csv
ml-latest-small,7193,"Adventures of Ford Fairlane, The (1990)",Action|Comedy,Action,"{""release_year"": 1990, ""primary_genre"": ""Action""}",ml-latest-small/movies.csv
ml-latest-small,7202,Beyond Re-Animator (2003),Horror,Horror,"{""release_year"": 2003, ""primary_genre"": ""Horror""}",ml-latest-small/movies.csv
ml-latest-small,7205,"Wind and the Lion, The (1975)",Adventure,Adventure,"{""release_year"": 1975, ""primary_genre"": ""Adventure""}",ml-latest-small/movies.csv
ml-latest-small,7206,Mon Oncle (My Uncle) (1958),Comedy,Comedy,"{""release_year"": 1958, ""primary_genre"": ""Comedy""}",ml-latest-small/movies.csv
ml-latest-small,7208,Dr. Jekyll and Mr. Hyde (1941),Drama|Horror,Drama,"{""release_year"": 1941, ""primary_genre"": ""Drama""}",ml-latest-small/movies.csv
ml-latest-small,7209,"M. Hulot’s Holiday (Mr. Hulot's Holiday) (Vacances de Monsieur Hulot, Les) (1953)",Comedy,Comedy,"{""release_year"": 1953, ""primary_genre"": ""Comedy""}",ml-latest-small/movies.csv
ml-latest-small,7211,People Will Talk (1951),Comedy|Romance,Comedy,"{""release_year"": 1951, ""primary_genre"": ""Comedy""}",ml-latest-small/movies.csv
ml-latest-small,7212,I Was a Male War Bride (1949),Comedy|Romance,Comedy,"{""release_year"": 1949, ""primary_genre"": ""Comedy""}",ml-latest-small/movies.csv
ml-latest-small,7215,To Have and Have Not (1944),Adventure|Drama|Romance|Thriller|War,Adventure,"{""release_year"": 1944, ""primary_genre"": ""Adventure""}",ml-latest-small/movies.csv
ml-latest-small,7216,High Sierra (1941),Crime|Drama|Film-Noir|Thriller,Crime,"{""release_year"": 1941, ""primary_genre"": ""Crime""}",ml-latest-small/movies.csv
ml-latest-small,7217,Dark Passage (1947),Crime|Drama|Film-Noir|Romance|Thriller,Crime,"{""release_year"": 1947, ""primary_genre"": ""Crime""}",ml-latest-small/movies.csv
ml-latest-small,7218,"Ox-Bow Incident, The (1943)",Drama|Western,Drama,"{""release_year"": 1943, ""primary_genre"": ""Drama""}",ml-latest-small/movies.csv
ml-latest-small,7219,They Drive by Night (1940),Drama,Drama,"{""release_year"": 1940, ""primary_genre"": ""Drama""}",ml-latest-small/movies.csv
ml-latest-small,7222,Reefer Madness (a.k.a. Tell Your Children) (1938),Comedy|Drama,Comedy,"{""release_year"": 1938, ""primary_genre"": ""Comedy""}",ml-latest-small/movies.csv
ml-latest-small,7223,D.O.A. (1950),Drama|Film-Noir|Mystery,Drama,"{""release_year"": 1950, ""primary_genre"": ""Drama""}",ml-latest-small/movies.csv
ml-latest-small,7225,Pumping Iron (1977),Documentary,Documentary,"{""release_year"": 1977, ""primary_genre"": ""Documentary""}",ml-latest-small/movies.csv
ml-latest-small,7228,Cool World (1992),Animation|Comedy|Fantasy,Animation,"{""release_year"": 1992, ""primary_genre"": ""Animation""}",ml-latest-small/movies.csv
ml-latest-small,7234,"Strada, La (1954)",Drama,Drama,"{""release_year"": 1954, ""primary_genre"": ""Drama""}",ml-latest-small/movies.csv
ml-latest-small,7235,Ichi the Killer (Koroshiya 1) (2001),Action|Comedy|Crime|Drama|Horror|Thriller,Action,"{""release_year"": 2001, ""primary_genre"": ""Action""}",ml-latest-small/movies.csv
ml-latest-small,7236,"Boy and His Dog, A (1975)",Sci-Fi,Sci-Fi,"{""release_year"": 1975, ""primary_genre"": ""Sci-Fi""}",ml-latest-small/movies.csv
ml-latest-small,7238,Ashes and Diamonds (Popiól i diament) (1958),Drama|War,Drama,"{""release_year"": 1958, ""primary_genre"": ""Drama""}",ml-latest-small/movies.csv
ml-latest-small,7243,Intolerance: Love's Struggle Throughout the Ages (1916),Drama,Drama,"{""release_year"": 1916, ""primary_genre"": ""Drama""}",ml-latest-small/movies.csv
ml-latest-small,7245,Tormented (1960),Horror|Thriller,Horror,"{""release_year"": 1960, ""primary_genre"": ""Horror""}",ml-latest-small/movies.csv
ml-latest-small,7247,Chitty Chitty Bang Bang (1968),Adventure|Children|Comedy|Fantasy|Musical,Adventure,"{""release_year"": 1968, ""primary_genre"": ""Adventure""}",ml-latest-small/movies.csv
ml-latest-small,7248,"Suriyothai (a.k.a. Legend of Suriyothai, The) (2001)",Action|Adventure|Drama|War,Action,"{""release_year"": 2001, ""primary_genre"": ""Action""}",ml-latest-small/movies.csv
ml-latest-small,7251,Where the Day Takes You (1992),Drama,Drama,"{""release_year"": 1992, ""primary_genre"": ""Drama""}",ml-latest-small/movies.csv
ml-latest-small,7254,The Butterfly Effect (2004),Drama|Sci-Fi|Thriller,Drama,"{""release_year"": 2004, ""primary_genre"": ""Drama""}",ml-latest-small/movies.csv
ml-latest-small,7255,Win a Date with Tad Hamilton! (2004),Comedy|Romance,Comedy,"{""release_year"": 2004, ""primary_genre"": ""Comedy""}",ml-latest-small/movies.csv
ml-latest-small,7256,Touching the Void (2003),Adventure|Documentary,Adventure,"{""release_year"": 2003, ""primary_genre"": ""Adventure""}",ml-latest-small/movies.csv
ml-latest-small,7257,"Big Bounce, The (2004)",Comedy|Crime|Thriller,Comedy,"{""release_year"": 2004, ""primary_genre"": ""Comedy""}",ml-latest-small/movies.csv
ml-latest-small,7258,"Perfect Score, The (2004)",Comedy|Crime,Comedy,"{""release_year"": 2004, ""primary_genre"": ""Comedy""}",ml-latest-small/movies.csv
ml-latest-small,7259,You Got Served (2004),Drama|Musical,Drama,"{""release_year"": 2004, ""primary_genre"": ""Drama""}",ml-latest-small/movies.csv
ml-latest-small,7260,Latter Days (2003),Comedy|Drama|Romance,Comedy,"{""release_year"": 2003, ""primary_genre"": ""Comedy""}",ml-latest-small/movies.csv
ml-latest-small,7261,Barbershop 2: Back in Business (2004),Comedy,Comedy,"{""release_year"": 2004, ""primary_genre"": ""Comedy""}",ml-latest-small/movies.csv
ml-latest-small,7262,Catch That Kid (2004),Action|Adventure|Children|Comedy|Crime,Action,"{""release_year"": 2004, ""primary_genre"": ""Action""}",ml-latest-small/movies.csv
ml-latest-small,7263,Miracle (2004),Drama,Drama,"{""release_year"": 2004, ""primary_genre"": ""Drama""}",ml-latest-small/movies.csv
ml-latest-small,7264,An Amazing Couple (2002),Comedy|Romance,Comedy,"{""release_year"": 2002, ""primary_genre"": ""Comedy""}",ml-latest-small/movies.csv
ml-latest-small,7265,"Dreamers, The (2003)",Drama,Drama,"{""release_year"": 2003, ""primary_genre"": ""Drama""}",ml-latest-small/movies.csv
ml-latest-small,7266,"Lost Skeleton of Cadavra, The (2002)",Comedy|Horror|Sci-Fi,Comedy,"{""release_year"": 2002, ""primary_genre"": ""Comedy""}",ml-latest-small/movies.csv
ml-latest-small,7282,"Hip Hop Witch, Da (2000)",Comedy|Horror|Thriller,Comedy,"{""release_year"": 2000, ""primary_genre"": ""Comedy""}",ml-latest-small/movies.csv
ml-latest-small,7285,Thirteen (2003),Drama,Drama,"{""release_year"": 2003, ""primary_genre"": ""Drama""}",ml-latest-small/movies.csv
ml-latest-small,7292,Best Defense (1984),Comedy|War,Comedy,"{""release_year"": 1984, ""primary_genre"": ""Comedy""}",ml-latest-small/movies.csv
ml-latest-small,7293,50 First Dates (2004),Comedy|Romance,Comedy,"{""release_year"": 2004, ""primary_genre"": ""Comedy""}",ml-latest-small/movies.csv
ml-latest-small,7294,Welcome to Mooseport (2004),Comedy,Comedy,"{""release_year"": 2004, ""primary_genre"": ""Comedy""}",ml-latest-small/movies.csv
ml-latest-small,7297,Kitchen Stories (Salmer fra kjøkkenet) (2003),Comedy|Drama,Comedy,"{""release_year"": 2003, ""primary_genre"": ""Comedy""}",ml-latest-small/movies.csv
ml-latest-small,7299,Monsieur Ibrahim (Monsieur Ibrahim et les fleurs du Coran) (2003),Drama,Drama,"{""release_year"": 2003, ""primary_genre"": ""Drama""}",ml-latest-small/movies.csv
ml-latest-small,7301,Diary of a Country Priest (Journal d'un curé de campagne) (1951),Drama,Drama,"{""release_year"": 1951, ""primary_genre"": ""Drama""}",ml-latest-small/movies.csv
ml-latest-small,7302,"Thief of Bagdad, The (1924)",Action|Adventure|Fantasy,Action,"{""release_year"": 1924, ""primary_genre"": ""Action""}",ml-latest-small/movies.csv
ml-latest-small,7303,The Diary of Anne Frank (1959),Drama|War,Drama,"{""release_year"": 1959, ""primary_genre"": ""Drama""}",ml-latest-small/movies.csv
ml-latest-small,7304,Allegro non troppo (1977),Animation|Comedy|Fantasy|Musical,Animation,"{""release_year"": 1977, ""primary_genre"": ""Animation""}",ml-latest-small/movies.csv
ml-latest-small,7305,Black Widow (1987),Crime|Drama|Mystery|Thriller,Crime,"{""release_year"": 1987, ""primary_genre"": ""Crime""}",ml-latest-small/movies.csv
ml-latest-small,7306,"Herod's Law (Ley de Herodes, La) (2000)",Comedy|Crime|Mystery,Comedy,"{""release_year"": 2000, ""primary_genre"": ""Comedy""}",ml-latest-small/movies.csv
ml-latest-small,7307,Flesh & Blood (1985),Action|Adventure|Drama|War,Action,"{""release_year"": 1985, ""primary_genre"": ""Action""}",ml-latest-small/movies.csv
ml-latest-small,7308,King Solomon's Mines (1985),Adventure|Comedy,Adventure,"{""release_year"": 1985, ""primary_genre"": ""Adventure""}",ml-latest-small/movies.csv
ml-latest-small,7310,Raw Deal (1986),Action,Action,"{""release_year"": 1986, ""primary_genre"": ""Action""}",ml-latest-small/movies.csv
ml-latest-small,7311,"Goodbye, Mr. Chips (1939)",Drama|Romance,Drama,"{""release_year"": 1939, ""primary_genre"": ""Drama""}",ml-latest-small/movies.csv
ml-latest-small,7312,"Follow Me, Boys! (1966)",Comedy|Drama,Comedy,"{""release_year"": 1966, ""primary_genre"": ""Comedy""}",ml-latest-small/movies.csv
ml-latest-small,7315,Against the Ropes (2004),Comedy|Drama,Comedy,"{""release_year"": 2004, ""primary_genre"": ""Comedy""}",ml-latest-small/movies.csv
ml-latest-small,7316,Confessions of a Teenage Drama Queen (2004),Comedy,Comedy,"{""release_year"": 2004, ""primary_genre"": ""Comedy""}",ml-latest-small/movies.csv
ml-latest-small,7317,EuroTrip (2004),Adventure|Comedy,Adventure,"{""release_year"": 2004, ""primary_genre"": ""Adventure""}",ml-latest-small/movies.csv
ml-latest-small,7318,"Passion of the Christ, The (2004)",Drama,Drama,"{""release_year"": 2004, ""primary_genre"": ""Drama""}",ml-latest-small/movies.csv
ml-latest-small,7319,Club Dread (2004),Comedy|Horror,Comedy,"{""release_year"": 2004, ""primary_genre"": ""Comedy""}",ml-latest-small/movies.csv
ml-latest-small,7320,Dirty Dancing: Havana Nights (2004),Romance,Romance,"{""release_year"": 2004, ""primary_genre"": ""Romance""}",ml-latest-small/movies.csv
ml-latest-small,7321,Twisted (2004),Thriller,Thriller,"{""release_year"": 2004, ""primary_genre"": ""Thriller""}",ml-latest-small/movies.csv
ml-latest-small,7323,"Good bye, Lenin! (2003)",Comedy|Drama,Comedy,"{""release_year"": 2003, ""primary_genre"": ""Comedy""}",ml-latest-small/movies.csv
ml-latest-small,7324,Hidalgo (2004),Adventure|Drama,Adventure,"{""release_year"": 2004, ""primary_genre"": ""Adventure""}",ml-latest-small/movies.csv
ml-latest-small,7325,Starsky & Hutch (2004),Action|Comedy|Crime|Thriller,Action,"{""release_year"": 2004, ""primary_genre"": ""Action""}",ml-latest-small/movies.csv
ml-latest-small,7326,"Reckoning, The (2004)",Crime|Drama,Crime,"{""release_year"": 2004, ""primary_genre"": ""Crime""}",ml-latest-small/movies.csv
ml-latest-small,7327,Persona (1966),Drama,Drama,"{""release_year"": 1966, ""primary_genre"": ""Drama""}",ml-latest-small/movies.csv
ml-latest-small,7328,"Passion of Anna, The (Passion, En) (1969)",Drama,Drama,"{""release_year"": 1969, ""primary_genre"": ""Drama""}",ml-latest-small/movies.csv
ml-latest-small,7333,"Corbeau, Le (Raven, The) (1943)",Crime|Drama|Thriller,Crime,"{""release_year"": 1943, ""primary_genre"": ""Crime""}",ml-latest-small/movies.csv
ml-latest-small,7335,Pickup on South Street (1953),Film-Noir,Film-Noir,"{""release_year"": 1953, ""primary_genre"": ""Film-Noir""}",ml-latest-small/movies.csv
ml-latest-small,7336,"Damned, The (La Caduta degli dei) (1969)",Drama|War,Drama,"{""release_year"": 1969, ""primary_genre"": ""Drama""}",ml-latest-small/movies.csv
ml-latest-small,7340,Just One of the Guys (1985),Comedy,Comedy,"{""release_year"": 1985, ""primary_genre"": ""Comedy""}",ml-latest-small/movies.csv
ml-latest-small,7344,"Wrong Arm of the Law, The (1963)",Comedy|Crime,Comedy,"{""release_year"": 1963, ""primary_genre"": ""Comedy""}",ml-latest-small/movies.csv
ml-latest-small,7345,Agent Cody Banks 2: Destination London (2004),Action|Adventure|Children|Comedy,Action,"{""release_year"": 2004, ""primary_genre"": ""Action""}",ml-latest-small/movies.csv
ml-latest-small,7346,"Girl Next Door, The (2004)",Comedy|Romance,Comedy,"{""release_year"": 2004, ""primary_genre"": ""Comedy""}",ml-latest-small/movies.csv
ml-latest-small,7347,Secret Window (2004),Mystery|Thriller,Mystery,"{""release_year"": 2004, ""primary_genre"": ""Mystery""}",ml-latest-small/movies.csv
ml-latest-small,7348,Spartan (2004),Thriller,Thriller,"{""release_year"": 2004, ""primary_genre"": ""Thriller""}",ml-latest-small/movies.csv
ml-latest-small,7349,Broken Wings (Knafayim Shvurot) (2002),Drama,Drama,"{""release_year"": 2002, ""primary_genre"": ""Drama""}",ml-latest-small/movies.csv
ml-latest-small,7352,Wilbur Wants to Kill Himself (2002),Comedy|Drama|Romance,Comedy,"{""release_year"": 2002, ""primary_genre"": ""Comedy""}",ml-latest-small/movies.csv
ml-latest-small,7354,Mad Dog and Glory (1993),Comedy|Drama|Romance,Comedy,"{""release_year"": 1993, ""primary_genre"": ""Comedy""}",ml-latest-small/movies.csv
ml-latest-small,7357,Peyton Place (1957),Drama|Romance,Drama,"{""release_year"": 1957, ""primary_genre"": ""Drama""}",ml-latest-small/movies.csv
ml-latest-small,7360,Dawn of the Dead (2004),Action|Drama|Horror|Thriller,Action,"{""release_year"": 2004, ""primary_genre"": ""Action""}",ml-latest-small/movies.csv
ml-latest-small,7361,Eternal Sunshine of the Spotless Mind (2004),Drama|Romance|Sci-Fi,Drama,"{""release_year"": 2004, ""primary_genre"": ""Drama""}",ml-latest-small/movies.csv
ml-latest-small,7362,Taking Lives (2004),Crime|Drama|Thriller,Crime,"{""release_year"": 2004, ""primary_genre"": ""Crime""}",ml-latest-small/movies.csv
ml-latest-small,7364,Intermission (2003),Comedy|Crime|Drama,Comedy,"{""release_year"": 2003, ""primary_genre"": ""Comedy""}",ml-latest-small/movies.csv
ml-latest-small,7366,Jersey Girl (2004),Comedy|Drama|Romance,Comedy,"{""release_year"": 2004, ""primary_genre"": ""Comedy""}",ml-latest-small/movies.csv
ml-latest-small,7367,"Ladykillers, The (2004)",Comedy|Crime,Comedy,"{""release_year"": 2004, ""primary_genre"": ""Comedy""}",ml-latest-small/movies.csv
ml-latest-small,7368,Never Die Alone (2004),Crime|Drama|Thriller,Crime,"{""release_year"": 2004, ""primary_genre"": ""Crime""}",ml-latest-small/movies.csv
ml-latest-small,7369,Scooby-Doo 2: Monsters Unleashed (2004),Action|Adventure|Children|Comedy|Mystery,Action,"{""release_year"": 2004, ""primary_genre"": ""Action""}",ml-latest-small/movies.csv
ml-latest-small,7371,Dogville (2003),Drama|Mystery|Thriller,Drama,"{""release_year"": 2003, ""primary_genre"": ""Drama""}",ml-latest-small/movies.csv
ml-latest-small,7372,Ned Kelly (2003),Drama,Drama,"{""release_year"": 2003, ""primary_genre"": ""Drama""}",ml-latest-small/movies.csv
ml-latest-small,7373,Hellboy (2004),Action|Adventure|Fantasy|Horror,Action,"{""release_year"": 2004, ""primary_genre"": ""Action""}",ml-latest-small/movies.csv
ml-latest-small,7375,"Prince & Me, The (2004)",Comedy|Romance,Comedy,"{""release_year"": 2004, ""primary_genre"": ""Comedy""}",ml-latest-small/movies.csv
ml-latest-small,7376,Walking Tall (2004),Action,Action,"{""release_year"": 2004, ""primary_genre"": ""Action""}",ml-latest-small/movies.csv
ml-latest-small,7377,"United States of Leland, The (2003)",Crime|Drama,Crime,"{""release_year"": 2003, ""primary_genre"": ""Crime""}",ml-latest-small/movies.csv
ml-latest-small,7379,The Alamo (2004),Drama|War|Western,Drama,"{""release_year"": 2004, ""primary_genre"": ""Drama""}",ml-latest-small/movies.csv
ml-latest-small,7380,Ella Enchanted (2004),Comedy|Fantasy|Romance,Comedy,"{""release_year"": 2004, ""primary_genre"": ""Comedy""}",ml-latest-small/movies.csv
ml-latest-small,7381,"Whole Ten Yards, The (2004)",Action|Comedy|Crime,Action,"{""release_year"": 2004, ""primary_genre"": ""Action""}",ml-latest-small/movies.csv
ml-latest-small,7382,I'm Not Scared (Io non ho paura) (2003),Drama|Mystery|Thriller,Drama,"{""release_year"": 2003, ""primary_genre"": ""Drama""}",ml-latest-small/movies.csv
ml-latest-small,7386,"Ten Commandments, The (1956)",Adventure|Drama,Adventure,"{""release_year"": 1956, ""primary_genre"": ""Adventure""}",ml-latest-small/movies.csv
ml-latest-small,7387,Dawn of the Dead (1978),Action|Drama|Horror,Action,"{""release_year"": 1978, ""primary_genre"": ""Action""}",ml-latest-small/movies.csv
ml-latest-small,7390,Prey for Rock & Roll (2003),Drama|Musical,Drama,"{""release_year"": 2003, ""primary_genre"": ""Drama""}",ml-latest-small/movies.csv
ml-latest-small,7394,Those Magnificent Men in Their Flying Machines (1965),Action|Adventure|Comedy,Action,"{""release_year"": 1965, ""primary_genre"": ""Action""}",ml-latest-small/movies.csv
ml-latest-small,7395,Cheaper by the Dozen (1950),Comedy|Drama,Comedy,"{""release_year"": 1950, ""primary_genre"": ""Comedy""}",ml-latest-small/movies.csv
ml-latest-small,7396,Scenes From a Marriage (Scener ur ett äktenskap) (1973),Drama,Drama,"{""release_year"": 1973, ""primary_genre"": ""Drama""}",ml-latest-small/movies.csv
ml-latest-small,7411,Munchies (1987),Comedy|Horror,Comedy,"{""release_year"": 1987, ""primary_genre"": ""Comedy""}",ml-latest-small/movies.csv
ml-latest-small,7414,Going in Style (1979),Comedy|Drama,Comedy,"{""release_year"": 1979, ""primary_genre"": ""Comedy""}",ml-latest-small/movies.csv
ml-latest-small,7419,After Hours (1985),Comedy|Thriller,Comedy,"{""release_year"": 1985, ""primary_genre"": ""Comedy""}",ml-latest-small/movies.csv
ml-latest-small,7438,Kill Bill: Vol. 2 (2004),Action|Drama|Thriller,Action,"{""release_year"": 2004, ""primary_genre"": ""Action""}",ml-latest-small/movies.csv
ml-latest-small,7439,"Punisher, The (2004)",Action|Crime|Thriller,Action,"{""release_year"": 2004, ""primary_genre"": ""Action""}",ml-latest-small/movies.csv
ml-latest-small,7440,Paper Clips (2004),Documentary,Documentary,"{""release_year"": 2004, ""primary_genre"": ""Documentary""}",ml-latest-small/movies.csv
ml-latest-small,7443,This So-Called Disaster (2003),Documentary,Documentary,"{""release_year"": 2003, ""primary_genre"": ""Documentary""}",ml-latest-small/movies.csv
ml-latest-small,7444,13 Going on 30 (2004),Comedy|Fantasy|Romance,Comedy,"{""release_year"": 2004, ""primary_genre"": ""Comedy""}",ml-latest-small/movies.csv
ml-latest-small,7445,Man on Fire (2004),Action|Crime|Drama|Mystery|Thriller,Action,"{""release_year"": 2004, ""primary_genre"": ""Action""}",ml-latest-small/movies.csv
ml-latest-small,7448,Envy (2004),Comedy,Comedy,"{""release_year"": 2004, ""primary_genre"": ""Comedy""}",ml-latest-small/movies.csv
ml-latest-small,7449,Godsend (2004),Drama|Horror|Thriller,Drama,"{""release_year"": 2004, ""primary_genre"": ""Drama""}",ml-latest-small/movies.csv
ml-latest-small,7450,Laws of Attraction (2004),Comedy|Romance,Comedy,"{""release_year"": 2004, ""primary_genre"": ""Comedy""}",ml-latest-small/movies.csv
ml-latest-small,7451,Mean Girls (2004),Comedy,Comedy,"{""release_year"": 2004, ""primary_genre"": ""Comedy""}",ml-latest-small/movies.csv
ml-latest-small,7454,Van Helsing (2004),Action|Adventure|Fantasy|Horror,Action,"{""release_year"": 2004, ""primary_genre"": ""Action""}",ml-latest-small/movies.csv
ml-latest-small,7455,"Mudge Boy, The (2003)",Drama,Drama,"{""release_year"": 2003, ""primary_genre"": ""Drama""}",ml-latest-small/movies.csv
ml-latest-small,7457,Breakin' All the Rules (2004),Comedy|Romance,Comedy,"{""release_year"": 2004, ""primary_genre"": ""Comedy""}",ml-latest-small/movies.csv
ml-latest-small,7458,Troy (2004),Action|Adventure|Drama|War,Action,"{""release_year"": 2004, ""primary_genre"": ""Action""}",ml-latest-small/movies.csv
ml-latest-small,7459,Carandiru (2003),Crime|Drama,Crime,"{""release_year"": 2003, ""primary_genre"": ""Crime""}",ml-latest-small/movies.csv
ml-latest-small,7460,Coffee and Cigarettes (2003),Comedy|Drama,Comedy,"{""release_year"": 2003, ""primary_genre"": ""Comedy""}",ml-latest-small/movies.csv
ml-latest-small,7477,Eye See You (D-Tox) (2002),Horror|Thriller,Horror,"{""release_year"": 2002, ""primary_genre"": ""Horror""}",ml-latest-small/movies.csv
ml-latest-small,7479,Watch on the Rhine (1943),Drama,Drama,"{""release_year"": 1943, ""primary_genre"": ""Drama""}",ml-latest-small/movies.csv
ml-latest-small,7481,Enemy Mine (1985),Adventure|Drama|Sci-Fi,Adventure,"{""release_year"": 1985, ""primary_genre"": ""Adventure""}",ml-latest-small/movies.csv
ml-latest-small,7482,Enter the Dragon (1973),Action|Crime,Action,"{""release_year"": 1973, ""primary_genre"": ""Action""}",ml-latest-small/movies.csv
ml-latest-small,7486,Happy Together (a.k.a. Buenos Aires Affair) (Chun gwong cha sit) (1997),Drama|Romance,Drama,"{""release_year"": 1997, ""primary_genre"": ""Drama""}",ml-latest-small/movies.csv
ml-latest-small,7487,Henry & June (1990),Drama,Drama,"{""release_year"": 1990, ""primary_genre"": ""Drama""}",ml-latest-small/movies.csv
ml-latest-small,7492,Martin (1977),Drama|Horror,Drama,"{""release_year"": 1977, ""primary_genre"": ""Drama""}",ml-latest-small/movies.csv
ml-latest-small,7493,"Three Faces of Eve, The (1957)",Drama,Drama,"{""release_year"": 1957, ""primary_genre"": ""Drama""}",ml-latest-small/movies.csv
ml-latest-small,7541,100 Girls (2000),Comedy|Romance,Comedy,"{""release_year"": 2000, ""primary_genre"": ""Comedy""}",ml-latest-small/movies.csv
ml-latest-small,7560,Fail-Safe (1964),Drama|Thriller|War,Drama,"{""release_year"": 1964, ""primary_genre"": ""Drama""}",ml-latest-small/movies.csv
ml-latest-small,7561,Paperhouse (1988),Fantasy|Horror|Thriller,Fantasy,"{""release_year"": 1988, ""primary_genre"": ""Fantasy""}",ml-latest-small/movies.csv
ml-latest-small,7562,Dobermann (1997),Action|Crime,Action,"{""release_year"": 1997, ""primary_genre"": ""Action""}",ml-latest-small/movies.csv
ml-latest-small,7564,Kwaidan (Kaidan) (1964),Horror,Horror,"{""release_year"": 1964, ""primary_genre"": ""Horror""}",ml-latest-small/movies.csv
ml-latest-small,7566,28 Up (1985),Documentary,Documentary,"{""release_year"": 1985, ""primary_genre"": ""Documentary""}",ml-latest-small/movies.csv
ml-latest-small,7569,You Only Live Twice (1967),Action|Adventure|Sci-Fi|Thriller,Action,"{""release_year"": 1967, ""primary_genre"": ""Action""}",ml-latest-small/movies.csv
ml-latest-small,7570,Octopussy (1983),Action|Adventure|Thriller,Action,"{""release_year"": 1983, ""primary_genre"": ""Action""}",ml-latest-small/movies.csv
ml-latest-small,7572,Wit (2001),Drama,Drama,"{""release_year"": 2001, ""primary_genre"": ""Drama""}",ml-latest-small/movies.csv
ml-latest-small,7573,Never Say Never Again (1983),Action|Adventure|Thriller,Action,"{""release_year"": 1983, ""primary_genre"": ""Action""}",ml-latest-small/movies.csv
ml-latest-small,7579,Pride and Prejudice (1940),Comedy|Drama|Romance,Comedy,"{""release_year"": 1940, ""primary_genre"": ""Comedy""}",ml-latest-small/movies.csv
ml-latest-small,7581,"Fountainhead, The (1949)",Drama,Drama,"{""release_year"": 1949, ""primary_genre"": ""Drama""}",ml-latest-small/movies.csv
ml-latest-small,7584,Woman of the Year (1942),Comedy|Romance,Comedy,"{""release_year"": 1942, ""primary_genre"": ""Comedy""}",ml-latest-small/movies.csv
ml-latest-small,7587,"Samouraï, Le (Godson, The) (1967)",Crime|Drama|Thriller,Crime,"{""release_year"": 1967, ""primary_genre"": ""Crime""}",ml-latest-small/movies.csv
ml-latest-small,7614,Oklahoma! (1955),Musical|Romance|Western,Musical,"{""release_year"": 1955, ""primary_genre"": ""Musical""}",ml-latest-small/movies.csv
ml-latest-small,7615,Desert Hearts (1985),Drama,Drama,"{""release_year"": 1985, ""primary_genre"": ""Drama""}",ml-latest-small/movies.csv
ml-latest-small,7616,Body Double (1984),Mystery|Thriller,Mystery,"{""release_year"": 1984, ""primary_genre"": ""Mystery""}",ml-latest-small/movies.csv
ml-latest-small,7618,Chaplin (1992),Drama,Drama,"{""release_year"": 1992, ""primary_genre"": ""Drama""}",ml-latest-small/movies.csv
ml-latest-small,7619,"Miracle Worker, The (1962)",Drama,Drama,"{""release_year"": 1962, ""primary_genre"": ""Drama""}",ml-latest-small/movies.csv
ml-latest-small,7620,Monster in a Box (1992),Comedy|Drama,Comedy,"{""release_year"": 1992, ""primary_genre"": ""Comedy""}",ml-latest-small/movies.csv
ml-latest-small,7624,School Ties (1992),Drama,Drama,"{""release_year"": 1992, ""primary_genre"": ""Drama""}",ml-latest-small/movies.csv
ml-latest-small,7636,Raising Cain (1992),Horror|Thriller,Horror,"{""release_year"": 1992, ""primary_genre"": ""Horror""}",ml-latest-small/movies.csv
ml-latest-small,7646,Rose Red (2002),Horror|Mystery|Thriller,Horror,"{""release_year"": 2002, ""primary_genre"": ""Horror""}",ml-latest-small/movies.csv
ml-latest-small,7647,Noises Off... (1992),Comedy,Comedy,"{""release_year"": 1992, ""primary_genre"": ""Comedy""}",ml-latest-small/movies.csv
ml-latest-small,7649,Babylon 5: In the Beginning (1998),Adventure|Sci-Fi,Adventure,"{""release_year"": 1998, ""primary_genre"": ""Adventure""}",ml-latest-small/movies.csv
ml-latest-small,7650,"Witchfinder General (Conquerer Worm, The) (1968)",Horror,Horror,"{""release_year"": 1968, ""primary_genre"": ""Horror""}",ml-latest-small/movies.csv
ml-latest-small,7657,Versus (2000),Action|Comedy|Fantasy|Horror,Action,"{""release_year"": 2000, ""primary_genre"": ""Action""}",ml-latest-small/movies.csv
ml-latest-small,7669,Pride and Prejudice (1995),Drama|Romance,Drama,"{""release_year"": 1995, ""primary_genre"": ""Drama""}",ml-latest-small/movies.csv
ml-latest-small,7698,"China Syndrome, The (1979)",Drama|Thriller,Drama,"{""release_year"": 1979, ""primary_genre"": ""Drama""}",ml-latest-small/movies.csv
ml-latest-small,7700,"Wages of Fear, The (Salaire de la peur, Le) (1953)",Action|Adventure|Drama|Thriller,Action,"{""release_year"": 1953, ""primary_genre"": ""Action""}",ml-latest-small/movies.csv
ml-latest-small,7701,Look Who's Talking Too (1990),Comedy|Romance,Comedy,"{""release_year"": 1990, ""primary_genre"": ""Comedy""}",ml-latest-small/movies.csv
ml-latest-small,7702,"Bells of St. Mary's, The (1945)",Drama,Drama,"{""release_year"": 1945, ""primary_genre"": ""Drama""}",ml-latest-small/movies.csv
ml-latest-small,7704,"Delta Force, The (1986)",Action,Action,"{""release_year"": 1986, ""primary_genre"": ""Action""}",ml-latest-small/movies.csv
ml-latest-small,7705,Pat and Mike (1952),Comedy|Romance,Comedy,"{""release_year"": 1952, ""primary_genre"": ""Comedy""}",ml-latest-small/movies.csv
ml-latest-small,7706,Animal Crackers (1930),Comedy|Musical,Comedy,"{""release_year"": 1930, ""primary_genre"": ""Comedy""}",ml-latest-small/movies.csv
ml-latest-small,7707,"He Said, She Said (1991)",Comedy|Drama|Romance,Comedy,"{""release_year"": 1991, ""primary_genre"": ""Comedy""}",ml-latest-small/movies.csv
ml-latest-small,7708,Bedazzled (1967),Comedy|Fantasy,Comedy,"{""release_year"": 1967, ""primary_genre"": ""Comedy""}",ml-latest-small/movies.csv
ml-latest-small,7713,Cat People (1942),Drama|Horror|Romance|Thriller,Drama,"{""release_year"": 1942, ""primary_genre"": ""Drama""}",ml-latest-small/movies.csv
ml-latest-small,7714,Camelot (1967),Drama|Musical|Romance,Drama,"{""release_year"": 1967, ""primary_genre"": ""Drama""}",ml-latest-small/movies.csv
ml-latest-small,7716,"Lonely Guy, The (1984)",Comedy,Comedy,"{""release_year"": 1984, ""primary_genre"": ""Comedy""}",ml-latest-small/movies.csv
ml-latest-small,7720,"Four Musketeers, The (1974)",Action|Adventure|Comedy|Romance,Action,"{""release_year"": 1974, ""primary_genre"": ""Action""}",ml-latest-small/movies.csv
